# a_over_R=0.3 on axis, lab frame, R=3.333333
x,z,ux_B1,uz_B1,ux_B2,uz_B2
-3.233333333,-7.333333333,-1.50798515e-06,1.529550006e-06,-1.320833584e-06,3.055467879e-06
-3.233333333,-7.071428571,-1.225790484e-06,8.47412514e-07,-1.24825565e-06,3.32348754e-06
-3.233333333,-6.80952381,-5.405584787e-07,-9.634941848e-08,-8.127791527e-07,4.502969379e-06
-3.233333333,-6.547619048,6.422451443e-07,-7.166482095e-07,-4.784857252e-06,4.760910673e-06
-3.233333333,-6.285714286,-6.076322972e-07,8.990488008e-07,-2.350089008e-06,1.156494377e-06
-3.233333333,-6.023809524,-1.492110914e-06,3.888841804e-06,5.882797452e-06,-4.430451508e-06
-3.233333333,-5.761904762,-1.630386804e-06,7.628994782e-06,6.636799949e-06,-1.026976e-05
-3.233333333,-5.5,-4.92773732e-06,1.117844387e-05,-3.732614768e-06,-3.000294112e-05
-3.233333333,-5.238095238,-4.237098057e-06,1.499973887e-05,8.676272361e-06,-7.135822965e-05
-3.233333333,-4.976190476,5.742801807e-07,2.15738496e-05,2.151578056e-05,-0.0001290090281
-3.233333333,-4.714285714,1.585808437e-06,3.065275899e-05,1.535257653e-05,-0.0001934921568
-3.233333333,-4.452380952,-1.063426384e-05,3.20350513e-05,2.786041664e-05,-0.0002961342083
-3.233333333,-4.19047619,-5.418560242e-07,2.984457073e-05,4.819029796e-05,-0.0004578541091
-3.233333333,-3.928571429,9.282472387e-06,3.321842519e-05,3.393316889e-05,-0.0006776258303
-3.233333333,-3.666666667,-9.021603822e-06,1.924697063e-05,9.097201374e-05,-0.0009633416334
-3.233333333,-3.404761905,1.429434308e-05,-1.635336944e-05,9.137513853e-05,-0.001349047413
-3.233333333,-3.142857143,9.51574784e-06,-5.672673635e-05,8.171214108e-05,-0.001900559371
-3.233333333,-2.880952381,2.454116151e-05,-0.000161696276,0.0001582270062,-0.002488559288
-3.233333333,-2.619047619,2.224727556e-05,-0.0002952119023,0.0001565848125,-0.003343635294
-3.233333333,-2.357142857,5.769557298e-05,-0.0005341427818,0.0002169562479,-0.004134190112
-3.233333333,-2.095238095,5.456505055e-05,-0.0008430858445,0.0001951781184,-0.005264186896
-3.233333333,-1.833333333,0.0001096723118,-0.001291015508,0.0002067963259,-0.005990508115
-3.233333333,-1.571428571,0.0001011926764,-0.001858506535,0.0001446793537,-0.007026845745
-3.233333333,-1.30952381,0.0001612557505,-0.002517862954,4.642966358e-05,-0.007110324068
-3.233333333,-1.047619048,0.0001345120044,-0.003312263303,-6.598610216e-05,-0.007319091113
-3.233333333,-0.7857142857,0.0001621153316,-0.003989742877,-0.0002704609966,-0.006133071749
-3.233333333,-0.5238095238,0.0001042868212,-0.004740728024,-0.000371424488,-0.004863766293
-3.233333333,-0.2619047619,7.086544815e-05,-0.005057021868,-0.0005561563036,-0.002472225583
-3.233333333,0,-1.69120905e-10,-0.005356803951,-0.0005258152718,3.277885821e-10
-3.233333333,0.2619047619,-7.086578514e-05,-0.005057021878,-0.0005561563032,0.002472226229
-3.233333333,0.5238095238,-0.0001042871596,-0.004740728043,-0.0003714244887,0.004863766949
-3.233333333,0.7857142857,-0.0001621156688,-0.003989742904,-0.0002704609949,0.006133072396
-3.233333333,1.047619048,-0.0001345123431,-0.003312263339,-6.598610333e-05,0.007319091769
-3.233333333,1.30952381,-0.0001612560879,-0.002517862997,4.642966707e-05,0.007110324714
-3.233333333,1.571428571,-0.0001011930154,-0.001858506585,0.0001446793522,0.007026846398
-3.233333333,1.833333333,-0.000109672649,-0.001291015564,0.0002067963317,0.005990508757
-3.233333333,2.095238095,-5.45653896e-05,-0.0008430859081,0.0001951781163,0.005264187543
-3.233333333,2.357142857,-5.769590957e-05,-0.0005341428509,0.0002169562568,0.004134190748
-3.233333333,2.619047619,-2.224761452e-05,-0.0002952119809,0.0001565848099,0.003343635932
-3.233333333,2.880952381,-2.454149707e-05,-0.0001616963614,0.000158227018,0.002488559919
-3.233333333,3.142857143,-9.516085148e-06,-5.672683419e-05,8.171213166e-05,0.001900560004
-3.233333333,3.404761905,-1.42946758e-05,-1.635346996e-05,9.137517008e-05,0.001349048032
-3.233333333,3.666666667,9.021249343e-06,1.924687474e-05,9.097202785e-05,0.0009633422442
-3.233333333,3.928571429,-9.282820007e-06,3.321835118e-05,3.393325751e-05,0.0006776263694
-3.233333333,4.19047619,5.414881007e-07,2.984447464e-05,4.819045964e-05,0.000457854643
-3.233333333,4.452380952,1.063381441e-05,3.20348332e-05,2.786044503e-05,0.0002961348087
-3.233333333,4.714285714,-1.586350613e-06,3.065233371e-05,1.535250684e-05,0.0001934927505
-3.233333333,4.976190476,-5.748626651e-07,2.15731463e-05,2.15159529e-05,0.0001290091967
-3.233333333,5.238095238,4.236530137e-06,1.499867298e-05,8.677019023e-06,7.135680224e-05
-3.233333333,5.5,4.927480349e-06,1.117655005e-05,-3.729242069e-06,2.999538557e-05
-3.233333333,5.761904762,1.630988072e-06,7.625727819e-06,6.649180283e-06,1.024762998e-05
-3.233333333,6.023809524,1.485778587e-06,3.879595915e-06,5.862379759e-06,4.376692768e-06
-3.233333333,6.285714286,5.92178047e-07,8.776061253e-07,-2.418605694e-06,-1.262964292e-06
-3.233333333,6.547619048,-6.681129781e-07,-7.530880153e-07,-4.937080015e-06,-4.928049327e-06
-3.233333333,6.80952381,5.210295048e-07,-1.434444724e-07,-9.527891071e-07,-4.698001394e-06
-3.233333333,7.071428571,1.215572726e-06,8.056363394e-07,-1.319717645e-06,-3.504392771e-06
-3.233333333,7.333333333,1.500906185e-06,1.494098738e-06,-1.367849075e-06,-3.21512447e-06
-2.963888889,-7.333333333,-1.003958577e-06,7.472084248e-07,-1.327739234e-06,1.77165783e-06
-2.963888889,-7.071428571,-5.184818472e-07,9.787915004e-08,-1.681400004e-06,1.644131489e-06
-2.963888889,-6.80952381,5.289267241e-08,-5.028178688e-07,-1.859714471e-06,2.463251361e-06
-2.963888889,-6.547619048,-1.370763116e-06,4.59915652e-07,-9.180280869e-07,1.372332009e-06
-2.963888889,-6.285714286,-5.200352997e-06,4.637304193e-06,9.401300923e-06,-1.035379683e-05
-2.963888889,-6.023809524,-8.1619343e-06,1.180735618e-05,2.76706205e-05,-3.754021838e-05
-2.963888889,-5.761904762,-1.024260373e-05,2.149022708e-05,4.637721599e-05,-8.692423923e-05
-2.963888889,-5.5,-1.259462592e-05,3.244544958e-05,7.139814493e-05,-0.0001708459028
-2.963888889,-5.238095238,-1.31911632e-05,4.317518846e-05,0.000113143363,-0.0002949552851
-2.963888889,-4.976190476,-1.087429886e-05,5.446811999e-05,0.0001657371823,-0.0004702193235
-2.963888889,-4.714285714,-8.770816196e-06,6.4648207e-05,0.000229765989,-0.0007255412855
-2.963888889,-4.452380952,-5.864305523e-06,6.556136764e-05,0.0003310675182,-0.001093051936
-2.963888889,-4.19047619,8.005118061e-06,5.262470356e-05,0.0004666986638,-0.001594126913
-2.963888889,-3.928571429,3.014385016e-05,2.114135223e-05,0.000625166196,-0.002289301523
-2.963888889,-3.666666667,6.173163214e-05,-5.188203972e-05,0.0008494449614,-0.003231962802
-2.963888889,-3.404761905,0.0001203069008,-0.0001858275746,0.001108921944,-0.004453740881
-2.963888889,-3.142857143,0.0002020827053,-0.0004090276233,0.001399547906,-0.006046520096
-2.963888889,-2.880952381,0.0003226701098,-0.0007715896487,0.001729428077,-0.008008290031
-2.963888889,-2.619047619,0.0004882820312,-0.001323388961,0.002035153247,-0.01036386019
-2.963888889,-2.357142857,0.0007113805415,-0.002131181044,0.002257022225,-0.01300640203
-2.963888889,-2.095238095,0.0009799813415,-0.003258582181,0.00229556303,-0.01583274295
-2.963888889,-1.833333333,0.001288924173,-0.004760668906,0.002046835761,-0.01847475709
-2.963888889,-1.571428571,0.001586588799,-0.006658920672,0.001404459388,-0.02061480553
-2.963888889,-1.30952381,0.001826945912,-0.008901994651,0.0003091246083,-0.02161313348
-2.963888889,-1.047619048,0.001915153521,-0.01136908048,-0.001188205071,-0.02108129254
-2.963888889,-0.7857142857,0.001791347719,-0.0138008656,-0.002919260688,-0.01847891215
-2.963888889,-0.5238095238,0.001399695832,-0.01591468409,-0.004559529551,-0.01385533101
-2.963888889,-0.2619047619,0.0007732452133,-0.01733618276,-0.005754453828,-0.00741963553
-2.963888889,0,-1.730245731e-10,-0.0178607355,-0.006188028997,1.284833492e-09
-2.963888889,0.2619047619,-0.0007732455596,-0.01733618278,-0.005754453829,0.0074196381
-2.963888889,0.5238095238,-0.00139969618,-0.01591468415,-0.004559529554,0.01385533359
-2.963888889,0.7857142857,-0.001791348068,-0.01380086568,-0.002919260691,0.01847891473
-2.963888889,1.047619048,-0.001915153872,-0.01136908058,-0.001188205074,0.02108129512
-2.963888889,1.30952381,-0.001826946264,-0.008901994782,0.000309124607,0.02161313607
-2.963888889,1.571428571,-0.001586589153,-0.006658920823,0.001404459387,0.02061480812
-2.963888889,1.833333333,-0.001288924527,-0.004760669078,0.00204683576,0.01847475968
-2.963888889,2.095238095,-0.0009799816949,-0.003258582373,0.002295563028,0.01583274555
-2.963888889,2.357142857,-0.0007113808936,-0.002131181257,0.002257022223,0.01300640463
-2.963888889,2.619047619,-0.0004882823821,-0.001323389197,0.00203515324,0.01036386281
-2.963888889,2.880952381,-0.0003226704581,-0.0007715899096,0.001729428068,0.008008292656
-2.963888889,3.142857143,-0.0002020830515,-0.0004090279128,0.001399547893,0.006046522735
-2.963888889,3.404761905,-0.000120307246,-0.0001858278963,0.001108921942,0.004453743537
-2.963888889,3.666666667,-6.173198251e-05,-5.188240665e-05,0.0008494449656,0.003231965481
-2.963888889,3.928571429,-3.014419135e-05,2.114091312e-05,0.0006251662434,0.002289304207
-2.963888889,4.19047619,-8.005436789e-06,5.262415739e-05,0.0004666987657,0.001594129635
-2.963888889,4.452380952,5.864007188e-06,6.556064858e-05,0.0003310676175,0.001093054608
-2.963888889,4.714285714,8.770545878e-06,6.464720008e-05,0.0002297663351,0.0007255435604
-2.963888889,4.976190476,1.087414717e-05,5.446659983e-05,0.0001657384525,0.0004702205974
-2.963888889,5.238095238,1.319147608e-05,4.317273221e-05,0.0001131472567,0.0002949539667
-2.963888889,5.5,1.259646132e-05,3.244145764e-05,7.141033364e-05,0.0001708396411
-2.963888889,5.761904762,1.024675016e-05,2.148523081e-05,4.640238235e-05,8.691861319e-05
-2.963888889,6.023809524,8.164943332e-06,1.180105844e-05,2.768721213e-05,3.754128407e-05
-2.963888889,6.285714286,5.198710688e-06,4.625570861e-06,9.381179755e-06,1.034421529e-05
-2.963888889,6.547619048,1.359214076e-06,4.376581768e-07,-1.011770612e-06,-1.4434387e-06
-2.963888889,6.80952381,-7.749932223e-08,-5.417298225e-07,-2.004833089e-06,-2.592785218e-06
-2.963888889,7.071428571,4.976704148e-07,5.706027988e-08,-1.791271066e-06,-1.815734224e-06
-2.963888889,7.333333333,9.89284202e-07,7.116787637e-07,-1.404771845e-06,-1.930868769e-06
-2.694444444,-7.333333333,-6.255616464e-07,5.355008838e-07,-7.532511624e-07,7.386714275e-07
-2.694444444,-7.071428571,-5.399978242e-08,2.686033687e-07,-9.296071406e-07,-5.70566354e-07
-2.694444444,-6.80952381,1.320769525e-07,6.015799612e-08,-1.484089455e-06,-2.750726956e-06
-2.694444444,-6.547619048,-4.663623418e-06,9.493910592e-07,6.869352159e-06,-5.233392056e-06
-2.694444444,-6.285714286,-1.311931152e-05,6.462681042e-06,4.022383839e-05,-2.807871281e-05
-2.694444444,-6.023809524,-1.933641929e-05,1.541696052e-05,8.646534989e-05,-7.919043354e-05
-2.694444444,-5.761904762,-2.36277207e-05,2.64219564e-05,0.0001438069292,-0.0001636446508
-2.694444444,-5.5,-2.627780328e-05,3.81150629e-05,0.0002201541789,-0.0002923360562
-2.694444444,-5.238095238,-2.624438906e-05,4.894098385e-05,0.0003260429065,-0.000478872235
-2.694444444,-4.976190476,-2.202358573e-05,5.717757201e-05,0.0004704553361,-0.0007447896441
-2.694444444,-4.714285714,-1.199298872e-05,5.883615972e-05,0.0006678739634,-0.001123377244
-2.694444444,-4.452380952,8.478501886e-06,4.625848265e-05,0.0009397386749,-0.001653547855
-2.694444444,-4.19047619,4.766932437e-05,9.599184017e-06,0.001300919147,-0.002381529651
-2.694444444,-3.928571429,0.0001142878918,-6.609753753e-05,0.001765661193,-0.003372501291
-2.694444444,-3.666666667,0.0002215774429,-0.0002061079625,0.002353777266,-0.004696062272
-2.694444444,-3.404761905,0.0003891742075,-0.0004446297993,0.003061989217,-0.006422630796
-2.694444444,-3.142857143,0.0006384522633,-0.000829934533,0.003871022658,-0.008628770235
-2.694444444,-2.880952381,0.0009960160934,-0.00142876197,0.004732138491,-0.01135872128
-2.694444444,-2.619047619,0.001488004191,-0.002324857972,0.00553575903,-0.01461186641
-2.694444444,-2.357142857,0.00213173707,-0.003618173373,0.006104304564,-0.01830314217
-2.694444444,-2.095238095,0.002921123764,-0.005416622748,0.006192480994,-0.02222762308
-2.694444444,-1.833333333,0.00381070625,-0.007816189566,0.005505445698,-0.02600065144
-2.694444444,-1.571428571,0.004693630136,-0.01086724063,0.003762465674,-0.02905745127
-2.694444444,-1.30952381,0.005394208004,-0.01452385896,0.0008038669776,-0.03065621207
-2.694444444,-1.047619048,0.005679962576,-0.01859222383,-0.003265275551,-0.0300210168
-2.694444444,-0.7857142857,0.005320440543,-0.02269125637,-0.007968418634,-0.02651559333
-2.694444444,-0.5238095238,0.004178608425,-0.02628010371,-0.01246257274,-0.01994528859
-2.694444444,-0.2619047619,0.002310470166,-0.02875650538,-0.01573100772,-0.0107378023
-2.694444444,0,-1.691869432e-10,-0.02964440474,-0.0169309172,2.153749949e-09
-2.694444444,0.2619047619,-0.002310470505,-0.02875650543,-0.01573100772,0.01073780661
-2.694444444,0.5238095238,-0.004178608768,-0.0262801038,-0.01246257274,0.01994529291
-2.694444444,0.7857142857,-0.005320440891,-0.0226912565,-0.007968418643,0.02651559765
-2.694444444,1.047619048,-0.005679962929,-0.018592224,-0.00326527556,0.03002102112
-2.694444444,1.30952381,-0.00539420836,-0.01452385918,0.0008038669698,0.0306562164
-2.694444444,1.571428571,-0.004693630495,-0.01086724087,0.003762465667,0.02905745561
-2.694444444,1.833333333,-0.003810706609,-0.007816189845,0.00550544569,0.02600065579
-2.694444444,2.095238095,-0.002921124122,-0.005416623061,0.006192480983,0.02222762743
-2.694444444,2.357142857,-0.002131737425,-0.003618173721,0.006104304549,0.01830314653
-2.694444444,2.619047619,-0.001488004542,-0.002324858358,0.005535759006,0.01461187079
-2.694444444,2.880952381,-0.0009960164377,-0.001428762399,0.004732138458,0.01135872568
-2.694444444,3.142857143,-0.0006384525983,-0.0008299350108,0.003871022618,0.008628774652
-2.694444444,3.404761905,-0.0003891745296,-0.0004446303375,0.003061989176,0.006422635241
-2.694444444,3.666666667,-0.0002215777436,-0.0002061085807,0.002353777236,0.004696066749
-2.694444444,3.928571429,-0.0001142881507,-6.609826548e-05,0.001765661203,0.003372505799
-2.694444444,4.19047619,-4.766951044e-05,9.598306578e-06,0.001300919247,0.002381534172
-2.694444444,4.452380952,-8.478572436e-06,4.62573939e-05,0.0009397389968,0.001653552293
-2.694444444,4.714285714,1.199311648e-05,5.883475338e-05,0.0006678749257,0.001123381408
-2.694444444,4.976190476,2.202412011e-05,5.717568403e-05,0.0004704578977,0.0007447933415
-2.694444444,5.238095238,2.624579802e-05,4.893847144e-05,0.0003260490252,0.00047887568
-2.694444444,5.5,2.628078553e-05,3.811216244e-05,0.000220166584,0.0002923418933
-2.694444444,5.761904762,2.363226411e-05,2.641977037e-05,0.0001438235583,0.0001636609615
-2.694444444,6.023809524,1.934060768e-05,1.541664202e-05,8.647166069e-05,7.922528632e-05
-2.694444444,6.285714286,1.312070606e-05,6.464054651e-06,4.020340428e-05,2.812624026e-05
-2.694444444,6.547619048,4.660716765e-06,9.468292305e-07,6.834117207e-06,5.247253426e-06
-2.694444444,6.80952381,-1.527132411e-07,4.52139122e-08,-1.579785694e-06,2.71649028e-06
-2.694444444,7.071428571,3.029202593e-08,2.460564709e-07,-1.044381852e-06,4.747725746e-07
-2.694444444,7.333333333,6.067343792e-07,5.097105611e-07,-8.459144664e-07,-8.564876205e-07
-2.425,-7.333333333,-5.767466839e-07,5.652886913e-07,2.549795867e-08,9.756258038e-07
-2.425,-7.071428571,-7.851838148e-08,7.197448697e-07,8.643638717e-07,2.737391779e-07
-2.425,-6.80952381,7.814513409e-08,1.270646674e-06,-5.811088227e-08,-7.165468285e-07
-2.425,-6.547619048,-8.295082236e-06,1.886828148e-06,2.326345267e-05,-3.467700388e-06
-2.425,-6.285714286,-2.262108906e-05,6.288572658e-06,9.329441632e-05,-3.949433641e-05
-2.425,-6.023809524,-3.183711285e-05,1.383517891e-05,0.0001780410755,-0.000105286329
-2.425,-5.761904762,-3.756123772e-05,2.240466553e-05,0.000284612155,-0.0002057099205
-2.425,-5.5,-3.974745246e-05,3.048730798e-05,0.0004264393335,-0.0003515513907
-2.425,-5.238095238,-3.68886453e-05,3.616495835e-05,0.0006209930805,-0.0005589123392
-2.425,-4.976190476,-2.591443262e-05,3.650974793e-05,0.0008890600294,-0.0008512150847
-2.425,-4.714285714,-1.64080183e-06,2.644107833e-05,0.001256618546,-0.001260614169
-2.425,-4.452380952,4.466978331e-05,-2.313123631e-06,0.001754314563,-0.001827444467
-2.425,-4.19047619,0.0001263674867,-6.205442545e-05,0.002413526139,-0.002602258698
-2.425,-3.928571429,0.0002621366536,-0.000171426667,0.003264919806,-0.003648675322
-2.425,-3.666666667,0.000478164639,-0.0003586339121,0.00433332896,-0.005040171135
-2.425,-3.404761905,0.0008097315668,-0.0006643501329,0.00562298973,-0.006857329855
-2.425,-3.142857143,0.001301134571,-0.001146355613,0.007102370523,-0.009182660113
-2.425,-2.880952381,0.002004492442,-0.001884706214,0.008679715004,-0.0120832341
-2.425,-2.619047619,0.002973370533,-0.002985891319,0.01016941326,-0.01558784759
-2.425,-2.357142857,0.004248417782,-0.004585323194,0.01126316997,-0.01965144011
-2.425,-2.095238095,0.00583235666,-0.006843780566,0.01151790124,-0.02410276732
-2.425,-1.833333333,0.007652653715,-0.009930062159,0.0103824146,-0.02857877958
-2.425,-1.571428571,0.009515912102,-0.01397975431,0.007298685298,-0.0324678672
-2.425,-1.30952381,0.01107217525,-0.0190198281,0.00190215119,-0.03489660764
-2.425,-1.047619048,0.01182510628,-0.02486135993,-0.005696046401,-0.03482686717
-2.425,-0.7857142857,0.0112349935,-0.03099338061,-0.01465153929,-0.03131055156
-2.425,-0.5238095238,0.008933288991,-0.0365587771,-0.02334612901,-0.02389053868
-2.425,-0.2619047619,0.004980954747,-0.04050710552,-0.02974213086,-0.01298380729
-2.425,0,-1.580086217e-10,-0.04194197966,-0.03210296035,2.940263813e-09
-2.425,0.2619047619,-0.004980955066,-0.04050710558,-0.02974213087,0.01298381318
-2.425,0.5238095238,-0.008933289317,-0.03655877722,-0.02334612902,0.02389054457
-2.425,0.7857142857,-0.01123499383,-0.03099338078,-0.01465153931,0.03131055746
-2.425,1.047619048,-0.01182510662,-0.02486136016,-0.005696046419,0.03482687307
-2.425,1.30952381,-0.01107217561,-0.01901982838,0.001902151175,0.03489661355
-2.425,1.571428571,-0.009515912456,-0.01397975463,0.007298685284,0.03246787312
-2.425,1.833333333,-0.007652654071,-0.009930062531,0.01038241458,0.0285787855
-2.425,2.095238095,-0.005832357013,-0.006843780985,0.01151790122,0.02410277325
-2.425,2.357142857,-0.00424841813,-0.004585323661,0.01126316994,0.01965144605
-2.425,2.619047619,-0.002973370872,-0.002985891838,0.01016941321,0.01558785355
-2.425,2.880952381,-0.002004492766,-0.001884706791,0.008679714944,0.01208324007
-2.425,3.142857143,-0.001301134875,-0.001146356254,0.007102370449,0.009182666107
-2.425,3.404761905,-0.0008097318401,-0.0006643508511,0.005622989648,0.00685733588
-2.425,3.666666667,-0.0004781648633,-0.0003586347247,0.004333328885,0.005040177198
-2.425,3.928571429,-0.0002621367988,-0.0001714275969,0.003264919776,0.003648681429
-2.425,4.19047619,-0.0001263675065,-6.205550082e-05,0.002413526237,0.002602264856
-2.425,4.452380952,-4.466960744e-05,-2.314379476e-06,0.001754314977,0.001827450688
-2.425,4.714285714,1.641292118e-06,2.643960439e-05,0.001256619667,0.001260620556
-2.425,4.976190476,2.591544167e-05,3.650805544e-05,0.0008890625144,0.0008512220845
-2.425,5.238095238,3.689045642e-05,3.616320925e-05,0.0006209976432,0.0005589213305
-2.425,5.5,3.975020945e-05,3.048603844e-05,0.0004264454608,0.0003515655955
-2.425,5.761904762,3.756437679e-05,2.240482356e-05,0.0002846150619,0.0002057339923
-2.425,6.023809524,3.183895345e-05,1.383755111e-05,0.0001780305021,0.0001053215104
-2.425,6.285714286,2.261966002e-05,6.292677484e-06,9.32641596e-05,3.953005411e-05
-2.425,6.547619048,8.291976937e-06,1.889437302e-06,2.324300351e-05,3.480840403e-06
-2.425,6.80952381,-8.447603114e-08,1.273365342e-06,-8.211214206e-08,7.361240173e-07
-2.425,7.071428571,6.269067857e-08,7.129307685e-07,7.882268148e-07,-3.0360383e-07
-2.425,7.333333333,5.601055693e-07,5.505574291e-07,-5.57688113e-08,-1.045077899e-06
-2.155555556,-7.333333333,-8.10170785e-07,5.013924694e-07,-2.05345955e-07,1.889227241e-06
-2.155555556,-7.071428571,-3.25285291e-07,7.502026432e-07,6.906557763e-07,3.044368585e-06
-2.155555556,-6.80952381,-1.119468899e-07,1.141507826e-06,1.556186403e-07,4.160055093e-06
-2.155555556,-6.547619048,-1.183300118e-05,2.248705411e-06,4.812566034e-05,-5.467834594e-06
-2.155555556,-6.285714286,-3.105693642e-05,4.38945665e-06,0.0001610165695,-4.02114032e-05
-2.155555556,-6.023809524,-4.265783401e-05,7.98884765e-06,0.0002884241296,-0.0001022956487
-2.155555556,-5.761904762,-4.878391503e-05,1.140094596e-05,0.0004475580719,-0.0001923462461
-2.155555556,-5.5,-4.913882946e-05,1.320833656e-05,0.0006597144104,-0.0003179557028
-2.155555556,-5.238095238,-4.119924703e-05,1.146184435e-05,0.0009508966616,-0.0004921576479
-2.155555556,-4.976190476,-1.985683885e-05,3.120397762e-06,0.001352423949,-0.0007335151269
-2.155555556,-4.714285714,2.350248301e-05,-1.670099999e-05,0.001901924781,-0.001066835079
-2.155555556,-4.452380952,0.0001024785376,-5.559281384e-05,0.002643067901,-0.001523953506
-2.155555556,-4.19047619,0.0002374782927,-0.0001250299721,0.003623423448,-0.002145502332
-2.155555556,-3.928571429,0.000457927153,-0.0002423337171,0.004890501425,-0.002982920865
-2.155555556,-3.666666667,0.000805136492,-0.0004335122791,0.006483276383,-0.004099372581
-2.155555556,-3.404761905,0.001335183132,-0.000737143237,0.008416318512,-0.005570358518
-2.155555556,-3.142857143,0.002120845459,-0.001210065257,0.0106555565,-0.007482680085
-2.155555556,-2.880952381,0.003251073264,-0.001935302996,0.01308237327,-0.009928415577
-2.155555556,-2.619047619,0.004824457815,-0.003032468392,0.01544575693,-0.01299126877
-2.155555556,-2.357142857,0.006931369986,-0.004670260576,0.01730994306,-0.0167180028
-2.155555556,-2.095238095,0.009617318888,-0.007077585173,0.01801506569,-0.02106417632
-2.155555556,-1.833333333,0.01281929147,-0.01054325922,0.01668719626,-0.02580589438
-2.155555556,-1.571428571,0.01627243054,-0.01538323656,0.01235903745,-0.03042387028
-2.155555556,-1.30952381,0.01940596049,-0.02184127453,0.004270314281,-0.03400289104
-2.155555556,-1.047619048,0.02129327914,-0.02989037961,-0.007635417992,-0.03525053554
-2.155555556,-0.7857142857,0.02077956836,-0.03895402852,-0.02216357287,-0.03277459962
-2.155555556,-0.5238095238,0.01690801124,-0.04769898787,-0.03664806677,-0.02566821129
-2.155555556,-0.2619047619,0.009576885247,-0.05419197396,-0.04749634468,-0.01418011698
-2.155555556,0,-1.395019882e-10,-0.05660958237,-0.05153642458,3.644908849e-09
-2.155555556,0.2619047619,-0.009576885531,-0.05419197403,-0.0474963447,0.01418012427
-2.155555556,0.5238095238,-0.01690801153,-0.04769898802,-0.0366480668,0.02566821859
-2.155555556,0.7857142857,-0.02077956867,-0.03895402873,-0.0221635729,0.03277460694
-2.155555556,1.047619048,-0.02129327947,-0.02989037988,-0.007635418019,0.03525054286
-2.155555556,1.30952381,-0.01940596083,-0.02184127487,0.004270314258,0.03400289837
-2.155555556,1.571428571,-0.01627243088,-0.01538323695,0.01235903743,0.03042387761
-2.155555556,1.833333333,-0.01281929182,-0.01054325967,0.01668719623,0.02580590171
-2.155555556,2.095238095,-0.009617319228,-0.007077585681,0.01801506566,0.02106418365
-2.155555556,2.357142857,-0.006931370317,-0.004670261143,0.01730994302,0.01671801014
-2.155555556,2.619047619,-0.00482445813,-0.003032469022,0.01544575687,0.01299127611
-2.155555556,2.880952381,-0.003251073558,-0.001935303693,0.01308237319,0.009928422935
-2.155555556,3.142857143,-0.00212084572,-0.001210066027,0.01065555639,0.007482687462
-2.155555556,3.404761905,-0.001335183344,-0.0007371440894,0.008416318382,0.005570365922
-2.155555556,3.666666667,-0.0008051366326,-0.0004335132228,0.006483276248,0.004099380025
-2.155555556,3.928571429,-0.0004579271854,-0.0002423347615,0.004890501321,0.002982928373
-2.155555556,4.19047619,-0.0002374781651,-0.000125031123,0.003623423445,0.002145509953
-2.155555556,4.452380952,-0.0001024781767,-5.559406632e-05,0.00264306813,0.001523961357
-2.155555556,4.714285714,-2.350178807e-05,-1.670231957e-05,0.001901925429,0.001066843446
-2.155555556,4.976190476,1.985798735e-05,3.119118834e-06,0.001352425149,0.0007335246526
-2.155555556,5.238095238,4.120091841e-05,1.146085693e-05,0.0009508980842,0.0004921695471
-2.155555556,5.5,4.914085916e-05,1.320806756e-05,0.000659714396,0.0003179716139
-2.155555556,5.761904762,4.878566532e-05,1.14018266e-05,0.000447552872,0.0001923667779
-2.155555556,6.023809524,4.265826662e-05,7.990794641e-06,0.0002884097714,0.0001023171281
-2.155555556,6.285714286,3.105563251e-05,4.39128889e-06,0.0001609967957,4.022413271e-05
-2.155555556,6.547619048,1.183182572e-05,2.249363715e-06,4.811901925e-05,5.469056839e-06
-2.155555556,6.80952381,1.090686069e-07,1.141887918e-06,1.449381545e-07,-4.160041498e-06
-2.155555556,7.071428571,3.163364773e-07,7.475265361e-07,6.473369637e-07,-3.057966422e-06
-2.155555556,7.333333333,7.979631232e-07,4.930662898e-07,-2.653186665e-07,-1.93007606e-06
-1.886111111,-7.333333333,-1.361910326e-06,2.170746766e-07,-1.427845143e-06,1.531634323e-06
-1.886111111,-7.071428571,-6.263971066e-07,7.825480056e-07,-1.087462968e-06,2.922860801e-06
-1.886111111,-6.80952381,-1.582249571e-07,6.846749539e-07,1.086904076e-06,5.047039717e-06
-1.886111111,-6.547619048,-1.493224991e-05,9.596333403e-07,7.643701209e-05,-4.743747254e-07
-1.886111111,-6.285714286,-3.69777045e-05,8.185423277e-07,0.0002310408099,-2.580128331e-05
-1.886111111,-6.023809524,-4.970693245e-05,-8.738740516e-07,0.0003984606834,-6.497260742e-05
-1.886111111,-5.761904762,-5.525061138e-05,-4.011586561e-06,0.0006051549945,-0.0001155620212
-1.886111111,-5.5,-5.270417934e-05,-9.331886342e-06,0.0008809307614,-0.0001803004264
-1.886111111,-5.238095238,-3.834491682e-05,-1.821290344e-05,0.001259919184,-0.0002647624009
-1.886111111,-4.976190476,-5.014054344e-06,-3.274147876e-05,0.001782595796,-0.0003767690906
-1.886111111,-4.714285714,5.915629178e-05,-5.609127514e-05,0.002497317858,-0.0005266354789
-1.886111111,-4.452380952,0.0001726274156,-9.29910877e-05,0.003460678905,-0.0007279088754
-1.886111111,-4.19047619,0.0003630636165,-0.000150516265,0.004736054122,-0.00099898325
-1.886111111,-3.928571429,0.0006707710331,-0.0002394073054,0.006389254314,-0.00136561947
-1.886111111,-3.666666667,0.001153089228,-0.0003762893377,0.008479117485,-0.001864584297
-1.886111111,-3.404761905,0.001889556896,-0.0005874066481,0.01104010072,-0.002549030431
-1.886111111,-3.142857143,0.002987153443,-0.0009149998065,0.01405330467,-0.003495648423
-1.886111111,-2.880952381,0.004584005044,-0.001428152085,0.01740145777,-0.004812389935
-1.886111111,-2.619047619,0.006847792325,-0.002240653094,0.02080423046,-0.006643001966
-1.886111111,-2.357142857,0.009961491825,-0.00353895157,0.02373523738,-0.009158630603
-1.886111111,-2.095238095,0.01408283669,-0.005621374293,0.02533489912,-0.01251737016
-1.886111111,-1.833333333,0.01925551161,-0.00894171958,0.02436272719,-0.01676380533
-1.886111111,-1.571428571,0.02524467993,-0.01412811835,0.01928487575,-0.02164550789
-1.886111111,-1.30952381,0.03128676278,-0.0219038963,0.008650887275,-0.02637301022
-1.886111111,-1.047619048,0.03582591395,-0.03278310123,-0.008106076728,-0.0294768348
-1.886111111,-0.7857142857,0.03650060746,-0.04643403905,-0.02957922533,-0.02906331048
-1.886111111,-0.5238095238,0.03084666656,-0.06088903115,-0.05171655836,-0.02367391571
-1.886111111,-0.2619047619,0.01793651689,-0.07238679046,-0.0686157228,-0.01335439104
-1.886111111,0,-1.135419579e-10,-0.07682791289,-0.07495779762,4.26853695e-09
-1.886111111,0.2619047619,-0.01793651712,-0.07238679055,-0.06861572283,0.01335439958
-1.886111111,0.5238095238,-0.03084666682,-0.06088903132,-0.0517165584,0.02367392426
-1.886111111,0.7857142857,-0.03650060774,-0.0464340393,-0.02957922537,0.02906331904
-1.886111111,1.047619048,-0.03582591425,-0.03278310154,-0.008106076764,0.02947684337
-1.886111111,1.30952381,-0.0312867631,-0.02190389668,0.008650887249,0.02637301878
-1.886111111,1.571428571,-0.02524468025,-0.01412811879,0.01928487573,0.02164551645
-1.886111111,1.833333333,-0.01925551194,-0.008941720091,0.02436272717,0.01676381389
-1.886111111,2.095238095,-0.01408283701,-0.005621374871,0.02533489908,0.01251737872
-1.886111111,2.357142857,-0.009961492131,-0.003538952216,0.02373523732,0.009158639157
-1.886111111,2.619047619,-0.00684779261,-0.002240653811,0.02080423038,0.006643010521
-1.886111111,2.880952381,-0.0045840053,-0.001428152875,0.01740145766,0.004812398494
-1.886111111,3.142857143,-0.002987153656,-0.0009150006719,0.01405330452,0.003495656991
-1.886111111,3.404761905,-0.001889557049,-0.0005874075902,0.01104010054,0.002549039015
-1.886111111,3.666666667,-0.001153089293,-0.0003762903557,0.008479117278,0.001864592914
-1.886111111,3.928571429,-0.0006707709761,-0.0002394083931,0.006389254095,0.001365628154
-1.886111111,4.19047619,-0.0003630633896,-0.000150517405,0.00473605392,0.0009989920717
-1.886111111,4.452380952,-0.0001726269611,-9.299224228e-05,0.003460678748,0.0007279179801
-1.886111111,4.714285714,-5.915554898e-05,-5.609236915e-05,0.002497317726,0.0005266451435
-1.886111111,4.976190476,5.015121918e-06,-3.274237702e-05,0.001782595476,0.0003767797706
-1.886111111,5.238095238,3.834625854e-05,-1.821339972e-05,0.001259918009,0.0002647746503
-1.886111111,5.5,5.270556563e-05,-9.33175384e-06,0.0008809273661,0.0001803144425
-1.886111111,5.761904762,5.525160176e-05,-4.010749737e-06,0.000605147683,0.0001155766268
-1.886111111,6.023809524,4.970709381e-05,-8.726523412e-07,0.0003984493973,6.498434587e-05
-1.886111111,6.285714286,3.697713461e-05,8.194850433e-07,0.0002310301154,2.58062215e-05
-1.886111111,6.547619048,1.493150595e-05,9.601326127e-07,7.643334658e-05,4.744271438e-07
-1.886111111,6.80952381,1.558667326e-07,6.844117312e-07,1.076494094e-06,-5.050661841e-06
-1.886111111,7.071428571,6.20482081e-07,7.805954306e-07,-1.116766455e-06,-2.933479173e-06
-1.886111111,7.333333333,1.353145981e-06,2.11636673e-07,-1.471268385e-06,-1.559191252e-06
-1.616666667,-7.333333333,-2.441309193e-06,-7.900904869e-07,-2.438461924e-06,-4.988311192e-07
-1.616666667,-7.071428571,-1.913197516e-06,4.664256549e-07,-2.111354788e-06,-4.338667729e-07
-1.616666667,-6.80952381,-7.08509028e-07,2.372626465e-06,-6.52932407e-07,-1.680529105e-06
-1.616666667,-6.547619048,-1.609678483e-05,2.028395164e-06,0.0001014024733,3.195254117e-07
-1.616666667,-6.285714286,-3.887581098e-05,-3.743946631e-06,0.0002908619235,-7.207727727e-07
-1.616666667,-6.023809524,-5.185221599e-05,-1.163423563e-05,0.0004874048602,3.393429859e-06
-1.616666667,-5.761904762,-5.626857987e-05,-2.137878136e-05,0.0007282781509,1.98442337e-05
-1.616666667,-5.5,-5.0505062e-05,-3.310510422e-05,0.001049953602,5.301354512e-05
-1.616666667,-5.238095238,-2.983822905e-05,-4.699246385e-05,0.001492631146,0.0001084834324
-1.616666667,-4.976190476,1.456110892e-05,-6.314426326e-05,0.002103522745,0.0001941849559
-1.616666667,-4.714285714,9.717088723e-05,-8.146350908e-05,0.002939188283,0.0003208868159
-1.616666667,-4.452380952,0.0002404648179,-0.0001014965221,0.004066756755,0.0005021340435
-1.616666667,-4.19047619,0.0004782602322,-0.0001223312603,0.00556341542,0.000753255741
-1.616666667,-3.928571429,0.0008603650826,-0.0001427318956,0.007513010527,0.001088809325
-1.616666667,-3.666666667,0.001458911703,-0.0001619117886,0.009997738285,0.001517394619
-1.616666667,-3.404761905,0.002376703865,-0.0001817266653,0.01308171229,0.0020322931
-1.616666667,-3.142857143,0.003757747439,-0.0002119560002,0.01678164877,0.002596106903
-1.616666667,-2.880952381,0.005799471201,-0.0002817298831,0.02101771217,0.003118194683
-1.616666667,-2.619047619,0.008764315211,-0.0004626847584,0.02553540868,0.003426255742
-1.616666667,-2.357142857,0.0129838181,-0.0009129898454,0.0297893717,0.003240897155
-1.616666667,-2.095238095,0.0188377654,-0.001955257855,0.03278825254,0.002177918178
-1.616666667,-1.833333333,0.02666907266,-0.004200197306,0.03293347086,-0.0001705801952
-1.616666667,-1.571428571,0.03655757796,-0.008705231847,0.0279739419,-0.004000997524
-1.616666667,-1.30952381,0.04783811163,-0.01707328889,0.01536789214,-0.008872303717
-1.616666667,-1.047619048,0.05830249812,-0.03119695556,-0.006509042803,-0.01328877266
-1.616666667,-0.7857142857,0.06342199776,-0.05209445397,-0.03621669162,-0.01496221008
-1.616666667,-0.5238095238,0.05690754861,-0.07751949856,-0.06757467047,-0.01241494331
-1.616666667,-0.2619047619,0.03453504132,-0.0999351466,-0.09132216388,-0.006671190115
-1.616666667,0,-7.99506599e-11,-0.1090815865,-0.1000644367,4.814228275e-09
-1.616666667,0.2619047619,-0.0345350415,-0.09993514669,-0.09132216393,0.00667119975
-1.616666667,0.5238095238,-0.05690754882,-0.07751949875,-0.06757467053,0.01241495296
-1.616666667,0.7857142857,-0.06342199801,-0.05209445424,-0.03621669168,0.01496221973
-1.616666667,1.047619048,-0.0583024984,-0.0311969559,-0.006509042841,0.01328878231
-1.616666667,1.30952381,-0.04783811193,-0.0170732893,0.01536789212,0.008872313356
-1.616666667,1.571428571,-0.03655757826,-0.008705232328,0.02797394188,0.004001007149
-1.616666667,1.833333333,-0.02666907297,-0.004200197859,0.03293347084,0.0001705898074
-1.616666667,2.095238095,-0.01883776569,-0.001955258483,0.03278825251,-0.002177908577
-1.616666667,2.357142857,-0.01298381838,-0.0009129905496,0.02978937164,-0.003240887563
-1.616666667,2.619047619,-0.00876431546,-0.000462685539,0.02553540859,-0.003426246159
-1.616666667,2.880952381,-0.005799471416,-0.000281730739,0.02101771204,-0.003118185107
-1.616666667,3.142857143,-0.003757747605,-0.0002119569284,0.0167816486,-0.002596097336
-1.616666667,3.404761905,-0.002376703965,-0.0001817276596,0.01308171206,-0.002032283534
-1.616666667,3.666666667,-0.001458911712,-0.0001619128376,0.009997738003,-0.001517385044
-1.616666667,3.928571429,-0.0008603649691,-0.000142732979,0.007513010181,-0.001088799712
-1.616666667,4.19047619,-0.0004782599597,-0.0001223323436,0.005563414991,-0.0007532460324
-1.616666667,4.452380952,-0.0002404643494,-0.0001014975496,0.004066756189,-0.0005021241374
-1.616666667,4.714285714,-9.717019812e-05,-8.146439523e-05,0.002939187441,-0.0003208765587
-1.616666667,4.976190476,-1.456021181e-05,-6.314489003e-05,0.002103521312,-0.0001941741835
-1.616666667,5.238095238,2.983924788e-05,-4.699269808e-05,0.00149262856,-0.000108472129
-1.616666667,5.5,5.05060164e-05,-3.310485635e-05,0.001049949132,-5.300217445e-05
-1.616666667,5.761904762,5.626922208e-05,-2.137810393e-05,0.0007282714322,-1.983410169e-05
-1.616666667,6.023809524,5.185238617e-05,-1.163338387e-05,0.0004873969184,-3.386474147e-06
-1.616666667,6.285714286,3.887559267e-05,-3.743252671e-06,0.0002908556434,7.23524171e-07
-1.616666667,6.547619048,1.609634762e-05,2.028740647e-06,0.0001014003715,-3.193704085e-07
-1.616666667,6.80952381,7.067343615e-07,2.372359163e-06,-6.606421428e-07,1.679522141e-06
-1.616666667,7.071428571,1.908848338e-06,4.648956089e-07,-2.132613364e-06,4.259453429e-07
-1.616666667,7.333333333,2.434815158e-06,-7.940349568e-07,-2.470535206e-06,4.78389525e-07
-1.347222222,-7.333333333,-3.640883712e-06,-3.337296753e-06,-2.87759516e-06,-3.062281694e-06
-1.347222222,-7.071428571,-3.932039316e-06,-2.968062709e-06,-2.125601035e-06,-3.221415327e-06
-1.347222222,-6.80952381,-3.035097206e-06,-2.399814217e-06,-3.021840353e-09,-3.790303309e-06
-1.347222222,-6.547619048,-1.353519038e-05,-3.459440054e-06,0.000112004655,-1.657746852e-06
-1.347222222,-6.285714286,-3.644873542e-05,-1.125977374e-05,0.0003246382732,3.060849546e-05
-1.347222222,-6.023809524,-4.929539521e-05,-2.363432923e-05,0.0005355504387,9.415121173e-05
-1.347222222,-5.761904762,-5.241045399e-05,-3.866079171e-05,0.0007911277814,0.0001985574492
-1.347222222,-5.5,-4.393624426e-05,-5.500837396e-05,0.001132331118,0.0003567288122
-1.347222222,-5.238095238,-1.859338521e-05,-7.0910377e-05,0.001602453669,0.0005879645996
-1.347222222,-4.976190476,3.335410491e-05,-8.354384156e-05,0.002251853324,0.0009195804479
-1.347222222,-4.714285714,0.0001278720269,-8.824316339e-05,0.003141245386,0.001388372017
-1.347222222,-4.452380952,0.0002897728123,-7.738005719e-05,0.004343809049,0.002041897863
-1.347222222,-4.19047619,0.0005566504627,-3.896964116e-05,0.005945963391,0.002938947065
-1.347222222,-3.928571429,0.0009845764089,4.505824559e-05,0.008045842111,0.004148315845
-1.347222222,-3.666666667,0.001656365369,0.000200696733,0.01074778202,0.005744271151
-1.347222222,-3.404761905,0.002693515792,0.0004631996713,0.0141497809,0.007796219267
-1.347222222,-3.142857143,0.004273432834,0.0008763671999,0.01831872907,0.01034903007
-1.347222222,-2.880952381,0.006654042194,0.001486265407,0.02324445481,0.01338965531
-1.347222222,-2.619047619,0.01020796406,0.002321811473,0.02875750333,0.0167963924
-1.347222222,-2.357142857,0.01546621552,0.003346649376,0.03438685119,0.02027299537
-1.347222222,-2.095238095,0.02316200288,0.004351820068,0.03912706278,0.02328903429
-1.347222222,-1.833333333,0.03423421423,0.00473512435,0.04110067506,0.02509557047
-1.347222222,-1.571428571,0.04966616479,0.003091916664,0.03721045314,0.02497265385
-1.347222222,-1.30952381,0.06984627852,-0.00340714611,0.02323385487,0.02292616311
-1.347222222,-1.047619048,0.09286454481,-0.01951503462,-0.004463349946,0.02070940127
-1.347222222,-0.7857142857,0.1113325086,-0.05082698954,-0.04422395467,0.02148121304
-1.347222222,-0.5238095238,0.1098307805,-0.09811633323,-0.08414536131,0.02470356273
-1.347222222,-0.2619047619,0.07156709814,-0.1470649634,-0.1084066511,0.02006429717
-1.347222222,0,-3.981977372e-11,-0.1688241165,-0.1147420414,5.293060884e-09
-1.347222222,0.2619047619,-0.07156709824,-0.1470649635,-0.1084066512,-0.02006428658
-1.347222222,0.5238095238,-0.1098307807,-0.09811633342,-0.0841453614,-0.02470355214
-1.347222222,0.7857142857,-0.1113325088,-0.05082698981,-0.04422395473,-0.02148120246
-1.347222222,1.047619048,-0.09286454506,-0.01951503496,-0.004463349972,-0.02070939071
-1.347222222,1.30952381,-0.06984627879,-0.003407146526,0.02323385487,-0.02292615257
-1.347222222,1.571428571,-0.04966616507,0.003091916171,0.03721045314,-0.02497264334
-1.347222222,1.833333333,-0.0342342145,0.004735123775,0.04110067505,-0.02509555998
-1.347222222,2.095238095,-0.02316200314,0.00435181941,0.03912706275,-0.02328902382
-1.347222222,2.357142857,-0.01546621576,0.003346648634,0.03438685114,-0.02027298491
-1.347222222,2.619047619,-0.01020796427,0.002321810651,0.02875750324,-0.01679638196
-1.347222222,2.880952381,-0.006654042369,0.001486264509,0.02324445467,-0.01338964489
-1.347222222,3.142857143,-0.004273432959,0.0008763662347,0.01831872888,-0.01034901969
-1.347222222,3.404761905,-0.002693515851,0.0004631986528,0.01414978065,-0.007796208913
-1.347222222,3.666666667,-0.001656365342,0.0002006956815,0.01074778168,-0.005744260828
-1.347222222,3.928571429,-0.0009845762709,4.50571918e-05,0.008045841666,-0.004148305544
-1.347222222,4.19047619,-0.0005566501888,-3.897065297e-05,0.005945962787,-0.002938936769
-1.347222222,4.452380952,-0.0002897723834,-7.738096558e-05,0.004343808192,-0.002041887545
-1.347222222,4.714285714,-0.000127871441,-8.824388914e-05,0.003141244107,-0.001388361664
-1.347222222,4.976190476,-3.335339376e-05,-8.354429508e-05,0.002251851353,-0.0009195701271
-1.347222222,5.238095238,1.859414121e-05,-7.091048109e-05,0.001602450659,-0.0005879545718
-1.347222222,5.5,4.393691861e-05,-5.500810475e-05,0.001132326806,-0.0003567196774
-1.347222222,5.761904762,5.241091656e-05,-3.866022112e-05,0.0007911223384,-0.0001985501513
-1.347222222,6.023809524,4.929559177e-05,-2.363362678e-05,0.0005355448405,-9.41466422e-05
-1.347222222,6.285714286,3.644873978e-05,-1.125914431e-05,0.0003246341384,-3.0606677e-05
-1.347222222,6.547619048,1.353512349e-05,-3.459084128e-06,0.0001120032981,1.658193341e-06
-1.347222222,6.80952381,3.033728048e-06,-2.39958186e-06,-8.309231548e-09,3.789181899e-06
-1.347222222,7.071428571,3.92872028e-06,-2.969020339e-06,-2.140996691e-06,3.215155112e-06
-1.347222222,7.333333333,3.635993335e-06,-3.34022672e-06,-2.901365543e-06,3.046152311e-06
-1.077777778,-7.333333333,-3.871099842e-06,-6.967839352e-06,-3.033902265e-06,-5.951179498e-06
-1.077777778,-7.071428571,-4.08596725e-06,-8.679240521e-06,-2.919718085e-06,-6.490500419e-06
-1.077777778,-6.80952381,-2.958624231e-06,-1.113531779e-05,-1.296057823e-06,-5.555734792e-06
-1.077777778,-6.547619048,-1.204517543e-05,-1.268703921e-05,0.000114509952,1.836466218e-06
-1.077777778,-6.285714286,-3.254766139e-05,-2.049586608e-05,0.0003245020516,6.625294407e-05
-1.077777778,-6.023809524,-4.351733383e-05,-3.54406151e-05,0.0005293984389,0.0001959831054
-1.077777778,-5.761904762,-4.503129453e-05,-5.410436927e-05,0.0007761089889,0.0003980617677
-1.077777778,-5.5,-3.493437278e-05,-7.305604154e-05,0.001105182251,0.000693398823
-1.077777778,-5.238095238,-7.835294839e-06,-8.81309327e-05,0.001558926657,0.001115809045
-1.077777778,-4.976190476,4.602887812e-05,-9.3000189e-05,0.002186404235,0.001713564651
-1.077777778,-4.714285714,0.0001425672512,-7.763908182e-05,0.003047120829,0.002551893362
-1.077777778,-4.452380952,0.0003065910966,-2.603599322e-05,0.004213901337,0.003716151535
-1.077777778,-4.19047619,0.000575964452,8.684490115e-05,0.005774885985,0.005314740215
-1.077777778,-3.928571429,0.001007907217,0.0002992761864,0.007834187279,0.007480921702
-1.077777778,-3.666666667,0.001688583224,0.0006684124146,0.01050999126,0.01037183071
-1.077777778,-3.404761905,0.002747965034,0.001277507424,0.01392777262,0.01416185948
-1.077777778,-3.142857143,0.004383337288,0.002244366988,0.01820395061,0.0190258813
-1.077777778,-2.880952381,0.00689718857,0.003729223852,0.02341051416,0.02510530115
-1.077777778,-2.619047619,0.01075926874,0.005936420363,0.02950133524,0.03244729027
-1.077777778,-2.357142857,0.01670844253,0.009094491901,0.03616128719,0.04090755897
-1.077777778,-2.095238095,0.02591578309,0.01337469244,0.04250429916,0.05002047147
-1.077777778,-1.833333333,0.04022299962,0.0186483705,0.04650095289,0.05890091908
-1.077777778,-1.571428571,0.06239514814,0.02385000985,0.0440370333,0.06643479187
-1.077777778,-1.30952381,0.09599326092,0.02547619495,0.02796739679,0.0724523149
-1.077777778,-1.047619048,0.1433798383,0.01466715287,-0.01038251281,0.08085394875
-1.077777778,-0.7857142857,0.1980188073,-0.02588676565,-0.0699131226,0.1021667249
-1.077777778,-0.5238095238,0.2276926224,-0.1154366927,-0.1156056977,0.1369943409
-1.077777778,-0.2619047619,0.1675370528,-0.2369797609,-0.09476874858,0.126613198
-1.077777778,0,-3.549312897e-12,-0.3019240941,-0.06134817265,5.75297062e-09
-1.077777778,0.2619047619,-0.1675370529,-0.2369797609,-0.09476874864,-0.1266131866
-1.077777778,0.5238095238,-0.2276926225,-0.1154366929,-0.1156056978,-0.1369943296
-1.077777778,0.7857142857,-0.1980188075,-0.02588676587,-0.06991312264,-0.1021667136
-1.077777778,1.047619048,-0.1433798385,0.01466715256,-0.0103825128,-0.08085393748
-1.077777778,1.30952381,-0.09599326117,0.02547619456,0.02796739683,-0.07245230367
-1.077777778,1.571428571,-0.06239514839,0.02385000936,0.04403703333,-0.06643478067
-1.077777778,1.833333333,-0.04022299987,0.01864836993,0.0465009529,-0.0589009079
-1.077777778,2.095238095,-0.02591578331,0.01337469177,0.04250429915,-0.05002046031
-1.077777778,2.357142857,-0.01670844273,0.009094491139,0.03616128714,-0.04090754783
-1.077777778,2.619047619,-0.01075926891,0.005936419516,0.02950133516,-0.03244727915
-1.077777778,2.880952381,-0.006897188707,0.00372922293,0.02341051402,-0.02510529007
-1.077777778,3.142857143,-0.004383337378,0.002244366005,0.01820395042,-0.01902587028
-1.077777778,3.404761905,-0.002747965065,0.001277506399,0.01392777236,-0.01416184852
-1.077777778,3.666666667,-0.00168858318,0.000668411376,0.01050999091,-0.01037181983
-1.077777778,3.928571429,-0.001007907081,0.0002992751709,0.007834186796,-0.007480910925
-1.077777778,4.19047619,-0.0005759642081,8.684395731e-05,0.005774885309,-0.005314729569
-1.077777778,4.452380952,-0.0003065907378,-2.603680543e-05,0.004213900369,-0.00371614107
-1.077777778,4.714285714,-0.0001425667861,-7.763969472e-05,0.003047119425,-0.002551883176
-1.077777778,4.976190476,-4.602834059e-05,-9.300053774e-05,0.00218640221,-0.001713554943
-1.077777778,5.238095238,7.835842097e-06,-8.813097409e-05,0.001558923842,-0.001115800169
-1.077777778,5.5,3.493484796e-05,-7.305577699e-05,0.001105178624,-0.0006933913123
-1.077777778,5.761904762,4.503162684e-05,-5.410385708e-05,0.0007761048494,-0.0003980562253
-1.077777778,6.023809524,4.351750529e-05,-3.543995093e-05,0.0005293944997,-0.0001959799127
-1.077777778,6.285714286,3.254773317e-05,-2.049512425e-05,0.0003244992272,-6.625190922e-05
-1.077777778,6.547619048,1.204523762e-05,-1.268629595e-05,0.0001145090001,-1.836505216e-06
-1.077777778,6.80952381,2.957688096e-06,-1.113454596e-05,-1.299833499e-06,5.554505443e-06
-1.077777778,7.071428571,4.083581082e-06,-8.679646268e-06,-2.930844845e-06,6.485212368e-06
-1.077777778,7.333333333,3.867516168e-06,-6.970032046e-06,-3.051292069e-06,5.937775998e-06
-0.8083333333,-7.333333333,-2.993626341e-06,-9.930489412e-06,-2.248445293e-06,-8.840208288e-06
-0.8083333333,-7.071428571,-2.320999017e-06,-1.219449154e-05,-2.381535934e-06,-1.145745513e-05
-0.8083333333,-6.80952381,-2.368959955e-07,-1.440120974e-05,-1.861335089e-06,-1.485822264e-05
-0.8083333333,-6.547619048,-1.191963695e-05,-1.598003115e-05,0.0001027757424,-4.427803965e-06
-0.8083333333,-6.285714286,-2.763767799e-05,-2.667785138e-05,0.0002855354663,0.0001007151457
-0.8083333333,-6.023809524,-3.541610192e-05,-4.47899815e-05,0.0004638314993,0.0002957908798
-0.8083333333,-5.761904762,-3.54124614e-05,-6.627294772e-05,0.0006771447295,0.0005921650259
-0.8083333333,-5.5,-2.529887483e-05,-8.638823206e-05,0.0009611190445,0.001019200967
-0.8083333333,-5.238095238,-1.135908679e-07,-9.87406299e-05,0.001352757739,0.001624527868
-0.8083333333,-4.976190476,4.884821851e-05,-9.359942345e-05,0.001894864993,0.002476373885
-0.8083333333,-4.714285714,0.000135712617,-5.553605495e-05,0.002639670776,0.003667528204
-0.8083333333,-4.452380952,0.0002825408746,3.994193582e-05,0.003651908298,0.005320600819
-0.8083333333,-4.19047619,0.0005232433244,0.0002312291307,0.005011575574,0.007594105073
-0.8083333333,-3.928571429,0.0009096595019,0.0005776533771,0.00681621617,0.01068867971
-0.8083333333,-3.666666667,0.001521212274,0.00116973232,0.009182176554,0.01485222637
-0.8083333333,-3.404761905,0.002480643962,0.002144148306,0.01224342615,0.02038169597
-0.8083333333,-3.142857143,0.00398054276,0.003705591826,0.01614458974,0.02761734553
-0.8083333333,-2.880952381,0.006329646061,0.006158358802,0.02102005337,0.03692174226
-0.8083333333,-2.619047619,0.01003664573,0.00995085274,0.02693931754,0.04862954448
-0.8083333333,-2.357142857,0.01596714056,0.01573347792,0.03376989687,0.06294437783
-0.8083333333,-2.095238095,0.02564623023,0.02441584354,0.04083850112,0.07975075365
-0.8083333333,-1.833333333,0.04185201944,0.03715126413,0.04610545697,0.0983372473
-0.8083333333,-1.571428571,0.06976570581,0.05496742161,0.04422815285,0.1172622695
-0.8083333333,-1.30952381,0.118991875,0.07705105097,0.02254185795,0.135709915
-0.8083333333,-1.047619048,0.2057085743,0.0945587435,-0.04392754821,0.1615833618
-0.8083333333,-0.7857142857,0.3467761199,0.07226789765,-0.1787410012,0.2378217575
-0.8083333333,-0.5238095238,nan,nan,nan,nan
-0.8083333333,-0.2619047619,nan,nan,nan,nan
-0.8083333333,0,nan,nan,nan,nan
-0.8083333333,0.2619047619,nan,nan,nan,nan
-0.8083333333,0.5238095238,nan,nan,nan,nan
-0.8083333333,0.7857142857,-0.34677612,0.07226789753,-0.1787410012,-0.2378217457
-0.8083333333,1.047619048,-0.2057085745,0.09455874327,-0.04392754813,-0.1615833501
-0.8083333333,1.30952381,-0.1189918753,0.07705105064,0.02254185804,-0.1357099033
-0.8083333333,1.571428571,-0.06976570603,0.05496742116,0.04422815291,-0.1172622579
-0.8083333333,1.833333333,-0.04185201964,0.03715126357,0.046105457,-0.09833723561
-0.8083333333,2.095238095,-0.02564623041,0.02441584287,0.04083850112,-0.07975074197
-0.8083333333,2.357142857,-0.01596714072,0.01573347715,0.03376989684,-0.06294436617
-0.8083333333,2.619047619,-0.01003664586,0.009950851882,0.02693931746,-0.04862953286
-0.8083333333,2.880952381,-0.006329646162,0.006158357869,0.02102005326,-0.03692173068
-0.8083333333,3.142857143,-0.003980542823,0.003705590836,0.01614458958,-0.02761733402
-0.8083333333,3.404761905,-0.002480643976,0.002144147285,0.01224342591,-0.02038168456
-0.8083333333,3.666666667,-0.001521212229,0.001169731299,0.009182176233,-0.0148522151
-0.8083333333,3.928571429,-0.0009096593862,0.0005776523981,0.006816215722,-0.01068866863
-0.8083333333,4.19047619,-0.0005232431299,0.0002312282424,0.005011574942,-0.007594094242
-0.8083333333,4.452380952,-0.0002825406004,3.994119412e-05,0.003651907402,-0.005320590351
-0.8083333333,4.714285714,-0.0001357122747,-5.553659352e-05,0.002639669511,-0.00366751827
-0.8083333333,4.976190476,-4.884783628e-05,-9.359971199e-05,0.001894863251,-0.002476364742
-0.8083333333,5.238095238,1.139677347e-07,-9.874064503e-05,0.001352755458,-0.001624519876
-0.8083333333,5.5,2.529919244e-05,-8.638798608e-05,0.0009611162953,-0.001019194548
-0.8083333333,5.761904762,3.541267333e-05,-6.627248919e-05,0.0006771417927,-0.0005921605476
-0.8083333333,6.023809524,3.541618525e-05,-4.478937485e-05,0.0004638288766,-0.0002957884645
-0.8083333333,6.285714286,2.763763213e-05,-2.667713841e-05,0.0002855337552,-0.0001007145179
-0.8083333333,6.547619048,1.191946734e-05,-1.597923556e-05,0.0001027753762,4.427362574e-06
-0.8083333333,6.80952381,2.364716397e-07,-1.440056987e-05,-1.86409199e-06,1.485736713e-05
-0.8083333333,7.071428571,2.319487115e-06,-1.219472448e-05,-2.38935917e-06,1.145293705e-05
-0.8083333333,7.333333333,2.991174285e-06,-9.932257585e-06,-2.260687916e-06,8.828615425e-06
-0.5388888889,-7.333333333,-1.919973311e-06,-1.161303962e-05,-3.059488853e-07,-9.709694496e-06
-0.5388888889,-7.071428571,-1.32378566e-06,-1.318065165e-05,1.248692629e-06,-1.225722234e-05
-0.5388888889,-6.80952381,-4.436531098e-07,-1.347472461e-05,2.546303543e-06,-1.499278547e-05
-0.5388888889,-6.547619048,-8.002716072e-06,-1.586510019e-05,7.197784612e-05,5.190062495e-06
-0.5388888889,-6.285714286,-1.987132253e-05,-2.971949623e-05,0.0002106882523,0.0001342512317
-0.5388888889,-6.023809524,-2.505863631e-05,-5.092695251e-05,0.0003436837045,0.000380763799
-0.5388888889,-5.761904762,-2.433846277e-05,-7.462556341e-05,0.0005010404531,0.0007545892296
-0.5388888889,-5.5,-1.612831628e-05,-9.505349159e-05,0.0007098663831,0.001290476122
-0.5388888889,-5.238095238,3.337074263e-06,-0.0001041660255,0.000997787028,0.002046894509
-0.5388888889,-4.976190476,4.062385061e-05,-8.93067018e-05,0.001396613958,0.003108603316
-0.5388888889,-4.714285714,0.0001063338194,-3.047951854e-05,0.00194529917,0.004591430635
-0.5388888889,-4.452380952,0.0002170601514,0.0001041327977,0.00269259482,0.006649693851
-0.5388888889,-4.19047619,0.0003984475448,0.0003645670427,0.003699690867,0.009485391226
-0.5388888889,-3.928571429,0.0006900647071,0.0008287896974,0.005042946987,0.01335918869
-0.5388888889,-3.666666667,0.001153356702,0.001617522811,0.006816621129,0.01860270357
-0.5388888889,-3.404761905,0.001885079068,0.00291732669,0.009135034756,0.02563105838
-0.5388888889,-3.142857143,0.003040932348,0.005017388577,0.01213232141,0.03495317237
-0.5388888889,-2.880952381,0.004879046758,0.008369828671,0.01595420797,0.0471736311
-0.5388888889,-2.619047619,0.007843954944,0.01369168587,0.02072570584,0.06297113549
-0.5388888889,-2.357142857,0.01273741751,0.02214288367,0.02644789389,0.08301716234
-0.5388888889,-2.095238095,0.02108612039,0.03564499249,0.03268519256,0.1077482156
-0.5388888889,-1.833333333,0.03598343396,0.05745725354,0.03761896466,0.1367975418
-0.5388888889,-1.571428571,0.06414795287,0.0931730631,0.03511764762,0.1677398189
-0.5388888889,-1.30952381,0.1212892356,0.1520470403,0.005421202983,0.1942097836
-0.5388888889,-1.047619048,0.2466031081,0.2461015609,-0.1141000741,0.2097358601
-0.5388888889,-0.7857142857,nan,nan,nan,nan
-0.5388888889,-0.5238095238,nan,nan,nan,nan
-0.5388888889,-0.2619047619,nan,nan,nan,nan
-0.5388888889,0,nan,nan,nan,nan
-0.5388888889,0.2619047619,nan,nan,nan,nan
-0.5388888889,0.5238095238,nan,nan,nan,nan
-0.5388888889,0.7857142857,nan,nan,nan,nan
-0.5388888889,1.047619048,-0.2466031083,0.2461015608,-0.114100074,-0.2097358482
-0.5388888889,1.30952381,-0.1212892357,0.1520470401,0.0054212031,-0.1942097716
-0.5388888889,1.571428571,-0.06414795303,0.0931730627,0.03511764769,-0.1677398069
-0.5388888889,1.833333333,-0.03598343411,0.057457253,0.0376189647,-0.1367975298
-0.5388888889,2.095238095,-0.02108612051,0.03564499183,0.03268519257,-0.1077482036
-0.5388888889,2.357142857,-0.01273741762,0.0221428829,0.02644789387,-0.08301715032
-0.5388888889,2.619047619,-0.007843955033,0.01369168501,0.02072570579,-0.06297112351
-0.5388888889,2.880952381,-0.004879046825,0.008369827735,0.01595420789,-0.04717361917
-0.5388888889,3.142857143,-0.003040932387,0.005017387588,0.01213232129,-0.03495316053
-0.5388888889,3.404761905,-0.001885079074,0.002917325676,0.009135034582,-0.02563104668
-0.5388888889,3.666666667,-0.001153356666,0.001617521808,0.006816620884,-0.01860269205
-0.5388888889,3.928571429,-0.0006900646242,0.0008287887472,0.005042946644,-0.01335917742
-0.5388888889,4.19047619,-0.0003984474108,0.0003645661944,0.003699690383,-0.009485380308
-0.5388888889,4.452380952,-0.0002170599676,0.0001041321029,0.00269259414,-0.006649683436
-0.5388888889,4.714285714,-0.0001063335956,-3.04800118e-05,0.00194529823,-0.004591420931
-0.5388888889,4.976190476,-4.062360683e-05,-8.930695866e-05,0.001396612705,-0.003108594602
-0.5388888889,5.238095238,-3.336840187e-06,-0.0001041660351,0.0009977854499,-0.002046887117
-0.5388888889,5.5,1.612850578e-05,-9.505327512e-05,0.0007098645605,-0.001290470379
-0.5388888889,5.761904762,2.43385746e-05,-7.462517447e-05,0.0005010385929,-0.0007545853437
-0.5388888889,6.023809524,2.505864608e-05,-5.092646887e-05,0.0003436821298,-0.0003807617182
-0.5388888889,6.285714286,1.987122922e-05,-2.971901359e-05,0.0002106873089,-0.000134250524
-0.5388888889,6.547619048,8.002627619e-06,-1.586472665e-05,7.197764122e-05,-5.189943095e-06
-0.5388888889,6.80952381,4.433880735e-07,-1.34744845e-05,2.544534143e-06,1.499228663e-05
-0.5388888889,7.071428571,1.322896788e-06,-1.318098718e-05,1.243679494e-06,1.225332217e-05
-0.5388888889,7.333333333,1.918462293e-06,-1.161463701e-05,-3.13782886e-07,9.69930596e-06
-0.2694444444,-7.333333333,-1.009623813e-06,-1.261244297e-05,8.460229836e-07,-7.844240884e-06
-0.2694444444,-7.071428571,-8.807376187e-07,-1.429839185e-05,3.197838023e-06,-5.719753373e-06
-0.2694444444,-6.80952381,-6.707158149e-08,-1.521412348e-05,3.042158361e-06,-1.095397636e-06
-0.2694444444,-6.547619048,-3.94915895e-06,-1.69480879e-05,3.658183739e-05,1.417603778e-05
-0.2694444444,-6.285714286,-1.035092384e-05,-3.145766903e-05,0.0001124451003,0.000157958754
-0.2694444444,-6.023809524,-1.294865424e-05,-5.435660724e-05,0.0001829020976,0.0004378937743
-0.2694444444,-5.761904762,-1.236052805e-05,-7.936769444e-05,0.0002663411297,0.0008624950918
-0.2694444444,-5.5,-7.77848118e-06,-9.976342747e-05,0.0003769663156,0.001469994856
-0.2694444444,-5.238095238,2.836106771e-06,-0.0001063237286,0.0005294873521,0.0023259197
-0.2694444444,-4.976190476,2.299907334e-05,-8.448498748e-05,0.0007408562401,0.003525859452
-0.2694444444,-4.714285714,5.839557186e-05,-1.113873518e-05,0.001031901762,0.005201026518
-0.2694444444,-4.452380952,0.0001179415315,0.000150482407,0.001428857936,0.007527080343
-0.2694444444,-4.19047619,0.0002154660225,0.000458373444,0.001964968515,0.01073571934
-0.2694444444,-3.928571429,0.000372433895,0.001003389794,0.002682305027,0.01512934874
-0.2694444444,-3.666666667,0.0006224632703,0.001927472321,0.003633856988,0.02109913606
-0.2694444444,-3.404761905,0.001019119441,0.003452967693,0.004885789895,0.02914667345
-0.2694444444,-3.142857143,0.001649976499,0.005931398006,0.006519162076,0.03990863581
-0.2694444444,-2.880952381,0.002663288766,0.009927932135,0.008628417684,0.05418073209
-0.2694444444,-2.619047619,0.004321465091,0.01637481585,0.01130767284,0.07292720768
-0.2694444444,-2.357142857,0.007115164953,0.02686568126,0.0145954497,0.09723070523
-0.2694444444,-2.095238095,0.01202483072,0.04425629684,0.0182797434,0.1280379521
-0.2694444444,-1.833333333,0.02117346845,0.07398148253,0.02121566904,0.16523092
-0.2694444444,-1.571428571,0.03963537349,0.1271917141,0.01880570892,0.2044177996
-0.2694444444,-1.30952381,0.08116200659,0.2289818639,-0.007310175313,0.2255750196
-0.2694444444,-1.047619048,0.1904587473,0.4375479751,-0.1390987821,0.1553578062
-0.2694444444,-0.7857142857,nan,nan,nan,nan
-0.2694444444,-0.5238095238,nan,nan,nan,nan
-0.2694444444,-0.2619047619,nan,nan,nan,nan
-0.2694444444,0,nan,nan,nan,nan
-0.2694444444,0.2619047619,nan,nan,nan,nan
-0.2694444444,0.5238095238,nan,nan,nan,nan
-0.2694444444,0.7857142857,nan,nan,nan,nan
-0.2694444444,1.047619048,-0.1904587474,0.4375479751,-0.139098782,-0.1553577944
-0.2694444444,1.30952381,-0.08116200668,0.2289818637,-0.007310175225,-0.2255750075
-0.2694444444,1.571428571,-0.03963537358,0.1271917137,0.01880570897,-0.2044177875
-0.2694444444,1.833333333,-0.02117346853,0.07398148202,0.02121566906,-0.1652309078
-0.2694444444,2.095238095,-0.01202483079,0.0442562962,0.0182797434,-0.1280379398
-0.2694444444,2.357142857,-0.007115165009,0.02686568049,0.01459544969,-0.097230693
-0.2694444444,2.619047619,-0.004321465137,0.01637481499,0.01130767282,-0.07292719548
-0.2694444444,2.880952381,-0.002663288799,0.009927931199,0.00862841764,-0.05418071996
-0.2694444444,3.142857143,-0.001649976518,0.005931397018,0.00651916201,-0.03990862378
-0.2694444444,3.404761905,-0.001019119443,0.003452966685,0.004885789801,-0.02914666157
-0.2694444444,3.666666667,-0.0006224632509,0.00192747133,0.003633856856,-0.02109912439
-0.2694444444,3.928571429,-0.0003724338519,0.001003388862,0.002682304841,-0.01512933737
-0.2694444444,4.19047619,-0.0002154659544,0.0004583726195,0.001964968254,-0.01073570839
-0.2694444444,4.452380952,-0.0001179414396,0.0001504817386,0.001428857572,-0.007527069979
-0.2694444444,4.714285714,-5.839546158e-05,-1.113920456e-05,0.001031901265,-0.005201016969
-0.2694444444,4.976190476,-2.299895504e-05,-8.448523017e-05,0.0007408555889,-0.003525850998
-0.2694444444,5.238095238,-2.835995356e-06,-0.0001063237415,0.0005294865501,-0.002325912648
-0.2694444444,5.5,7.77856801e-06,-9.976323923e-05,0.0003769654118,-0.001469989472
-0.2694444444,5.761904762,1.236057256e-05,-7.936736837e-05,0.0002663402311,-0.0008624914928
-0.2694444444,6.023809524,1.294864338e-05,-5.435623725e-05,0.0001829013549,-0.0004378918182
-0.2694444444,6.285714286,1.035086599e-05,-3.14573606e-05,0.0001124446447,-0.0001579579867
-0.2694444444,6.547619048,3.949133579e-06,-1.694788042e-05,3.658175058e-05,-1.417579271e-05
-0.2694444444,6.80952381,6.693899128e-08,-1.521398208e-05,3.041293649e-06,1.09520104e-06
-0.2694444444,7.071428571,8.803094696e-07,-1.429879121e-05,3.195368485e-06,5.716284812e-06
-0.2694444444,7.333333333,1.008901779e-06,-1.261398101e-05,8.42190866e-07,7.834564491e-06
-4.440892099e-16,-7.333333333,-8.910786605e-19,-1.302482447e-05,1.045011921e-17,-6.401618648e-06
-4.440892099e-16,-7.071428571,3.506716402e-18,-1.474411864e-05,1.037588471e-17,-4.727967924e-07
-4.440892099e-16,-6.80952381,-2.764037913e-17,-1.690966572e-05,-1.609541817e-17,1.18192502e-05
-4.440892099e-16,-6.547619048,3.761503912e-17,-1.723753234e-05,-1.701642786e-18,9.672237945e-06
-4.440892099e-16,-6.285714286,-2.870086438e-17,-3.155506034e-05,8.250539325e-18,0.000165347071
-4.440892099e-16,-6.023809524,3.946834721e-17,-5.545700237e-05,-8.420317203e-18,0.0004578132056
-4.440892099e-16,-5.761904762,2.085733929e-17,-8.089807716e-05,8.425158427e-18,0.0009002744984
-4.440892099e-16,-5.5,3.795724043e-17,-0.0001012016483,-8.058126954e-18,0.001532802067
-4.440892099e-16,-5.238095238,1.182457994e-17,-0.0001068348878,4.433362238e-18,0.002423407128
-4.440892099e-16,-4.976190476,1.260385026e-17,-8.246409192e-05,4.729077738e-17,0.003671580108
-4.440892099e-16,-4.714285714,5.059836014e-17,-3.909752362e-06,1.127545385e-17,0.005413907345
-4.440892099e-16,-4.452380952,-4.612602618e-17,0.0001673466665,4.314113082e-17,0.007833583426
-4.440892099e-16,-4.19047619,7.813031905e-18,0.0004921301284,4.488161216e-18,0.01117286949
-4.440892099e-16,-3.928571429,-5.000882521e-18,0.001065907179,3.677855945e-17,0.01574914958
-4.440892099e-16,-3.666666667,1.120116369e-17,0.002038271668,-1.11938535e-17,0.02197520388
-4.440892099e-16,-3.404761905,1.85669622e-17,0.003644618168,5.149196881e-17,0.03038444417
-4.440892099e-16,-3.142857143,5.094394958e-17,0.006259519094,5.251789723e-17,0.04166134528
-4.440892099e-16,-2.880952381,6.964643706e-17,0.01049071137,-6.626553006e-17,0.05667454572
-4.440892099e-16,-2.619047619,-1.166872588e-17,0.01735338719,7.625040538e-17,0.07649976329
-4.440892099e-16,-2.357142857,6.722053469e-18,0.02861349457,6.879994233e-17,0.1023841245
-4.440892099e-16,-2.095238095,6.089150451e-17,0.04751331013,1.483074587e-16,0.1354810955
-4.440892099e-16,-1.833333333,6.06340065e-17,0.08043951984,7.093332773e-17,0.17574241
-4.440892099e-16,-1.571428571,6.903657333e-17,0.1411783649,2.322485838e-16,0.2175996309
-4.440892099e-16,-1.30952381,6.212478448e-17,0.2633347371,5.094788248e-17,0.2321057317
-4.440892099e-16,-1.047619048,4.563949045e-16,0.5312530149,-8.169228829e-16,0.09412208075
-4.440892099e-16,-0.7857142857,nan,nan,nan,nan
-4.440892099e-16,-0.5238095238,nan,nan,nan,nan
-4.440892099e-16,-0.2619047619,nan,nan,nan,nan
-4.440892099e-16,0,nan,nan,nan,nan
-4.440892099e-16,0.2619047619,nan,nan,nan,nan
-4.440892099e-16,0.5238095238,nan,nan,nan,nan
-4.440892099e-16,0.7857142857,nan,nan,nan,nan
-4.440892099e-16,1.047619048,-4.708147934e-17,0.5312530149,-5.285821776e-16,-0.09412206893
-4.440892099e-16,1.30952381,-1.680784418e-16,0.263334737,4.091284064e-17,-0.2321057197
-4.440892099e-16,1.571428571,-8.386303804e-17,0.1411783645,-1.016886193e-16,-0.2175996188
-4.440892099e-16,1.833333333,-9.934002405e-17,0.08043951934,-3.059253659e-17,-0.1757423978
-4.440892099e-16,2.095238095,-5.976664476e-18,0.04751330949,4.237151619e-17,-0.1354810832
-4.440892099e-16,2.357142857,1.123504501e-17,0.02861349381,-2.887335029e-17,-0.1023841122
-4.440892099e-16,2.619047619,2.09115494e-17,0.01735338633,1.089359844e-16,-0.07649975102
-4.440892099e-16,2.880952381,1.626303259e-19,0.01049071043,1.126503248e-16,-0.05667453353
-4.440892099e-16,3.142857143,9.744267025e-18,0.006259518107,3.236306266e-17,-0.04166133319
-4.440892099e-16,3.404761905,1.044899844e-17,0.003644617162,4.087718585e-17,-0.03038443223
-4.440892099e-16,3.666666667,-7.128629284e-18,0.00203827068,-1.061851544e-17,-0.02197519217
-4.440892099e-16,3.928571429,-1.869571121e-17,0.001065906253,2.96669401e-17,-0.01574913818
-4.440892099e-16,4.19047619,2.900240811e-17,0.0004921293118,-8.537190461e-18,-0.01117285853
-4.440892099e-16,4.452380952,1.510429152e-17,0.0001673460067,-1.33087363e-17,-0.007833573082
-4.440892099e-16,4.714285714,7.115076757e-18,-3.910214366e-06,5.124919191e-19,-0.005413897849
-4.440892099e-16,4.976190476,-2.900240811e-18,-8.246433075e-05,-1.182137859e-17,-0.003671571741
-4.440892099e-16,5.238095238,-1.53584014e-17,-0.000106834903,2.075326833e-17,-0.002423400187
-4.440892099e-16,5.5,1.10419215e-17,-0.0001012014717,-1.240524982e-19,-0.001532796795
-4.440892099e-16,5.761904762,7.260766424e-18,-8.089777617e-05,2.828424366e-17,-0.0009002709848
-4.440892099e-16,6.023809524,2.53025682e-17,-5.545667627e-05,8.887058826e-18,-0.000457811288
-4.440892099e-16,6.285714286,-1.670348972e-17,-3.155481595e-05,-1.113415711e-17,-0.0001653463272
-4.440892099e-16,6.547619048,2.100641709e-19,-1.723740305e-05,-8.89166889e-18,-9.672117299e-06
-4.440892099e-16,6.80952381,8.328027937e-18,-1.690951673e-05,-1.224969238e-17,-1.181919904e-05
-4.440892099e-16,7.071428571,1.497554251e-17,-1.474452685e-05,-2.027661461e-17,4.695097973e-07
-4.440892099e-16,7.333333333,-2.09115494e-17,-1.302634577e-05,1.402929179e-17,6.392183819e-06
0.2694444444,-7.333333333,1.009623813e-06,-1.261244297e-05,-8.460229836e-07,-7.844240884e-06
0.2694444444,-7.071428571,8.807376186e-07,-1.429839185e-05,-3.197838023e-06,-5.719753373e-06
0.2694444444,-6.80952381,6.707158154e-08,-1.521412348e-05,-3.042158361e-06,-1.095397636e-06
0.2694444444,-6.547619048,3.94915895e-06,-1.69480879e-05,-3.658183739e-05,1.417603778e-05
0.2694444444,-6.285714286,1.035092384e-05,-3.145766903e-05,-0.0001124451003,0.000157958754
0.2694444444,-6.023809524,1.294865424e-05,-5.435660724e-05,-0.0001829020976,0.0004378937743
0.2694444444,-5.761904762,1.236052805e-05,-7.936769444e-05,-0.0002663411297,0.0008624950918
0.2694444444,-5.5,7.77848118e-06,-9.976342747e-05,-0.0003769663156,0.001469994856
0.2694444444,-5.238095238,-2.836106771e-06,-0.0001063237286,-0.0005294873521,0.0023259197
0.2694444444,-4.976190476,-2.299907334e-05,-8.448498748e-05,-0.0007408562401,0.003525859452
0.2694444444,-4.714285714,-5.839557186e-05,-1.113873518e-05,-0.001031901762,0.005201026518
0.2694444444,-4.452380952,-0.0001179415315,0.000150482407,-0.001428857936,0.007527080343
0.2694444444,-4.19047619,-0.0002154660225,0.000458373444,-0.001964968515,0.01073571934
0.2694444444,-3.928571429,-0.000372433895,0.001003389794,-0.002682305027,0.01512934874
0.2694444444,-3.666666667,-0.0006224632703,0.001927472321,-0.003633856988,0.02109913606
0.2694444444,-3.404761905,-0.001019119441,0.003452967693,-0.004885789895,0.02914667345
0.2694444444,-3.142857143,-0.001649976499,0.005931398006,-0.006519162076,0.03990863581
0.2694444444,-2.880952381,-0.002663288766,0.009927932135,-0.008628417684,0.05418073209
0.2694444444,-2.619047619,-0.004321465091,0.01637481585,-0.01130767284,0.07292720768
0.2694444444,-2.357142857,-0.007115164953,0.02686568126,-0.0145954497,0.09723070523
0.2694444444,-2.095238095,-0.01202483072,0.04425629684,-0.0182797434,0.1280379521
0.2694444444,-1.833333333,-0.02117346845,0.07398148253,-0.02121566904,0.16523092
0.2694444444,-1.571428571,-0.03963537349,0.1271917141,-0.01880570892,0.2044177996
0.2694444444,-1.30952381,-0.08116200659,0.2289818639,0.007310175313,0.2255750196
0.2694444444,-1.047619048,-0.1904587473,0.4375479751,0.1390987821,0.1553578062
0.2694444444,-0.7857142857,nan,nan,nan,nan
0.2694444444,-0.5238095238,nan,nan,nan,nan
0.2694444444,-0.2619047619,nan,nan,nan,nan
0.2694444444,0,nan,nan,nan,nan
0.2694444444,0.2619047619,nan,nan,nan,nan
0.2694444444,0.5238095238,nan,nan,nan,nan
0.2694444444,0.7857142857,nan,nan,nan,nan
0.2694444444,1.047619048,0.1904587474,0.4375479751,0.139098782,-0.1553577944
0.2694444444,1.30952381,0.08116200668,0.2289818637,0.007310175225,-0.2255750075
0.2694444444,1.571428571,0.03963537358,0.1271917137,-0.01880570897,-0.2044177875
0.2694444444,1.833333333,0.02117346853,0.07398148202,-0.02121566906,-0.1652309078
0.2694444444,2.095238095,0.01202483079,0.0442562962,-0.0182797434,-0.1280379398
0.2694444444,2.357142857,0.007115165009,0.02686568049,-0.01459544969,-0.097230693
0.2694444444,2.619047619,0.004321465137,0.01637481499,-0.01130767282,-0.07292719548
0.2694444444,2.880952381,0.002663288799,0.009927931199,-0.00862841764,-0.05418071996
0.2694444444,3.142857143,0.001649976518,0.005931397018,-0.00651916201,-0.03990862378
0.2694444444,3.404761905,0.001019119443,0.003452966685,-0.004885789801,-0.02914666157
0.2694444444,3.666666667,0.0006224632509,0.00192747133,-0.003633856856,-0.02109912439
0.2694444444,3.928571429,0.0003724338519,0.001003388862,-0.002682304841,-0.01512933737
0.2694444444,4.19047619,0.0002154659544,0.0004583726195,-0.001964968254,-0.01073570839
0.2694444444,4.452380952,0.0001179414396,0.0001504817386,-0.001428857572,-0.007527069979
0.2694444444,4.714285714,5.839546158e-05,-1.113920456e-05,-0.001031901265,-0.005201016969
0.2694444444,4.976190476,2.299895504e-05,-8.448523017e-05,-0.0007408555889,-0.003525850998
0.2694444444,5.238095238,2.835995356e-06,-0.0001063237415,-0.0005294865501,-0.002325912648
0.2694444444,5.5,-7.77856801e-06,-9.976323923e-05,-0.0003769654118,-0.001469989472
0.2694444444,5.761904762,-1.236057256e-05,-7.936736837e-05,-0.0002663402311,-0.0008624914928
0.2694444444,6.023809524,-1.294864338e-05,-5.435623725e-05,-0.0001829013549,-0.0004378918182
0.2694444444,6.285714286,-1.035086599e-05,-3.14573606e-05,-0.0001124446447,-0.0001579579867
0.2694444444,6.547619048,-3.949133579e-06,-1.694788042e-05,-3.658175058e-05,-1.417579271e-05
0.2694444444,6.80952381,-6.693899127e-08,-1.521398208e-05,-3.041293649e-06,1.09520104e-06
0.2694444444,7.071428571,-8.803094696e-07,-1.429879121e-05,-3.195368485e-06,5.716284812e-06
0.2694444444,7.333333333,-1.008901779e-06,-1.261398101e-05,-8.42190866e-07,7.834564491e-06
0.5388888889,-7.333333333,1.919973311e-06,-1.161303962e-05,3.059488853e-07,-9.709694496e-06
0.5388888889,-7.071428571,1.32378566e-06,-1.318065165e-05,-1.248692629e-06,-1.225722234e-05
0.5388888889,-6.80952381,4.436531098e-07,-1.347472461e-05,-2.546303543e-06,-1.499278547e-05
0.5388888889,-6.547619048,8.002716072e-06,-1.586510019e-05,-7.197784612e-05,5.190062495e-06
0.5388888889,-6.285714286,1.987132253e-05,-2.971949623e-05,-0.0002106882523,0.0001342512317
0.5388888889,-6.023809524,2.505863631e-05,-5.092695251e-05,-0.0003436837045,0.000380763799
0.5388888889,-5.761904762,2.433846277e-05,-7.462556341e-05,-0.0005010404531,0.0007545892296
0.5388888889,-5.5,1.612831628e-05,-9.505349159e-05,-0.0007098663831,0.001290476122
0.5388888889,-5.238095238,-3.337074263e-06,-0.0001041660255,-0.000997787028,0.002046894509
0.5388888889,-4.976190476,-4.062385061e-05,-8.93067018e-05,-0.001396613958,0.003108603316
0.5388888889,-4.714285714,-0.0001063338194,-3.047951854e-05,-0.00194529917,0.004591430635
0.5388888889,-4.452380952,-0.0002170601514,0.0001041327977,-0.00269259482,0.006649693851
0.5388888889,-4.19047619,-0.0003984475448,0.0003645670427,-0.003699690867,0.009485391226
0.5388888889,-3.928571429,-0.0006900647071,0.0008287896974,-0.005042946987,0.01335918869
0.5388888889,-3.666666667,-0.001153356702,0.001617522811,-0.006816621129,0.01860270357
0.5388888889,-3.404761905,-0.001885079068,0.00291732669,-0.009135034756,0.02563105838
0.5388888889,-3.142857143,-0.003040932348,0.005017388577,-0.01213232141,0.03495317237
0.5388888889,-2.880952381,-0.004879046758,0.008369828671,-0.01595420797,0.0471736311
0.5388888889,-2.619047619,-0.007843954944,0.01369168587,-0.02072570584,0.06297113549
0.5388888889,-2.357142857,-0.01273741751,0.02214288367,-0.02644789389,0.08301716234
0.5388888889,-2.095238095,-0.02108612039,0.03564499249,-0.03268519256,0.1077482156
0.5388888889,-1.833333333,-0.03598343396,0.05745725354,-0.03761896466,0.1367975418
0.5388888889,-1.571428571,-0.06414795287,0.0931730631,-0.03511764762,0.1677398189
0.5388888889,-1.30952381,-0.1212892356,0.1520470403,-0.005421202983,0.1942097836
0.5388888889,-1.047619048,-0.2466031081,0.2461015609,0.1141000741,0.2097358601
0.5388888889,-0.7857142857,nan,nan,nan,nan
0.5388888889,-0.5238095238,nan,nan,nan,nan
0.5388888889,-0.2619047619,nan,nan,nan,nan
0.5388888889,0,nan,nan,nan,nan
0.5388888889,0.2619047619,nan,nan,nan,nan
0.5388888889,0.5238095238,nan,nan,nan,nan
0.5388888889,0.7857142857,nan,nan,nan,nan
0.5388888889,1.047619048,0.2466031083,0.2461015608,0.114100074,-0.2097358482
0.5388888889,1.30952381,0.1212892357,0.1520470401,-0.0054212031,-0.1942097716
0.5388888889,1.571428571,0.06414795303,0.0931730627,-0.03511764769,-0.1677398069
0.5388888889,1.833333333,0.03598343411,0.057457253,-0.0376189647,-0.1367975298
0.5388888889,2.095238095,0.02108612051,0.03564499183,-0.03268519257,-0.1077482036
0.5388888889,2.357142857,0.01273741762,0.0221428829,-0.02644789387,-0.08301715032
0.5388888889,2.619047619,0.007843955033,0.01369168501,-0.02072570579,-0.06297112351
0.5388888889,2.880952381,0.004879046825,0.008369827735,-0.01595420789,-0.04717361917
0.5388888889,3.142857143,0.003040932387,0.005017387588,-0.01213232129,-0.03495316053
0.5388888889,3.404761905,0.001885079074,0.002917325676,-0.009135034582,-0.02563104668
0.5388888889,3.666666667,0.001153356666,0.001617521808,-0.006816620884,-0.01860269205
0.5388888889,3.928571429,0.0006900646242,0.0008287887472,-0.005042946644,-0.01335917742
0.5388888889,4.19047619,0.0003984474108,0.0003645661944,-0.003699690383,-0.009485380308
0.5388888889,4.452380952,0.0002170599676,0.0001041321029,-0.00269259414,-0.006649683436
0.5388888889,4.714285714,0.0001063335956,-3.04800118e-05,-0.00194529823,-0.004591420931
0.5388888889,4.976190476,4.062360683e-05,-8.930695866e-05,-0.001396612705,-0.003108594602
0.5388888889,5.238095238,3.336840187e-06,-0.0001041660351,-0.0009977854499,-0.002046887117
0.5388888889,5.5,-1.612850578e-05,-9.505327512e-05,-0.0007098645605,-0.001290470379
0.5388888889,5.761904762,-2.43385746e-05,-7.462517447e-05,-0.0005010385929,-0.0007545853437
0.5388888889,6.023809524,-2.505864608e-05,-5.092646887e-05,-0.0003436821298,-0.0003807617182
0.5388888889,6.285714286,-1.987122922e-05,-2.971901359e-05,-0.0002106873089,-0.000134250524
0.5388888889,6.547619048,-8.002627619e-06,-1.586472665e-05,-7.197764122e-05,-5.189943095e-06
0.5388888889,6.80952381,-4.433880735e-07,-1.34744845e-05,-2.544534143e-06,1.499228663e-05
0.5388888889,7.071428571,-1.322896788e-06,-1.318098718e-05,-1.243679494e-06,1.225332217e-05
0.5388888889,7.333333333,-1.918462293e-06,-1.161463701e-05,3.13782886e-07,9.69930596e-06
0.8083333333,-7.333333333,2.993626341e-06,-9.930489412e-06,2.248445293e-06,-8.840208288e-06
0.8083333333,-7.071428571,2.320999017e-06,-1.219449154e-05,2.381535934e-06,-1.145745513e-05
0.8083333333,-6.80952381,2.368959954e-07,-1.440120974e-05,1.861335089e-06,-1.485822264e-05
0.8083333333,-6.547619048,1.191963695e-05,-1.598003115e-05,-0.0001027757424,-4.427803965e-06
0.8083333333,-6.285714286,2.763767799e-05,-2.667785138e-05,-0.0002855354663,0.0001007151457
0.8083333333,-6.023809524,3.541610192e-05,-4.47899815e-05,-0.0004638314993,0.0002957908798
0.8083333333,-5.761904762,3.54124614e-05,-6.627294772e-05,-0.0006771447295,0.0005921650259
0.8083333333,-5.5,2.529887483e-05,-8.638823206e-05,-0.0009611190445,0.001019200967
0.8083333333,-5.238095238,1.135908679e-07,-9.87406299e-05,-0.001352757739,0.001624527868
0.8083333333,-4.976190476,-4.884821851e-05,-9.359942345e-05,-0.001894864993,0.002476373885
0.8083333333,-4.714285714,-0.000135712617,-5.553605495e-05,-0.002639670776,0.003667528204
0.8083333333,-4.452380952,-0.0002825408746,3.994193582e-05,-0.003651908298,0.005320600819
0.8083333333,-4.19047619,-0.0005232433244,0.0002312291307,-0.005011575574,0.007594105073
0.8083333333,-3.928571429,-0.0009096595019,0.0005776533771,-0.00681621617,0.01068867971
0.8083333333,-3.666666667,-0.001521212274,0.00116973232,-0.009182176554,0.01485222637
0.8083333333,-3.404761905,-0.002480643962,0.002144148306,-0.01224342615,0.02038169597
0.8083333333,-3.142857143,-0.00398054276,0.003705591826,-0.01614458974,0.02761734553
0.8083333333,-2.880952381,-0.006329646061,0.006158358802,-0.02102005337,0.03692174226
0.8083333333,-2.619047619,-0.01003664573,0.00995085274,-0.02693931754,0.04862954448
0.8083333333,-2.357142857,-0.01596714056,0.01573347792,-0.03376989687,0.06294437783
0.8083333333,-2.095238095,-0.02564623023,0.02441584354,-0.04083850112,0.07975075365
0.8083333333,-1.833333333,-0.04185201944,0.03715126413,-0.04610545697,0.0983372473
0.8083333333,-1.571428571,-0.06976570581,0.05496742161,-0.04422815285,0.1172622695
0.8083333333,-1.30952381,-0.118991875,0.07705105097,-0.02254185795,0.135709915
0.8083333333,-1.047619048,-0.2057085743,0.0945587435,0.04392754821,0.1615833618
0.8083333333,-0.7857142857,-0.3467761199,0.07226789765,0.1787410012,0.2378217575
0.8083333333,-0.5238095238,nan,nan,nan,nan
0.8083333333,-0.2619047619,nan,nan,nan,nan
0.8083333333,0,nan,nan,nan,nan
0.8083333333,0.2619047619,nan,nan,nan,nan
0.8083333333,0.5238095238,nan,nan,nan,nan
0.8083333333,0.7857142857,0.34677612,0.07226789753,0.1787410012,-0.2378217457
0.8083333333,1.047619048,0.2057085745,0.09455874327,0.04392754813,-0.1615833501
0.8083333333,1.30952381,0.1189918753,0.07705105064,-0.02254185804,-0.1357099033
0.8083333333,1.571428571,0.06976570603,0.05496742116,-0.04422815291,-0.1172622579
0.8083333333,1.833333333,0.04185201964,0.03715126357,-0.046105457,-0.09833723561
0.8083333333,2.095238095,0.02564623041,0.02441584287,-0.04083850112,-0.07975074197
0.8083333333,2.357142857,0.01596714072,0.01573347715,-0.03376989684,-0.06294436617
0.8083333333,2.619047619,0.01003664586,0.009950851882,-0.02693931746,-0.04862953286
0.8083333333,2.880952381,0.006329646162,0.006158357869,-0.02102005326,-0.03692173068
0.8083333333,3.142857143,0.003980542823,0.003705590836,-0.01614458958,-0.02761733402
0.8083333333,3.404761905,0.002480643976,0.002144147285,-0.01224342591,-0.02038168456
0.8083333333,3.666666667,0.001521212229,0.001169731299,-0.009182176233,-0.0148522151
0.8083333333,3.928571429,0.0009096593862,0.0005776523981,-0.006816215722,-0.01068866863
0.8083333333,4.19047619,0.0005232431299,0.0002312282424,-0.005011574942,-0.007594094242
0.8083333333,4.452380952,0.0002825406004,3.994119412e-05,-0.003651907402,-0.005320590351
0.8083333333,4.714285714,0.0001357122747,-5.553659352e-05,-0.002639669511,-0.00366751827
0.8083333333,4.976190476,4.884783628e-05,-9.359971199e-05,-0.001894863251,-0.002476364742
0.8083333333,5.238095238,-1.139677347e-07,-9.874064503e-05,-0.001352755458,-0.001624519876
0.8083333333,5.5,-2.529919244e-05,-8.638798608e-05,-0.0009611162953,-0.001019194548
0.8083333333,5.761904762,-3.541267333e-05,-6.627248919e-05,-0.0006771417927,-0.0005921605476
0.8083333333,6.023809524,-3.541618525e-05,-4.478937485e-05,-0.0004638288766,-0.0002957884645
0.8083333333,6.285714286,-2.763763213e-05,-2.667713841e-05,-0.0002855337552,-0.0001007145179
0.8083333333,6.547619048,-1.191946734e-05,-1.597923556e-05,-0.0001027753762,4.427362574e-06
0.8083333333,6.80952381,-2.364716397e-07,-1.440056987e-05,1.86409199e-06,1.485736713e-05
0.8083333333,7.071428571,-2.319487115e-06,-1.219472448e-05,2.38935917e-06,1.145293705e-05
0.8083333333,7.333333333,-2.991174285e-06,-9.932257585e-06,2.260687916e-06,8.828615425e-06
1.077777778,-7.333333333,3.871099842e-06,-6.967839352e-06,3.033902265e-06,-5.951179498e-06
1.077777778,-7.071428571,4.08596725e-06,-8.679240521e-06,2.919718085e-06,-6.490500419e-06
1.077777778,-6.80952381,2.958624231e-06,-1.113531779e-05,1.296057823e-06,-5.555734792e-06
1.077777778,-6.547619048,1.204517543e-05,-1.268703921e-05,-0.000114509952,1.836466218e-06
1.077777778,-6.285714286,3.254766139e-05,-2.049586608e-05,-0.0003245020516,6.625294407e-05
1.077777778,-6.023809524,4.351733383e-05,-3.54406151e-05,-0.0005293984389,0.0001959831054
1.077777778,-5.761904762,4.503129453e-05,-5.410436927e-05,-0.0007761089889,0.0003980617677
1.077777778,-5.5,3.493437278e-05,-7.305604154e-05,-0.001105182251,0.000693398823
1.077777778,-5.238095238,7.835294839e-06,-8.81309327e-05,-0.001558926657,0.001115809045
1.077777778,-4.976190476,-4.602887812e-05,-9.3000189e-05,-0.002186404235,0.001713564651
1.077777778,-4.714285714,-0.0001425672512,-7.763908182e-05,-0.003047120829,0.002551893362
1.077777778,-4.452380952,-0.0003065910966,-2.603599322e-05,-0.004213901337,0.003716151535
1.077777778,-4.19047619,-0.000575964452,8.684490115e-05,-0.005774885985,0.005314740215
1.077777778,-3.928571429,-0.001007907217,0.0002992761864,-0.007834187279,0.007480921702
1.077777778,-3.666666667,-0.001688583224,0.0006684124146,-0.01050999126,0.01037183071
1.077777778,-3.404761905,-0.002747965034,0.001277507424,-0.01392777262,0.01416185948
1.077777778,-3.142857143,-0.004383337288,0.002244366988,-0.01820395061,0.0190258813
1.077777778,-2.880952381,-0.00689718857,0.003729223852,-0.02341051416,0.02510530115
1.077777778,-2.619047619,-0.01075926874,0.005936420363,-0.02950133524,0.03244729027
1.077777778,-2.357142857,-0.01670844253,0.009094491901,-0.03616128719,0.04090755897
1.077777778,-2.095238095,-0.02591578309,0.01337469244,-0.04250429916,0.05002047147
1.077777778,-1.833333333,-0.04022299962,0.0186483705,-0.04650095289,0.05890091908
1.077777778,-1.571428571,-0.06239514814,0.02385000985,-0.0440370333,0.06643479187
1.077777778,-1.30952381,-0.09599326092,0.02547619495,-0.02796739679,0.0724523149
1.077777778,-1.047619048,-0.1433798383,0.01466715287,0.01038251281,0.08085394875
1.077777778,-0.7857142857,-0.1980188073,-0.02588676565,0.0699131226,0.1021667249
1.077777778,-0.5238095238,-0.2276926224,-0.1154366927,0.1156056977,0.1369943409
1.077777778,-0.2619047619,-0.1675370528,-0.2369797609,0.09476874858,0.126613198
1.077777778,0,3.54931665e-12,-0.3019240941,0.06134817265,5.752970624e-09
1.077777778,0.2619047619,0.1675370529,-0.2369797609,0.09476874864,-0.1266131866
1.077777778,0.5238095238,0.2276926225,-0.1154366929,0.1156056978,-0.1369943296
1.077777778,0.7857142857,0.1980188075,-0.02588676587,0.06991312264,-0.1021667136
1.077777778,1.047619048,0.1433798385,0.01466715256,0.0103825128,-0.08085393748
1.077777778,1.30952381,0.09599326117,0.02547619456,-0.02796739683,-0.07245230367
1.077777778,1.571428571,0.06239514839,0.02385000936,-0.04403703333,-0.06643478067
1.077777778,1.833333333,0.04022299987,0.01864836993,-0.0465009529,-0.0589009079
1.077777778,2.095238095,0.02591578331,0.01337469177,-0.04250429915,-0.05002046031
1.077777778,2.357142857,0.01670844273,0.009094491139,-0.03616128714,-0.04090754783
1.077777778,2.619047619,0.01075926891,0.005936419516,-0.02950133516,-0.03244727915
1.077777778,2.880952381,0.006897188707,0.00372922293,-0.02341051402,-0.02510529007
1.077777778,3.142857143,0.004383337378,0.002244366005,-0.01820395042,-0.01902587028
1.077777778,3.404761905,0.002747965065,0.001277506399,-0.01392777236,-0.01416184852
1.077777778,3.666666667,0.00168858318,0.000668411376,-0.01050999091,-0.01037181983
1.077777778,3.928571429,0.001007907081,0.0002992751709,-0.007834186796,-0.007480910925
1.077777778,4.19047619,0.0005759642081,8.684395731e-05,-0.005774885309,-0.005314729569
1.077777778,4.452380952,0.0003065907378,-2.603680543e-05,-0.004213900369,-0.00371614107
1.077777778,4.714285714,0.0001425667861,-7.763969472e-05,-0.003047119425,-0.002551883176
1.077777778,4.976190476,4.602834059e-05,-9.300053774e-05,-0.00218640221,-0.001713554943
1.077777778,5.238095238,-7.835842097e-06,-8.813097409e-05,-0.001558923842,-0.001115800169
1.077777778,5.5,-3.493484796e-05,-7.305577699e-05,-0.001105178624,-0.0006933913123
1.077777778,5.761904762,-4.503162684e-05,-5.410385708e-05,-0.0007761048494,-0.0003980562253
1.077777778,6.023809524,-4.351750529e-05,-3.543995093e-05,-0.0005293944997,-0.0001959799127
1.077777778,6.285714286,-3.254773317e-05,-2.049512425e-05,-0.0003244992272,-6.625190922e-05
1.077777778,6.547619048,-1.204523762e-05,-1.268629595e-05,-0.0001145090001,-1.836505216e-06
1.077777778,6.80952381,-2.957688096e-06,-1.113454596e-05,1.299833499e-06,5.554505443e-06
1.077777778,7.071428571,-4.083581082e-06,-8.679646268e-06,2.930844845e-06,6.485212368e-06
1.077777778,7.333333333,-3.867516168e-06,-6.970032046e-06,3.051292069e-06,5.937775998e-06
1.347222222,-7.333333333,3.640883712e-06,-3.337296753e-06,2.87759516e-06,-3.062281694e-06
1.347222222,-7.071428571,3.932039316e-06,-2.968062709e-06,2.125601035e-06,-3.221415327e-06
1.347222222,-6.80952381,3.035097206e-06,-2.399814217e-06,3.021840358e-09,-3.790303309e-06
1.347222222,-6.547619048,1.353519038e-05,-3.459440054e-06,-0.000112004655,-1.657746852e-06
1.347222222,-6.285714286,3.644873542e-05,-1.125977374e-05,-0.0003246382732,3.060849546e-05
1.347222222,-6.023809524,4.929539521e-05,-2.363432923e-05,-0.0005355504387,9.415121173e-05
1.347222222,-5.761904762,5.241045399e-05,-3.866079171e-05,-0.0007911277814,0.0001985574492
1.347222222,-5.5,4.393624426e-05,-5.500837396e-05,-0.001132331118,0.0003567288122
1.347222222,-5.238095238,1.859338521e-05,-7.0910377e-05,-0.001602453669,0.0005879645996
1.347222222,-4.976190476,-3.335410491e-05,-8.354384156e-05,-0.002251853324,0.0009195804479
1.347222222,-4.714285714,-0.0001278720269,-8.824316339e-05,-0.003141245386,0.001388372017
1.347222222,-4.452380952,-0.0002897728123,-7.738005719e-05,-0.004343809049,0.002041897863
1.347222222,-4.19047619,-0.0005566504627,-3.896964116e-05,-0.005945963391,0.002938947065
1.347222222,-3.928571429,-0.0009845764089,4.505824559e-05,-0.008045842111,0.004148315845
1.347222222,-3.666666667,-0.001656365369,0.000200696733,-0.01074778202,0.005744271151
1.347222222,-3.404761905,-0.002693515792,0.0004631996713,-0.0141497809,0.007796219267
1.347222222,-3.142857143,-0.004273432834,0.0008763671999,-0.01831872907,0.01034903007
1.347222222,-2.880952381,-0.006654042194,0.001486265407,-0.02324445481,0.01338965531
1.347222222,-2.619047619,-0.01020796406,0.002321811473,-0.02875750333,0.0167963924
1.347222222,-2.357142857,-0.01546621552,0.003346649376,-0.03438685119,0.02027299537
1.347222222,-2.095238095,-0.02316200288,0.004351820068,-0.03912706278,0.02328903429
1.347222222,-1.833333333,-0.03423421423,0.00473512435,-0.04110067506,0.02509557047
1.347222222,-1.571428571,-0.04966616479,0.003091916664,-0.03721045314,0.02497265385
1.347222222,-1.30952381,-0.06984627852,-0.00340714611,-0.02323385487,0.02292616311
1.347222222,-1.047619048,-0.09286454481,-0.01951503462,0.004463349946,0.02070940127
1.347222222,-0.7857142857,-0.1113325086,-0.05082698954,0.04422395467,0.02148121304
1.347222222,-0.5238095238,-0.1098307805,-0.09811633323,0.08414536131,0.02470356273
1.347222222,-0.2619047619,-0.07156709814,-0.1470649634,0.1084066511,0.02006429717
1.347222222,0,3.981980986e-11,-0.1688241165,0.1147420414,5.293060914e-09
1.347222222,0.2619047619,0.07156709824,-0.1470649635,0.1084066512,-0.02006428658
1.347222222,0.5238095238,0.1098307807,-0.09811633342,0.0841453614,-0.02470355214
1.347222222,0.7857142857,0.1113325088,-0.05082698981,0.04422395473,-0.02148120246
1.347222222,1.047619048,0.09286454506,-0.01951503496,0.004463349972,-0.02070939071
1.347222222,1.30952381,0.06984627879,-0.003407146526,-0.02323385487,-0.02292615257
1.347222222,1.571428571,0.04966616507,0.003091916171,-0.03721045314,-0.02497264334
1.347222222,1.833333333,0.0342342145,0.004735123775,-0.04110067505,-0.02509555998
1.347222222,2.095238095,0.02316200314,0.00435181941,-0.03912706275,-0.02328902382
1.347222222,2.357142857,0.01546621576,0.003346648634,-0.03438685114,-0.02027298491
1.347222222,2.619047619,0.01020796427,0.002321810651,-0.02875750324,-0.01679638196
1.347222222,2.880952381,0.006654042369,0.001486264509,-0.02324445467,-0.01338964489
1.347222222,3.142857143,0.004273432959,0.0008763662347,-0.01831872888,-0.01034901969
1.347222222,3.404761905,0.002693515851,0.0004631986528,-0.01414978065,-0.007796208913
1.347222222,3.666666667,0.001656365342,0.0002006956815,-0.01074778168,-0.005744260828
1.347222222,3.928571429,0.0009845762709,4.50571918e-05,-0.008045841666,-0.004148305544
1.347222222,4.19047619,0.0005566501888,-3.897065297e-05,-0.005945962787,-0.002938936769
1.347222222,4.452380952,0.0002897723834,-7.738096558e-05,-0.004343808192,-0.002041887545
1.347222222,4.714285714,0.000127871441,-8.824388914e-05,-0.003141244107,-0.001388361664
1.347222222,4.976190476,3.335339376e-05,-8.354429508e-05,-0.002251851353,-0.0009195701271
1.347222222,5.238095238,-1.859414121e-05,-7.091048109e-05,-0.001602450659,-0.0005879545718
1.347222222,5.5,-4.393691861e-05,-5.500810475e-05,-0.001132326806,-0.0003567196774
1.347222222,5.761904762,-5.241091656e-05,-3.866022112e-05,-0.0007911223384,-0.0001985501513
1.347222222,6.023809524,-4.929559177e-05,-2.363362678e-05,-0.0005355448405,-9.41466422e-05
1.347222222,6.285714286,-3.644873978e-05,-1.125914431e-05,-0.0003246341384,-3.0606677e-05
1.347222222,6.547619048,-1.353512349e-05,-3.459084128e-06,-0.0001120032981,1.658193341e-06
1.347222222,6.80952381,-3.033728048e-06,-2.39958186e-06,8.30923152e-09,3.789181899e-06
1.347222222,7.071428571,-3.92872028e-06,-2.969020339e-06,2.140996691e-06,3.215155112e-06
1.347222222,7.333333333,-3.635993335e-06,-3.34022672e-06,2.901365543e-06,3.046152311e-06
1.616666667,-7.333333333,2.441309193e-06,-7.900904868e-07,2.438461924e-06,-4.988311191e-07
1.616666667,-7.071428571,1.913197516e-06,4.664256549e-07,2.111354787e-06,-4.338667729e-07
1.616666667,-6.80952381,7.08509028e-07,2.372626465e-06,6.529324071e-07,-1.680529105e-06
1.616666667,-6.547619048,1.609678483e-05,2.028395164e-06,-0.0001014024733,3.195254118e-07
1.616666667,-6.285714286,3.887581098e-05,-3.743946631e-06,-0.0002908619235,-7.207727727e-07
1.616666667,-6.023809524,5.185221599e-05,-1.163423563e-05,-0.0004874048602,3.393429859e-06
1.616666667,-5.761904762,5.626857987e-05,-2.137878136e-05,-0.0007282781509,1.98442337e-05
1.616666667,-5.5,5.0505062e-05,-3.310510422e-05,-0.001049953602,5.301354512e-05
1.616666667,-5.238095238,2.983822905e-05,-4.699246385e-05,-0.001492631146,0.0001084834324
1.616666667,-4.976190476,-1.456110892e-05,-6.314426326e-05,-0.002103522745,0.0001941849559
1.616666667,-4.714285714,-9.717088723e-05,-8.146350908e-05,-0.002939188283,0.0003208868159
1.616666667,-4.452380952,-0.0002404648179,-0.0001014965221,-0.004066756755,0.0005021340435
1.616666667,-4.19047619,-0.0004782602322,-0.0001223312603,-0.00556341542,0.000753255741
1.616666667,-3.928571429,-0.0008603650826,-0.0001427318956,-0.007513010527,0.001088809325
1.616666667,-3.666666667,-0.001458911703,-0.0001619117886,-0.009997738285,0.001517394619
1.616666667,-3.404761905,-0.002376703865,-0.0001817266653,-0.01308171229,0.0020322931
1.616666667,-3.142857143,-0.003757747439,-0.0002119560002,-0.01678164877,0.002596106903
1.616666667,-2.880952381,-0.005799471201,-0.0002817298831,-0.02101771217,0.003118194683
1.616666667,-2.619047619,-0.008764315211,-0.0004626847584,-0.02553540868,0.003426255742
1.616666667,-2.357142857,-0.0129838181,-0.0009129898454,-0.0297893717,0.003240897155
1.616666667,-2.095238095,-0.0188377654,-0.001955257855,-0.03278825254,0.002177918178
1.616666667,-1.833333333,-0.02666907266,-0.004200197306,-0.03293347086,-0.0001705801952
1.616666667,-1.571428571,-0.03655757796,-0.008705231847,-0.0279739419,-0.004000997524
1.616666667,-1.30952381,-0.04783811163,-0.01707328889,-0.01536789214,-0.008872303717
1.616666667,-1.047619048,-0.05830249812,-0.03119695556,0.006509042803,-0.01328877266
1.616666667,-0.7857142857,-0.06342199776,-0.05209445397,0.03621669162,-0.01496221008
1.616666667,-0.5238095238,-0.05690754861,-0.07751949856,0.06757467047,-0.01241494331
1.616666667,-0.2619047619,-0.03453504132,-0.0999351466,0.09132216388,-0.006671190115
1.616666667,0,7.995064643e-11,-0.1090815865,0.1000644367,4.814228278e-09
1.616666667,0.2619047619,0.0345350415,-0.09993514669,0.09132216393,0.00667119975
1.616666667,0.5238095238,0.05690754882,-0.07751949875,0.06757467053,0.01241495296
1.616666667,0.7857142857,0.06342199801,-0.05209445424,0.03621669168,0.01496221973
1.616666667,1.047619048,0.0583024984,-0.0311969559,0.006509042841,0.01328878231
1.616666667,1.30952381,0.04783811193,-0.0170732893,-0.01536789212,0.008872313356
1.616666667,1.571428571,0.03655757826,-0.008705232328,-0.02797394188,0.004001007149
1.616666667,1.833333333,0.02666907297,-0.004200197859,-0.03293347084,0.0001705898074
1.616666667,2.095238095,0.01883776569,-0.001955258483,-0.03278825251,-0.002177908577
1.616666667,2.357142857,0.01298381838,-0.0009129905496,-0.02978937164,-0.003240887563
1.616666667,2.619047619,0.00876431546,-0.000462685539,-0.02553540859,-0.003426246159
1.616666667,2.880952381,0.005799471416,-0.000281730739,-0.02101771204,-0.003118185107
1.616666667,3.142857143,0.003757747605,-0.0002119569284,-0.0167816486,-0.002596097336
1.616666667,3.404761905,0.002376703965,-0.0001817276596,-0.01308171206,-0.002032283534
1.616666667,3.666666667,0.001458911712,-0.0001619128376,-0.009997738003,-0.001517385044
1.616666667,3.928571429,0.0008603649691,-0.000142732979,-0.007513010181,-0.001088799712
1.616666667,4.19047619,0.0004782599597,-0.0001223323436,-0.005563414991,-0.0007532460324
1.616666667,4.452380952,0.0002404643494,-0.0001014975496,-0.004066756189,-0.0005021241374
1.616666667,4.714285714,9.717019812e-05,-8.146439523e-05,-0.002939187441,-0.0003208765587
1.616666667,4.976190476,1.456021181e-05,-6.314489003e-05,-0.002103521312,-0.0001941741835
1.616666667,5.238095238,-2.983924788e-05,-4.699269808e-05,-0.00149262856,-0.000108472129
1.616666667,5.5,-5.05060164e-05,-3.310485635e-05,-0.001049949132,-5.300217445e-05
1.616666667,5.761904762,-5.626922208e-05,-2.137810393e-05,-0.0007282714322,-1.983410169e-05
1.616666667,6.023809524,-5.185238617e-05,-1.163338387e-05,-0.0004873969184,-3.386474148e-06
1.616666667,6.285714286,-3.887559267e-05,-3.743252671e-06,-0.0002908556434,7.23524171e-07
1.616666667,6.547619048,-1.609634762e-05,2.028740647e-06,-0.0001014003715,-3.193704085e-07
1.616666667,6.80952381,-7.067343615e-07,2.372359163e-06,6.606421428e-07,1.679522141e-06
1.616666667,7.071428571,-1.908848338e-06,4.64895609e-07,2.132613364e-06,4.259453429e-07
1.616666667,7.333333333,-2.434815158e-06,-7.940349567e-07,2.470535206e-06,4.78389525e-07
1.886111111,-7.333333333,1.361910326e-06,2.170746767e-07,1.427845143e-06,1.531634323e-06
1.886111111,-7.071428571,6.263971066e-07,7.825480057e-07,1.087462968e-06,2.922860801e-06
1.886111111,-6.80952381,1.582249571e-07,6.846749537e-07,-1.086904076e-06,5.047039718e-06
1.886111111,-6.547619048,1.493224991e-05,9.596333404e-07,-7.643701209e-05,-4.743747256e-07
1.886111111,-6.285714286,3.69777045e-05,8.185423277e-07,-0.0002310408099,-2.580128331e-05
1.886111111,-6.023809524,4.970693245e-05,-8.738740515e-07,-0.0003984606834,-6.497260742e-05
1.886111111,-5.761904762,5.525061138e-05,-4.011586561e-06,-0.0006051549945,-0.0001155620212
1.886111111,-5.5,5.270417934e-05,-9.331886342e-06,-0.0008809307614,-0.0001803004264
1.886111111,-5.238095238,3.834491682e-05,-1.821290344e-05,-0.001259919184,-0.0002647624009
1.886111111,-4.976190476,5.014054344e-06,-3.274147876e-05,-0.001782595796,-0.0003767690906
1.886111111,-4.714285714,-5.915629178e-05,-5.609127514e-05,-0.002497317858,-0.0005266354789
1.886111111,-4.452380952,-0.0001726274156,-9.29910877e-05,-0.003460678905,-0.0007279088754
1.886111111,-4.19047619,-0.0003630636165,-0.000150516265,-0.004736054122,-0.00099898325
1.886111111,-3.928571429,-0.0006707710331,-0.0002394073054,-0.006389254314,-0.00136561947
1.886111111,-3.666666667,-0.001153089228,-0.0003762893377,-0.008479117485,-0.001864584297
1.886111111,-3.404761905,-0.001889556896,-0.0005874066481,-0.01104010072,-0.002549030431
1.886111111,-3.142857143,-0.002987153443,-0.0009149998065,-0.01405330467,-0.003495648423
1.886111111,-2.880952381,-0.004584005044,-0.001428152085,-0.01740145777,-0.004812389935
1.886111111,-2.619047619,-0.006847792325,-0.002240653094,-0.02080423046,-0.006643001966
1.886111111,-2.357142857,-0.009961491825,-0.00353895157,-0.02373523738,-0.009158630603
1.886111111,-2.095238095,-0.01408283669,-0.005621374293,-0.02533489912,-0.01251737016
1.886111111,-1.833333333,-0.01925551161,-0.00894171958,-0.02436272719,-0.01676380533
1.886111111,-1.571428571,-0.02524467993,-0.01412811835,-0.01928487575,-0.02164550789
1.886111111,-1.30952381,-0.03128676278,-0.0219038963,-0.008650887275,-0.02637301022
1.886111111,-1.047619048,-0.03582591395,-0.03278310123,0.008106076728,-0.0294768348
1.886111111,-0.7857142857,-0.03650060746,-0.04643403905,0.02957922533,-0.02906331048
1.886111111,-0.5238095238,-0.03084666656,-0.06088903115,0.05171655836,-0.02367391571
1.886111111,-0.2619047619,-0.01793651689,-0.07238679046,0.0686157228,-0.01335439104
1.886111111,0,1.135419179e-10,-0.07682791289,0.07495779762,4.268537052e-09
1.886111111,0.2619047619,0.01793651712,-0.07238679055,0.06861572283,0.01335439958
1.886111111,0.5238095238,0.03084666682,-0.06088903132,0.0517165584,0.02367392426
1.886111111,0.7857142857,0.03650060774,-0.0464340393,0.02957922537,0.02906331904
1.886111111,1.047619048,0.03582591425,-0.03278310154,0.008106076764,0.02947684337
1.886111111,1.30952381,0.0312867631,-0.02190389668,-0.008650887249,0.02637301878
1.886111111,1.571428571,0.02524468025,-0.01412811879,-0.01928487573,0.02164551645
1.886111111,1.833333333,0.01925551194,-0.008941720091,-0.02436272717,0.01676381389
1.886111111,2.095238095,0.01408283701,-0.005621374871,-0.02533489908,0.01251737872
1.886111111,2.357142857,0.009961492131,-0.003538952216,-0.02373523732,0.009158639157
1.886111111,2.619047619,0.00684779261,-0.002240653811,-0.02080423038,0.006643010521
1.886111111,2.880952381,0.0045840053,-0.001428152875,-0.01740145766,0.004812398494
1.886111111,3.142857143,0.002987153656,-0.0009150006719,-0.01405330452,0.003495656991
1.886111111,3.404761905,0.001889557049,-0.0005874075902,-0.01104010054,0.002549039015
1.886111111,3.666666667,0.001153089293,-0.0003762903557,-0.008479117278,0.001864592914
1.886111111,3.928571429,0.0006707709761,-0.0002394083931,-0.006389254095,0.001365628154
1.886111111,4.19047619,0.0003630633896,-0.000150517405,-0.00473605392,0.0009989920717
1.886111111,4.452380952,0.0001726269611,-9.299224228e-05,-0.003460678748,0.0007279179801
1.886111111,4.714285714,5.915554898e-05,-5.609236915e-05,-0.002497317726,0.0005266451435
1.886111111,4.976190476,-5.015121918e-06,-3.274237702e-05,-0.001782595476,0.0003767797706
1.886111111,5.238095238,-3.834625854e-05,-1.821339972e-05,-0.001259918009,0.0002647746503
1.886111111,5.5,-5.270556563e-05,-9.33175384e-06,-0.0008809273661,0.0001803144425
1.886111111,5.761904762,-5.525160176e-05,-4.010749737e-06,-0.000605147683,0.0001155766268
1.886111111,6.023809524,-4.970709381e-05,-8.726523412e-07,-0.0003984493973,6.498434587e-05
1.886111111,6.285714286,-3.697713461e-05,8.194850434e-07,-0.0002310301154,2.58062215e-05
1.886111111,6.547619048,-1.493150595e-05,9.601326126e-07,-7.643334658e-05,4.744271439e-07
1.886111111,6.80952381,-1.558667326e-07,6.844117313e-07,-1.076494094e-06,-5.050661841e-06
1.886111111,7.071428571,-6.20482081e-07,7.805954305e-07,1.116766455e-06,-2.933479173e-06
1.886111111,7.333333333,-1.353145981e-06,2.116366732e-07,1.471268385e-06,-1.559191252e-06
2.155555556,-7.333333333,8.10170785e-07,5.013924695e-07,2.053459549e-07,1.889227241e-06
2.155555556,-7.071428571,3.25285291e-07,7.502026433e-07,-6.906557763e-07,3.044368585e-06
2.155555556,-6.80952381,1.119468899e-07,1.141507826e-06,-1.556186402e-07,4.160055093e-06
2.155555556,-6.547619048,1.183300118e-05,2.248705411e-06,-4.812566034e-05,-5.467834594e-06
2.155555556,-6.285714286,3.105693642e-05,4.38945665e-06,-0.0001610165695,-4.02114032e-05
2.155555556,-6.023809524,4.265783401e-05,7.98884765e-06,-0.0002884241296,-0.0001022956487
2.155555556,-5.761904762,4.878391503e-05,1.140094596e-05,-0.0004475580719,-0.0001923462461
2.155555556,-5.5,4.913882946e-05,1.320833656e-05,-0.0006597144104,-0.0003179557028
2.155555556,-5.238095238,4.119924703e-05,1.146184435e-05,-0.0009508966616,-0.0004921576479
2.155555556,-4.976190476,1.985683885e-05,3.120397761e-06,-0.001352423949,-0.0007335151269
2.155555556,-4.714285714,-2.350248301e-05,-1.670099999e-05,-0.001901924781,-0.001066835079
2.155555556,-4.452380952,-0.0001024785376,-5.559281384e-05,-0.002643067901,-0.001523953506
2.155555556,-4.19047619,-0.0002374782927,-0.0001250299721,-0.003623423448,-0.002145502332
2.155555556,-3.928571429,-0.000457927153,-0.0002423337171,-0.004890501425,-0.002982920865
2.155555556,-3.666666667,-0.000805136492,-0.0004335122791,-0.006483276383,-0.004099372581
2.155555556,-3.404761905,-0.001335183132,-0.000737143237,-0.008416318512,-0.005570358518
2.155555556,-3.142857143,-0.002120845459,-0.001210065257,-0.0106555565,-0.007482680085
2.155555556,-2.880952381,-0.003251073264,-0.001935302996,-0.01308237327,-0.009928415577
2.155555556,-2.619047619,-0.004824457815,-0.003032468392,-0.01544575693,-0.01299126877
2.155555556,-2.357142857,-0.006931369986,-0.004670260576,-0.01730994306,-0.0167180028
2.155555556,-2.095238095,-0.009617318888,-0.007077585173,-0.01801506569,-0.02106417632
2.155555556,-1.833333333,-0.01281929147,-0.01054325922,-0.01668719626,-0.02580589438
2.155555556,-1.571428571,-0.01627243054,-0.01538323656,-0.01235903745,-0.03042387028
2.155555556,-1.30952381,-0.01940596049,-0.02184127453,-0.004270314281,-0.03400289104
2.155555556,-1.047619048,-0.02129327914,-0.02989037961,0.007635417992,-0.03525053554
2.155555556,-0.7857142857,-0.02077956836,-0.03895402852,0.02216357287,-0.03277459962
2.155555556,-0.5238095238,-0.01690801124,-0.04769898787,0.03664806677,-0.02566821129
2.155555556,-0.2619047619,-0.009576885247,-0.05419197396,0.04749634468,-0.01418011698
2.155555556,0,1.395020651e-10,-0.05660958237,0.05153642458,3.64490881e-09
2.155555556,0.2619047619,0.009576885531,-0.05419197403,0.0474963447,0.01418012427
2.155555556,0.5238095238,0.01690801153,-0.04769898802,0.0366480668,0.02566821859
2.155555556,0.7857142857,0.02077956867,-0.03895402873,0.0221635729,0.03277460694
2.155555556,1.047619048,0.02129327947,-0.02989037988,0.007635418019,0.03525054286
2.155555556,1.30952381,0.01940596083,-0.02184127487,-0.004270314258,0.03400289837
2.155555556,1.571428571,0.01627243088,-0.01538323695,-0.01235903743,0.03042387761
2.155555556,1.833333333,0.01281929182,-0.01054325967,-0.01668719623,0.02580590171
2.155555556,2.095238095,0.009617319228,-0.007077585681,-0.01801506566,0.02106418365
2.155555556,2.357142857,0.006931370317,-0.004670261143,-0.01730994302,0.01671801014
2.155555556,2.619047619,0.00482445813,-0.003032469022,-0.01544575687,0.01299127611
2.155555556,2.880952381,0.003251073558,-0.001935303693,-0.01308237319,0.009928422935
2.155555556,3.142857143,0.00212084572,-0.001210066027,-0.01065555639,0.007482687462
2.155555556,3.404761905,0.001335183344,-0.0007371440894,-0.008416318382,0.005570365922
2.155555556,3.666666667,0.0008051366326,-0.0004335132228,-0.006483276248,0.004099380025
2.155555556,3.928571429,0.0004579271854,-0.0002423347615,-0.004890501321,0.002982928373
2.155555556,4.19047619,0.0002374781651,-0.000125031123,-0.003623423445,0.002145509953
2.155555556,4.452380952,0.0001024781767,-5.559406632e-05,-0.00264306813,0.001523961357
2.155555556,4.714285714,2.350178807e-05,-1.670231957e-05,-0.001901925429,0.001066843446
2.155555556,4.976190476,-1.985798735e-05,3.119118835e-06,-0.001352425149,0.0007335246526
2.155555556,5.238095238,-4.120091841e-05,1.146085693e-05,-0.0009508980842,0.0004921695471
2.155555556,5.5,-4.914085916e-05,1.320806756e-05,-0.000659714396,0.0003179716139
2.155555556,5.761904762,-4.878566532e-05,1.14018266e-05,-0.000447552872,0.0001923667779
2.155555556,6.023809524,-4.265826662e-05,7.990794641e-06,-0.0002884097714,0.0001023171281
2.155555556,6.285714286,-3.105563251e-05,4.39128889e-06,-0.0001609967957,4.022413271e-05
2.155555556,6.547619048,-1.183182572e-05,2.249363714e-06,-4.811901925e-05,5.469056839e-06
2.155555556,6.80952381,-1.090686069e-07,1.141887918e-06,-1.449381546e-07,-4.160041497e-06
2.155555556,7.071428571,-3.163364774e-07,7.47526536e-07,-6.473369637e-07,-3.057966422e-06
2.155555556,7.333333333,-7.979631232e-07,4.930662897e-07,2.653186665e-07,-1.93007606e-06
2.425,-7.333333333,5.767466838e-07,5.652886913e-07,-2.54979587e-08,9.756258037e-07
2.425,-7.071428571,7.85183815e-08,7.197448698e-07,-8.643638717e-07,2.737391778e-07
2.425,-6.80952381,-7.814513408e-08,1.270646674e-06,5.811088233e-08,-7.165468285e-07
2.425,-6.547619048,8.295082236e-06,1.886828148e-06,-2.326345267e-05,-3.467700388e-06
2.425,-6.285714286,2.262108906e-05,6.288572658e-06,-9.329441632e-05,-3.949433641e-05
2.425,-6.023809524,3.183711285e-05,1.383517891e-05,-0.0001780410755,-0.000105286329
2.425,-5.761904762,3.756123772e-05,2.240466553e-05,-0.000284612155,-0.0002057099205
2.425,-5.5,3.974745246e-05,3.048730798e-05,-0.0004264393335,-0.0003515513907
2.425,-5.238095238,3.68886453e-05,3.616495835e-05,-0.0006209930805,-0.0005589123392
2.425,-4.976190476,2.591443262e-05,3.650974793e-05,-0.0008890600294,-0.0008512150847
2.425,-4.714285714,1.64080183e-06,2.644107833e-05,-0.001256618546,-0.001260614169
2.425,-4.452380952,-4.466978331e-05,-2.313123632e-06,-0.001754314563,-0.001827444467
2.425,-4.19047619,-0.0001263674867,-6.205442545e-05,-0.002413526139,-0.002602258698
2.425,-3.928571429,-0.0002621366536,-0.000171426667,-0.003264919806,-0.003648675322
2.425,-3.666666667,-0.000478164639,-0.0003586339121,-0.00433332896,-0.005040171135
2.425,-3.404761905,-0.0008097315668,-0.0006643501329,-0.00562298973,-0.006857329855
2.425,-3.142857143,-0.001301134571,-0.001146355613,-0.007102370523,-0.009182660113
2.425,-2.880952381,-0.002004492442,-0.001884706214,-0.008679715004,-0.0120832341
2.425,-2.619047619,-0.002973370533,-0.002985891319,-0.01016941326,-0.01558784759
2.425,-2.357142857,-0.004248417782,-0.004585323194,-0.01126316997,-0.01965144011
2.425,-2.095238095,-0.00583235666,-0.006843780566,-0.01151790124,-0.02410276732
2.425,-1.833333333,-0.007652653715,-0.009930062159,-0.0103824146,-0.02857877958
2.425,-1.571428571,-0.009515912102,-0.01397975431,-0.007298685298,-0.0324678672
2.425,-1.30952381,-0.01107217525,-0.0190198281,-0.00190215119,-0.03489660764
2.425,-1.047619048,-0.01182510628,-0.02486135993,0.005696046401,-0.03482686717
2.425,-0.7857142857,-0.0112349935,-0.03099338061,0.01465153929,-0.03131055156
2.425,-0.5238095238,-0.008933288991,-0.0365587771,0.02334612901,-0.02389053868
2.425,-0.2619047619,-0.004980954747,-0.04050710552,0.02974213086,-0.01298380729
2.425,0,1.58008667e-10,-0.04194197966,0.03210296035,2.940263876e-09
2.425,0.2619047619,0.004980955066,-0.04050710558,0.02974213087,0.01298381318
2.425,0.5238095238,0.008933289317,-0.03655877722,0.02334612902,0.02389054457
2.425,0.7857142857,0.01123499383,-0.03099338078,0.01465153931,0.03131055746
2.425,1.047619048,0.01182510662,-0.02486136016,0.005696046419,0.03482687307
2.425,1.30952381,0.01107217561,-0.01901982838,-0.001902151175,0.03489661355
2.425,1.571428571,0.009515912456,-0.01397975463,-0.007298685284,0.03246787312
2.425,1.833333333,0.007652654071,-0.009930062531,-0.01038241458,0.0285787855
2.425,2.095238095,0.005832357013,-0.006843780985,-0.01151790122,0.02410277325
2.425,2.357142857,0.00424841813,-0.004585323661,-0.01126316994,0.01965144605
2.425,2.619047619,0.002973370872,-0.002985891838,-0.01016941321,0.01558785355
2.425,2.880952381,0.002004492766,-0.001884706791,-0.008679714944,0.01208324007
2.425,3.142857143,0.001301134875,-0.001146356254,-0.007102370449,0.009182666107
2.425,3.404761905,0.0008097318401,-0.0006643508511,-0.005622989648,0.00685733588
2.425,3.666666667,0.0004781648633,-0.0003586347247,-0.004333328885,0.005040177198
2.425,3.928571429,0.0002621367988,-0.0001714275969,-0.003264919776,0.003648681429
2.425,4.19047619,0.0001263675065,-6.205550082e-05,-0.002413526237,0.002602264856
2.425,4.452380952,4.466960744e-05,-2.314379476e-06,-0.001754314977,0.001827450688
2.425,4.714285714,-1.641292118e-06,2.643960439e-05,-0.001256619667,0.001260620556
2.425,4.976190476,-2.591544167e-05,3.650805544e-05,-0.0008890625144,0.0008512220845
2.425,5.238095238,-3.689045642e-05,3.616320925e-05,-0.0006209976432,0.0005589213305
2.425,5.5,-3.975020945e-05,3.048603844e-05,-0.0004264454608,0.0003515655955
2.425,5.761904762,-3.756437679e-05,2.240482356e-05,-0.0002846150619,0.0002057339923
2.425,6.023809524,-3.183895345e-05,1.383755111e-05,-0.0001780305021,0.0001053215104
2.425,6.285714286,-2.261966002e-05,6.292677484e-06,-9.32641596e-05,3.953005411e-05
2.425,6.547619048,-8.291976937e-06,1.889437303e-06,-2.324300351e-05,3.480840403e-06
2.425,6.80952381,8.447603116e-08,1.273365343e-06,8.211214205e-08,7.361240173e-07
2.425,7.071428571,-6.269067857e-08,7.129307686e-07,-7.882268148e-07,-3.0360383e-07
2.425,7.333333333,-5.601055693e-07,5.50557429e-07,5.576881133e-08,-1.045077899e-06
2.694444444,-7.333333333,6.255616464e-07,5.355008839e-07,7.532511623e-07,7.386714275e-07
2.694444444,-7.071428571,5.399978249e-08,2.686033688e-07,9.296071406e-07,-5.705663539e-07
2.694444444,-6.80952381,-1.320769526e-07,6.015799627e-08,1.484089455e-06,-2.750726956e-06
2.694444444,-6.547619048,4.663623418e-06,9.493910594e-07,-6.869352159e-06,-5.233392057e-06
2.694444444,-6.285714286,1.311931152e-05,6.462681042e-06,-4.022383839e-05,-2.807871281e-05
2.694444444,-6.023809524,1.933641929e-05,1.541696052e-05,-8.646534989e-05,-7.919043354e-05
2.694444444,-5.761904762,2.36277207e-05,2.64219564e-05,-0.0001438069292,-0.0001636446508
2.694444444,-5.5,2.627780328e-05,3.81150629e-05,-0.0002201541789,-0.0002923360562
2.694444444,-5.238095238,2.624438906e-05,4.894098385e-05,-0.0003260429065,-0.000478872235
2.694444444,-4.976190476,2.202358573e-05,5.717757201e-05,-0.0004704553361,-0.0007447896441
2.694444444,-4.714285714,1.199298872e-05,5.883615972e-05,-0.0006678739634,-0.001123377244
2.694444444,-4.452380952,-8.478501886e-06,4.625848265e-05,-0.0009397386749,-0.001653547855
2.694444444,-4.19047619,-4.766932437e-05,9.599184018e-06,-0.001300919147,-0.002381529651
2.694444444,-3.928571429,-0.0001142878918,-6.609753753e-05,-0.001765661193,-0.003372501291
2.694444444,-3.666666667,-0.0002215774429,-0.0002061079625,-0.002353777266,-0.004696062272
2.694444444,-3.404761905,-0.0003891742075,-0.0004446297993,-0.003061989217,-0.006422630796
2.694444444,-3.142857143,-0.0006384522633,-0.000829934533,-0.003871022658,-0.008628770235
2.694444444,-2.880952381,-0.0009960160934,-0.00142876197,-0.004732138491,-0.01135872128
2.694444444,-2.619047619,-0.001488004191,-0.002324857972,-0.00553575903,-0.01461186641
2.694444444,-2.357142857,-0.00213173707,-0.003618173373,-0.006104304564,-0.01830314217
2.694444444,-2.095238095,-0.002921123764,-0.005416622748,-0.006192480994,-0.02222762308
2.694444444,-1.833333333,-0.00381070625,-0.007816189566,-0.005505445698,-0.02600065144
2.694444444,-1.571428571,-0.004693630136,-0.01086724063,-0.003762465674,-0.02905745127
2.694444444,-1.30952381,-0.005394208004,-0.01452385896,-0.0008038669776,-0.03065621207
2.694444444,-1.047619048,-0.005679962576,-0.01859222383,0.003265275551,-0.0300210168
2.694444444,-0.7857142857,-0.005320440543,-0.02269125637,0.007968418634,-0.02651559333
2.694444444,-0.5238095238,-0.004178608425,-0.02628010371,0.01246257274,-0.01994528859
2.694444444,-0.2619047619,-0.002310470166,-0.02875650538,0.01573100772,-0.0107378023
2.694444444,0,1.691870632e-10,-0.02964440474,0.0169309172,2.15375007e-09
2.694444444,0.2619047619,0.002310470505,-0.02875650543,0.01573100772,0.01073780661
2.694444444,0.5238095238,0.004178608768,-0.0262801038,0.01246257274,0.01994529291
2.694444444,0.7857142857,0.005320440891,-0.0226912565,0.007968418643,0.02651559765
2.694444444,1.047619048,0.005679962929,-0.018592224,0.00326527556,0.03002102112
2.694444444,1.30952381,0.00539420836,-0.01452385918,-0.0008038669698,0.0306562164
2.694444444,1.571428571,0.004693630495,-0.01086724087,-0.003762465667,0.02905745561
2.694444444,1.833333333,0.003810706609,-0.007816189845,-0.00550544569,0.02600065579
2.694444444,2.095238095,0.002921124122,-0.005416623061,-0.006192480983,0.02222762743
2.694444444,2.357142857,0.002131737425,-0.003618173721,-0.006104304549,0.01830314653
2.694444444,2.619047619,0.001488004542,-0.002324858358,-0.005535759006,0.01461187079
2.694444444,2.880952381,0.0009960164377,-0.001428762399,-0.004732138458,0.01135872568
2.694444444,3.142857143,0.0006384525983,-0.0008299350108,-0.003871022618,0.008628774652
2.694444444,3.404761905,0.0003891745296,-0.0004446303375,-0.003061989176,0.006422635241
2.694444444,3.666666667,0.0002215777436,-0.0002061085807,-0.002353777236,0.004696066749
2.694444444,3.928571429,0.0001142881507,-6.609826548e-05,-0.001765661203,0.003372505799
2.694444444,4.19047619,4.766951044e-05,9.598306578e-06,-0.001300919247,0.002381534172
2.694444444,4.452380952,8.478572436e-06,4.62573939e-05,-0.0009397389968,0.001653552293
2.694444444,4.714285714,-1.199311648e-05,5.883475338e-05,-0.0006678749257,0.001123381408
2.694444444,4.976190476,-2.202412011e-05,5.717568403e-05,-0.0004704578977,0.0007447933415
2.694444444,5.238095238,-2.624579802e-05,4.893847144e-05,-0.0003260490252,0.00047887568
2.694444444,5.5,-2.628078553e-05,3.811216244e-05,-0.000220166584,0.0002923418933
2.694444444,5.761904762,-2.363226411e-05,2.641977037e-05,-0.0001438235583,0.0001636609615
2.694444444,6.023809524,-1.934060768e-05,1.541664202e-05,-8.647166069e-05,7.922528632e-05
2.694444444,6.285714286,-1.312070606e-05,6.464054651e-06,-4.020340428e-05,2.812624026e-05
2.694444444,6.547619048,-4.660716765e-06,9.468292304e-07,-6.834117207e-06,5.247253426e-06
2.694444444,6.80952381,1.527132411e-07,4.521391227e-08,1.579785694e-06,2.71649028e-06
2.694444444,7.071428571,-3.029202595e-08,2.460564708e-07,1.044381852e-06,4.747725746e-07
2.694444444,7.333333333,-6.067343792e-07,5.097105613e-07,8.459144665e-07,-8.564876204e-07
2.963888889,-7.333333333,1.003958577e-06,7.472084249e-07,1.327739234e-06,1.77165783e-06
2.963888889,-7.071428571,5.184818472e-07,9.787914987e-08,1.681400004e-06,1.644131489e-06
2.963888889,-6.80952381,-5.289267242e-08,-5.028178689e-07,1.859714471e-06,2.463251361e-06
2.963888889,-6.547619048,1.370763116e-06,4.59915652e-07,9.180280869e-07,1.372332009e-06
2.963888889,-6.285714286,5.200352997e-06,4.637304193e-06,-9.401300923e-06,-1.035379683e-05
2.963888889,-6.023809524,8.1619343e-06,1.180735618e-05,-2.76706205e-05,-3.754021838e-05
2.963888889,-5.761904762,1.024260373e-05,2.149022708e-05,-4.637721599e-05,-8.692423923e-05
2.963888889,-5.5,1.259462592e-05,3.244544958e-05,-7.139814493e-05,-0.0001708459028
2.963888889,-5.238095238,1.31911632e-05,4.317518846e-05,-0.000113143363,-0.0002949552851
2.963888889,-4.976190476,1.087429886e-05,5.446811999e-05,-0.0001657371823,-0.0004702193235
2.963888889,-4.714285714,8.770816196e-06,6.4648207e-05,-0.000229765989,-0.0007255412855
2.963888889,-4.452380952,5.864305523e-06,6.556136764e-05,-0.0003310675182,-0.001093051936
2.963888889,-4.19047619,-8.005118061e-06,5.262470356e-05,-0.0004666986638,-0.001594126913
2.963888889,-3.928571429,-3.014385016e-05,2.114135223e-05,-0.000625166196,-0.002289301523
2.963888889,-3.666666667,-6.173163214e-05,-5.188203972e-05,-0.0008494449614,-0.003231962802
2.963888889,-3.404761905,-0.0001203069008,-0.0001858275746,-0.001108921944,-0.004453740881
2.963888889,-3.142857143,-0.0002020827053,-0.0004090276233,-0.001399547906,-0.006046520096
2.963888889,-2.880952381,-0.0003226701098,-0.0007715896487,-0.001729428077,-0.008008290031
2.963888889,-2.619047619,-0.0004882820312,-0.001323388961,-0.002035153247,-0.01036386019
2.963888889,-2.357142857,-0.0007113805415,-0.002131181044,-0.002257022225,-0.01300640203
2.963888889,-2.095238095,-0.0009799813415,-0.003258582181,-0.00229556303,-0.01583274295
2.963888889,-1.833333333,-0.001288924173,-0.004760668906,-0.002046835761,-0.01847475709
2.963888889,-1.571428571,-0.001586588799,-0.006658920672,-0.001404459388,-0.02061480553
2.963888889,-1.30952381,-0.001826945912,-0.008901994651,-0.0003091246083,-0.02161313348
2.963888889,-1.047619048,-0.001915153521,-0.01136908048,0.001188205071,-0.02108129254
2.963888889,-0.7857142857,-0.001791347719,-0.0138008656,0.002919260688,-0.01847891215
2.963888889,-0.5238095238,-0.001399695832,-0.01591468409,0.004559529551,-0.01385533101
2.963888889,-0.2619047619,-0.0007732452133,-0.01733618276,0.005754453828,-0.00741963553
2.963888889,0,1.730246119e-10,-0.0178607355,0.006188028997,1.284833534e-09
2.963888889,0.2619047619,0.0007732455596,-0.01733618278,0.005754453829,0.0074196381
2.963888889,0.5238095238,0.00139969618,-0.01591468415,0.004559529554,0.01385533359
2.963888889,0.7857142857,0.001791348068,-0.01380086568,0.002919260691,0.01847891473
2.963888889,1.047619048,0.001915153872,-0.01136908058,0.001188205074,0.02108129512
2.963888889,1.30952381,0.001826946264,-0.008901994782,-0.000309124607,0.02161313607
2.963888889,1.571428571,0.001586589153,-0.006658920823,-0.001404459387,0.02061480812
2.963888889,1.833333333,0.001288924527,-0.004760669078,-0.00204683576,0.01847475968
2.963888889,2.095238095,0.0009799816949,-0.003258582373,-0.002295563028,0.01583274555
2.963888889,2.357142857,0.0007113808936,-0.002131181257,-0.002257022223,0.01300640463
2.963888889,2.619047619,0.0004882823821,-0.001323389197,-0.00203515324,0.01036386281
2.963888889,2.880952381,0.0003226704581,-0.0007715899096,-0.001729428068,0.008008292656
2.963888889,3.142857143,0.0002020830515,-0.0004090279128,-0.001399547893,0.006046522735
2.963888889,3.404761905,0.000120307246,-0.0001858278963,-0.001108921942,0.004453743537
2.963888889,3.666666667,6.173198251e-05,-5.188240665e-05,-0.0008494449656,0.003231965481
2.963888889,3.928571429,3.014419135e-05,2.114091312e-05,-0.0006251662434,0.002289304207
2.963888889,4.19047619,8.005436789e-06,5.262415739e-05,-0.0004666987657,0.001594129635
2.963888889,4.452380952,-5.864007188e-06,6.556064858e-05,-0.0003310676175,0.001093054608
2.963888889,4.714285714,-8.770545878e-06,6.464720008e-05,-0.0002297663351,0.0007255435604
2.963888889,4.976190476,-1.087414717e-05,5.446659983e-05,-0.0001657384525,0.0004702205974
2.963888889,5.238095238,-1.319147608e-05,4.317273221e-05,-0.0001131472567,0.0002949539667
2.963888889,5.5,-1.259646132e-05,3.244145764e-05,-7.141033364e-05,0.0001708396411
2.963888889,5.761904762,-1.024675016e-05,2.148523081e-05,-4.640238235e-05,8.691861319e-05
2.963888889,6.023809524,-8.164943332e-06,1.180105844e-05,-2.768721213e-05,3.754128407e-05
2.963888889,6.285714286,-5.198710688e-06,4.625570861e-06,-9.381179755e-06,1.034421529e-05
2.963888889,6.547619048,-1.359214076e-06,4.376581769e-07,1.011770612e-06,-1.4434387e-06
2.963888889,6.80952381,7.749932219e-08,-5.417298224e-07,2.004833089e-06,-2.592785218e-06
2.963888889,7.071428571,-4.976704149e-07,5.706027987e-08,1.791271066e-06,-1.815734224e-06
2.963888889,7.333333333,-9.89284202e-07,7.116787637e-07,1.404771845e-06,-1.930868769e-06
3.233333333,-7.333333333,1.50798515e-06,1.529550006e-06,1.320833584e-06,3.055467879e-06
3.233333333,-7.071428571,1.225790484e-06,8.47412514e-07,1.24825565e-06,3.32348754e-06
3.233333333,-6.80952381,5.405584788e-07,-9.634941852e-08,8.127791528e-07,4.502969379e-06
3.233333333,-6.547619048,-6.422451443e-07,-7.166482095e-07,4.784857252e-06,4.760910673e-06
3.233333333,-6.285714286,6.076322972e-07,8.990488008e-07,2.350089008e-06,1.156494377e-06
3.233333333,-6.023809524,1.492110914e-06,3.888841804e-06,-5.882797451e-06,-4.430451508e-06
3.233333333,-5.761904762,1.630386804e-06,7.628994782e-06,-6.636799949e-06,-1.026976e-05
3.233333333,-5.5,4.92773732e-06,1.117844387e-05,3.732614768e-06,-3.000294112e-05
3.233333333,-5.238095238,4.237098057e-06,1.499973887e-05,-8.676272361e-06,-7.135822965e-05
3.233333333,-4.976190476,-5.742801806e-07,2.15738496e-05,-2.151578056e-05,-0.0001290090281
3.233333333,-4.714285714,-1.585808437e-06,3.065275899e-05,-1.535257653e-05,-0.0001934921568
3.233333333,-4.452380952,1.063426384e-05,3.20350513e-05,-2.786041664e-05,-0.0002961342083
3.233333333,-4.19047619,5.418560243e-07,2.984457073e-05,-4.819029796e-05,-0.0004578541091
3.233333333,-3.928571429,-9.282472387e-06,3.321842519e-05,-3.393316889e-05,-0.0006776258303
3.233333333,-3.666666667,9.021603822e-06,1.924697063e-05,-9.097201374e-05,-0.0009633416334
3.233333333,-3.404761905,-1.429434308e-05,-1.635336944e-05,-9.137513853e-05,-0.001349047413
3.233333333,-3.142857143,-9.51574784e-06,-5.672673635e-05,-8.171214108e-05,-0.001900559371
3.233333333,-2.880952381,-2.454116151e-05,-0.000161696276,-0.0001582270062,-0.002488559288
3.233333333,-2.619047619,-2.224727556e-05,-0.0002952119023,-0.0001565848125,-0.003343635294
3.233333333,-2.357142857,-5.769557298e-05,-0.0005341427818,-0.0002169562479,-0.004134190112
3.233333333,-2.095238095,-5.456505055e-05,-0.0008430858445,-0.0001951781184,-0.005264186896
3.233333333,-1.833333333,-0.0001096723118,-0.001291015508,-0.0002067963259,-0.005990508115
3.233333333,-1.571428571,-0.0001011926764,-0.001858506535,-0.0001446793537,-0.007026845745
3.233333333,-1.30952381,-0.0001612557505,-0.002517862954,-4.642966358e-05,-0.007110324068
3.233333333,-1.047619048,-0.0001345120044,-0.003312263303,6.598610216e-05,-0.007319091113
3.233333333,-0.7857142857,-0.0001621153316,-0.003989742877,0.0002704609966,-0.006133071749
3.233333333,-0.5238095238,-0.0001042868212,-0.004740728024,0.000371424488,-0.004863766293
3.233333333,-0.2619047619,-7.086544815e-05,-0.005057021868,0.0005561563036,-0.002472225583
3.233333333,0,1.691208774e-10,-0.005356803951,0.0005258152718,3.27788562e-10
3.233333333,0.2619047619,7.086578514e-05,-0.005057021878,0.0005561563032,0.002472226229
3.233333333,0.5238095238,0.0001042871596,-0.004740728043,0.0003714244887,0.004863766949
3.233333333,0.7857142857,0.0001621156688,-0.003989742904,0.0002704609949,0.006133072396
3.233333333,1.047619048,0.0001345123431,-0.003312263339,6.598610333e-05,0.007319091769
3.233333333,1.30952381,0.0001612560879,-0.002517862997,-4.642966707e-05,0.007110324714
3.233333333,1.571428571,0.0001011930154,-0.001858506585,-0.0001446793522,0.007026846398
3.233333333,1.833333333,0.000109672649,-0.001291015564,-0.0002067963317,0.005990508757
3.233333333,2.095238095,5.45653896e-05,-0.0008430859081,-0.0001951781163,0.005264187543
3.233333333,2.357142857,5.769590957e-05,-0.0005341428509,-0.0002169562568,0.004134190748
3.233333333,2.619047619,2.224761452e-05,-0.0002952119809,-0.0001565848099,0.003343635932
3.233333333,2.880952381,2.454149707e-05,-0.0001616963614,-0.000158227018,0.002488559919
3.233333333,3.142857143,9.516085148e-06,-5.672683419e-05,-8.171213166e-05,0.001900560004
3.233333333,3.404761905,1.42946758e-05,-1.635346996e-05,-9.137517008e-05,0.001349048032
3.233333333,3.666666667,-9.021249343e-06,1.924687474e-05,-9.097202785e-05,0.0009633422442
3.233333333,3.928571429,9.282820007e-06,3.321835118e-05,-3.393325751e-05,0.0006776263694
3.233333333,4.19047619,-5.414881006e-07,2.984447464e-05,-4.819045964e-05,0.000457854643
3.233333333,4.452380952,-1.063381441e-05,3.20348332e-05,-2.786044503e-05,0.0002961348087
3.233333333,4.714285714,1.586350613e-06,3.065233371e-05,-1.535250684e-05,0.0001934927505
3.233333333,4.976190476,5.748626652e-07,2.15731463e-05,-2.15159529e-05,0.0001290091967
3.233333333,5.238095238,-4.236530138e-06,1.499867298e-05,-8.677019023e-06,7.135680224e-05
3.233333333,5.5,-4.927480349e-06,1.117655005e-05,3.729242069e-06,2.999538557e-05
3.233333333,5.761904762,-1.630988072e-06,7.625727819e-06,-6.649180283e-06,1.024762998e-05
3.233333333,6.023809524,-1.485778587e-06,3.879595915e-06,-5.862379759e-06,4.376692769e-06
3.233333333,6.285714286,-5.92178047e-07,8.776061253e-07,2.418605694e-06,-1.262964292e-06
3.233333333,6.547619048,6.681129782e-07,-7.530880154e-07,4.937080015e-06,-4.928049327e-06
3.233333333,6.80952381,-5.210295048e-07,-1.434444725e-07,9.527891071e-07,-4.698001394e-06
3.233333333,7.071428571,-1.215572726e-06,8.056363394e-07,1.319717645e-06,-3.504392771e-06
3.233333333,7.333333333,-1.500906185e-06,1.494098738e-06,1.367849075e-06,-3.21512447e-06
