cx,cy,cz,nx,ny,nz,area,tag,ux,uy,uz,fx,fy,fz
0.9828945686,0.1735366341,0.05555555556,0.9914448614,0.1305261922,-1.47574304e-17,0.02187925935,0,0,0,0,-0.9981916156,-0.1234777453,-0.15618143
0.9943178342,0.08676831703,0.1111111111,0.9914448614,0.1305261922,-0,0.02187925935,0,0,0,0,-0.9538685655,-0.1316582761,-0.1242832039
0.9828945686,0.1735366341,0.2222222222,0.9914448614,0.1305261922,-1.47574304e-17,0.02187925935,0,0,0,0,-0.9313663947,-0.1229710444,-0.119658807
0.9943178342,0.08676831703,0.2777777778,0.9914448614,0.1305261922,-0,0.02187925935,0,0,0,0,-0.9203995897,-0.1214808257,-0.1215317852
0.9828945686,0.1735366341,0.3888888889,0.9914448614,0.1305261922,-1.47574304e-17,0.02187925935,0,0,0,0,-0.8919891662,-0.1177568641,-0.1229595296
0.9943178342,0.08676831703,0.4444444444,0.9914448614,0.1305261922,-0,0.02187925935,0,0,0,0,-0.8800406076,-0.1161545517,-0.1230748476
0.9828945686,0.1735366341,0.5555555556,0.9914448614,0.1305261922,-1.47574304e-17,0.02187925935,0,0,0,0,-0.8509999689,-0.1123464141,-0.1235502126
0.9943178342,0.08676831703,0.6111111111,0.9914448614,0.1305261922,-0,0.02187925935,0,0,0,0,-0.8390127775,-0.110727611,-0.1236171761
0.9828945686,0.1735366341,0.7222222222,0.9914448614,0.1305261922,-1.47574304e-17,0.02187925935,0,0,0,0,-0.8098994754,-0.1069223092,-0.1238072204
0.9943178342,0.08676831703,0.7777777778,0.9914448614,0.1305261922,-0,0.02187925935,0,0,0,0,-0.7978972397,-0.1053079489,-0.123837046
0.9828945686,0.1735366341,0.8888888889,0.9914448614,0.1305261922,-1.47574304e-17,0.02187925935,0,0,0,0,-0.7687733113,-0.1015011782,-0.1239205921
0.9943178342,0.08676831703,0.9444444444,0.9914448614,0.1305261922,-0,0.02187925935,0,0,0,0,-0.756768607,-0.09989010009,-0.1239356303
0.9828945686,0.1735366341,1.055555556,0.9914448614,0.1305261922,-1.47574304e-17,0.02187925935,0,0,0,0,-0.727646907,-0.09608274874,-0.1239738795
0.9943178342,0.08676831703,1.111111111,0.9914448614,0.1305261922,-0,0.02187925935,0,0,0,0,-0.7156425455,-0.09447422332,-0.1239821064
0.9828945686,0.1735366341,1.222222222,0.9914448614,0.1305261922,-1.47574304e-17,0.02187925935,0,0,0,0,-0.686525159,-0.09066627325,-0.123999605
0.9943178342,0.08676831703,1.277777778,0.9914448614,0.1305261922,-0,0.02187925935,0,0,0,0,-0.6745216367,-0.08905987822,-0.1240045067
0.9828945686,0.1735366341,1.388888889,0.9914448614,0.1305261922,-1.47574304e-17,0.02187925935,0,0,0,0,-0.6454081072,-0.08525112733,-0.1240119382
0.9943178342,0.08676831703,1.444444444,0.9914448614,0.1305261922,-0,0.02187925935,0,0,0,0,-0.6334053135,-0.08364662441,-0.1240150886
0.9828945686,0.1735366341,1.555555556,0.9914448614,0.1305261922,-1.47574304e-17,0.02187925935,0,0,0,0,-0.604294779,-0.07983687451,-0.1240173024
0.9943178342,0.08676831703,1.611111111,0.9914448614,0.1305261922,-0,0.02187925935,0,0,0,0,-0.5922925047,-0.07823412658,-0.1240194317
0.9828945686,0.1735366341,1.722222222,0.9914448614,0.1305261922,-1.47574304e-17,0.02187925935,0,0,0,0,-0.563184234,-0.07442322741,-0.1240186743
0.9943178342,0.08676831703,1.777777778,0.9914448614,0.1305261922,-0,0.02187925935,0,0,0,0,-0.551182301,-0.07282215405,-0.1240201231
0.9828945686,0.1735366341,1.888888889,0.9914448614,0.1305261922,-1.47574304e-17,0.02187925935,0,0,0,0,-0.522075761,-0.06900999937,-0.124017424
0.9943178342,0.08676831703,1.944444444,0.9914448614,0.1305261922,-0,0.02187925935,0,0,0,0,-0.5100740331,-0.06741055102,-0.1240183441
0.9828945686,0.1735366341,2.055555556,0.9914448614,0.1305261922,-1.47574304e-17,0.02187925935,0,0,0,0,-0.4809688271,-0.06359706264,-0.124014116
0.9943178342,0.08676831703,2.111111111,0.9914448614,0.1305261922,-0,0.02187925935,0,0,0,0,-0.4689671874,-0.06199920486,-0.1240145544
0.9828945686,0.1735366341,2.222222222,0.9914448614,0.1305261922,-1.47574304e-17,0.02187925935,0,0,0,0,-0.4398629654,-0.05818431489,-0.1240088199
0.9943178342,0.08676831703,2.277777778,0.9914448614,0.1305261922,-0,0.02187925935,0,0,0,0,-0.4278612839,-0.05658801785,-0.1240087427
0.9828945686,0.1735366341,2.388888889,0.9914448614,0.1305261922,-1.47574304e-17,0.02187925935,0,0,0,0,-0.3987576519,-0.05277165015,-0.1240011384
0.9943178342,0.08676831703,2.444444444,0.9914448614,0.1305261922,-0,0.02187925935,0,0,0,0,-0.3867557495,-0.05117688081,-0.1240004093
0.9828945686,0.1735366341,2.555555556,0.9914448614,0.1305261922,-1.47574304e-17,0.02187925935,0,0,0,0,-0.3576521829,-0.04735892961,-0.1239899677
0.9943178342,0.08676831703,2.611111111,0.9914448614,0.1305261922,-0,0.02187925935,0,0,0,0,-0.3456497947,-0.04576564571,-0.1239882673
0.9828945686,0.1735366341,2.722222222,0.9914448614,0.1305261922,-1.47574304e-17,0.02187925935,0,0,0,0,-0.3165455833,-0.04194594827,-0.123972834
0.9943178342,0.08676831703,2.777777778,0.9914448614,0.1305261922,-0,0.02187925935,0,0,0,0,-0.3045423399,-0.0403540962,-0.1239694664
0.9828945686,0.1735366341,2.888888889,0.9914448614,0.1305261922,-1.47574304e-17,0.02187925935,0,0,0,0,-0.2754366686,-0.03653239791,-0.1239443557
0.9943178342,0.08676831703,2.944444444,0.9914448614,0.1305261922,-0,0.02187925935,0,0,0,0,-0.2634321565,-0.03494192126,-0.1239378113
0.9828945686,0.1735366341,3.055555556,0.9914448614,0.1305261922,-1.47574304e-17,0.02187925935,0,0,0,0,-0.2343246578,-0.03111783627,-0.1238926976
0.9943178342,0.08676831703,3.111111111,0.9914448614,0.1305261922,-0,0.02187925935,0,0,0,0,-0.2223187551,-0.02952870607,-0.1238796367
0.9828945686,0.1735366341,3.222222222,0.9914448614,0.1305261922,-1.47574304e-17,0.02187925935,0,0,0,0,-0.1932115993,-0.02570171035,-0.1237908491
0.9943178342,0.08676831703,3.277777778,0.9914448614,0.1305261922,-0,0.02187925935,0,0,0,0,-0.1812056897,-0.02411385617,-0.1237636427
0.9828945686,0.1735366341,3.388888889,0.9914448614,0.1305261922,-1.47574304e-17,0.02187925935,0,0,0,0,-0.1521114801,-0.02028329539,-0.1235736452
0.9943178342,0.08676831703,3.444444444,0.9914448614,0.1305261922,-0,0.02187925935,0,0,0,0,-0.1401144732,-0.01869637438,-0.1235082079
0.9828945686,0.1735366341,3.555555556,0.9914448614,0.1305261922,-1.47574304e-17,0.02187925935,0,0,0,0,-0.1110833209,-0.01488555914,-0.1230467054
0.9943178342,0.08676831703,3.611111111,0.9914448614,0.1305261922,-0,0.02187925935,0,0,0,0,-0.09909018065,-0.01322023776,-0.1230192757
0.9828945686,0.1735366341,3.722222222,0.9914448614,0.1305261922,-1.47574304e-17,0.02187925935,0,0,0,0,-0.07074583675,-0.009342756442,-0.1213094422
0.9943178342,0.08676831703,3.777777778,0.9914448614,0.1305261922,-0,0.02187925935,0,0,0,0,-0.06069582071,-0.007498900981,-0.1180100785
0.9828945686,0.1735366341,3.888888889,0.9914448614,0.1305261922,-1.47574304e-17,0.02187925935,0,0,0,0,-0.02628176552,-0.00858338126,-0.1347262773
0.9943178342,0.08676831703,3.944444444,0.9914448614,0.1305261922,-0,0.02187925935,0,0,0,0,-0.00866267723,0.001593916442,-0.1456815796
0.9044886624,0.4220153503,0.05555555556,0.9238795325,0.3826834324,-1.617998291e-18,0.02187925935,0,0,0,0,-0.932220669,-0.3776213439,-0.15618143
0.9379799826,0.3411601507,0.1111111111,0.9238795325,0.3826834324,-0,0.02187925935,0,0,0,0,-0.887290613,-0.3740514805,-0.1242832039
0.9044886624,0.4220153503,0.2222222222,0.9238795325,0.3826834324,-1.617998291e-18,0.02187925935,0,0,0,0,-0.8678036061,-0.3598362686,-0.119658807
0.9379799826,0.3411601507,0.2777777778,0.9238795325,0.3826834324,-0,0.02187925935,0,0,0,0,-0.8575961829,-0.3555584099,-0.1215317852
0.9044886624,0.4220153503,0.3888888889,0.9238795325,0.3826834324,-1.617998291e-18,0.02187925935,0,0,0,0,-0.8311176533,-0.3446081805,-0.1229595296
0.9379799826,0.3411601507,0.4444444444,0.9238795325,0.3826834324,-0,0.02187925935,0,0,0,0,-0.8199909409,-0.339967951,-0.1230748476
0.9044886624,0.4220153503,0.5555555556,0.9238795325,0.3826834324,-1.617998291e-18,0.02187925935,0,0,0,0,-0.7929254565,-0.3287733022,-0.1235502126
0.9379799826,0.3411601507,0.6111111111,0.9238795325,0.3826834324,-0,0.02187925935,0,0,0,0,-0.7817656959,-0.324107145,-0.1236171761
0.9044886624,0.4220153503,0.7222222222,0.9238795325,0.3826834324,-1.617998291e-18,0.02187925935,0,0,0,0,-0.75462929,-0.3128964287,-0.1238072204
0.9379799826,0.3411601507,0.7777777778,0.9238795325,0.3826834324,-0,0.02187925935,0,0,0,0,-0.7434538477,-0.3082306692,-0.123837046
0.9044886624,0.4220153503,0.8888888889,0.9238795325,0.3826834324,-1.617998291e-18,0.02187925935,0,0,0,0,-0.716307558,-0.2970157837,-0.1239205921
0.9379799826,0.3411601507,0.9444444444,0.9238795325,0.3826834324,-0,0.02187925935,0,0,0,0,-0.7051288817,-0.2923525557,-0.1239356303
0.9044886624,0.4220153503,1.055555556,0.9238795325,0.3826834324,-1.617998291e-18,0.02187925935,0,0,0,0,-0.6779848946,-0.2811376861,-0.1239738795
0.9379799826,0.3411601507,1.111111111,0.9238795325,0.3826834324,-0,0.02187925935,0,0,0,0,-0.6668058888,-0.2764770125,-0.1239821064
0.9044886624,0.4220153503,1.222222222,0.9238795325,0.3826834324,-1.617998291e-18,0.02187925935,0,0,0,0,-0.6396662232,-0.265262681,-0.123999605
0.9379799826,0.3411601507,1.277777778,0.9238795325,0.3826834324,-0,0.02187925935,0,0,0,0,-0.6284874766,-0.2606042824,-0.1240045067
0.9044886624,0.4220153503,1.388888889,0.9238795325,0.3826834324,-1.617998291e-18,0.02187925935,0,0,0,0,-0.6013517439,-0.2493901756,-0.1240119382
0.9379799826,0.3411601507,1.444444444,0.9238795325,0.3826834324,-0,0.02187925935,0,0,0,0,-0.5901732113,-0.2447337932,-0.1240150886
0.9044886624,0.4220153503,1.555555556,0.9238795325,0.3826834324,-1.617998291e-18,0.02187925935,0,0,0,0,-0.5630406301,-0.2335194967,-0.1240173024
0.9379799826,0.3411601507,1.611111111,0.9238795325,0.3826834324,-0,0.02187925935,0,0,0,0,-0.5518621451,-0.2288649439,-0.1240194317
0.9044886624,0.4220153503,1.722222222,0.9238795325,0.3826834324,-1.617998291e-18,0.02187925935,0,0,0,0,-0.5247320479,-0.2176501231,-0.1240186743
0.9379799826,0.3411601507,1.777777778,0.9238795325,0.3826834324,-0,0.02187925935,0,0,0,0,-0.5135534591,-0.2129972761,-0.1240201231
0.9044886624,0.4220153503,1.888888889,0.9238795325,0.3826834324,-1.617998291e-18,0.02187925935,0,0,0,0,-0.4864253587,-0.2017816906,-0.124017424
0.9379799826,0.3411601507,1.944444444,0.9238795325,0.3826834324,-0,0.02187925935,0,0,0,0,-0.4752465475,-0.1971304664,-0.1240183441
0.9044886624,0.4220153503,2.055555556,0.9238795325,0.3826834324,-1.617998291e-18,0.02187925935,0,0,0,0,-0.4481200807,-0.1859139378,-0.124014116
0.9379799826,0.3411601507,2.111111111,0.9238795325,0.3826834324,-0,0.02187925935,0,0,0,0,-0.436940943,-0.1812642728,-0.1240145544
0.9044886624,0.4220153503,2.222222222,0.9238795325,0.3826834324,-1.617998291e-18,0.02187925935,0,0,0,0,-0.4098157895,-0.1700466451,-0.1240088199
0.9379799826,0.3411601507,2.277777778,0.9238795325,0.3826834324,-0,0.02187925935,0,0,0,0,-0.3986362075,-0.1653984768,-0.1240087427
0.9044886624,0.4220153503,2.388888889,0.9238795325,0.3826834324,-1.617998291e-18,0.02187925935,0,0,0,0,-0.3715120063,-0.1541795745,-0.1240011384
0.9379799826,0.3411601507,2.444444444,0.9238795325,0.3826834324,-0,0.02187925935,0,0,0,0,-0.3603318154,-0.1495328246,-0.1240004093
0.9044886624,0.4220153503,2.555555556,0.9238795325,0.3826834324,-1.617998291e-18,0.02187925935,0,0,0,0,-0.3332080874,-0.1383124097,-0.1239899677
0.9379799826,0.3411601507,2.611111111,0.9238795325,0.3826834324,-0,0.02187925935,0,0,0,0,-0.3220270429,-0.133666969,-0.1239882673
0.9044886624,0.4220153503,2.722222222,0.9238795325,0.3826834324,-1.617998291e-18,0.02187925935,0,0,0,0,-0.2949031438,-0.1224447003,-0.123972834
0.9379799826,0.3411601507,2.777777778,0.9238795325,0.3826834324,-0,0.02187925935,0,0,0,0,-0.2837209027,-0.1178004213,-0.1239694664
0.9044886624,0.4220153503,2.888888889,0.9238795325,0.3826834324,-1.617998291e-18,0.02187925935,0,0,0,0,-0.2565961114,-0.1065758422,-0.1239443557
0.9379799826,0.3411601507,2.944444444,0.9238795325,0.3826834324,-0,0.02187925935,0,0,0,0,-0.2454122887,-0.1019325634,-0.1239378113
0.9044886624,0.4220153503,3.055555556,0.9238795325,0.3826834324,-1.617998291e-18,0.02187925935,0,0,0,0,-0.21828635,-0.09070520589,-0.1238926976
0.9379799826,0.3411601507,3.111111111,0.9238795325,0.3826834324,-0,0.02187925935,0,0,0,0,-0.2071008358,-0.08606286772,-0.1238796367
0.9044886624,0.4220153503,3.222222222,0.9238795325,0.3826834324,-1.617998291e-18,0.02187925935,0,0,0,0,-0.1799759816,-0.07483278745,-0.1237908491
0.9379799826,0.3411601507,3.277777778,0.9238795325,0.3826834324,-0,0.02187925935,0,0,0,0,-0.1687901303,-0.07019168003,-0.1237636427
0.9044886624,0.4220153503,3.388888889,0.9238795325,0.3826834324,-1.617998291e-18,0.02187925935,0,0,0,0,-0.141678704,-0.05896150689,-0.1235736452
0.9379799826,0.3411601507,3.444444444,0.9238795325,0.3826834324,-0,0.02187925935,0,0,0,0,-0.1305012106,-0.05432360503,-0.1235082079
0.9044886624,0.4220153503,3.555555556,0.9238795325,0.3826834324,-1.617998291e-18,0.02187925935,0,0,0,0,-0.1034455824,-0.04312882507,-0.1230467054
0.9379799826,0.3411601507,3.611111111,0.9238795325,0.3826834324,-0,0.02187925935,0,0,0,0,-0.09229211531,-0.03841619501,-0.1230192757
0.9044886624,0.4220153503,3.722222222,0.9238795325,0.3826834324,-1.617998291e-18,0.02187925935,0,0,0,0,-0.06591714752,-0.02733477965,-0.1213094422
0.9379799826,0.3411601507,3.777777778,0.9238795325,0.3826834324,-0,0.02187925935,0,0,0,0,-0.05668680238,-0.02295261648,-0.1180100785
0.9044886624,0.4220153503,3.888888889,0.9238795325,0.3826834324,-1.617998291e-18,0.02187925935,0,0,0,0,-0.02316469354,-0.01509313109,-0.1347262773
0.9379799826,0.3411601507,3.944444444,0.9238795325,0.3826834324,-0,0.02187925935,0,0,0,0,-0.008780039592,-0.0007024607926,-0.1456815796
0.7644433486,0.6417344179,0.05555555556,0.7933533403,0.608761429,-2.029616687e-17,0.02187925935,0,0,0,0,-0.8027204243,-0.606030672,-0.15618143
0.8177203453,0.5723024839,0.1111111111,0.7933533403,0.608761429,-0,0.02187925935,0,0,0,0,-0.7602452716,-0.5909536945,-0.1242832039
0.7644433486,0.6417344179,0.2222222222,0.7933533403,0.608761429,-2.029616687e-17,0.02187925935,0,0,0,0,-0.7451014358,-0.5721792457,-0.119658807
0.8177203453,0.5723024839,0.2777777778,0.7933533403,0.608761429,-0,0.02187925935,0,0,0,0,-0.7363490135,-0.565405276,-0.1215317852
0.7644433486,0.6417344179,0.3888888889,0.7933533403,0.608761429,-2.029616687e-17,0.02187925935,0,0,0,0,-0.7136068458,-0.5479750189,-0.1229595296
0.8177203453,0.5723024839,0.4444444444,0.7933533403,0.608761429,-0,0.02187925935,0,0,0,0,-0.7040602467,-0.5406130963,-0.1230748476
0.7644433486,0.6417344179,0.5555555556,0.7933533403,0.608761429,-2.029616687e-17,0.02187925935,0,0,0,0,-0.6808143847,-0.5227948331,-0.1235502126
0.8177203453,0.5723024839,0.6111111111,0.7933533403,0.608761429,-0,0.02187925935,0,0,0,0,-0.671242574,-0.5153993128,-0.1236171761
0.7644433486,0.6417344179,0.7222222222,0.7933533403,0.608761429,-2.029616687e-17,0.02187925935,0,0,0,0,-0.6479323656,-0.4975471737,-0.1238072204
0.8177203453,0.5723024839,0.7777777778,0.7933533403,0.608761429,-0,0.02187925935,0,0,0,0,-0.6383453047,-0.4901479788,-0.123837046
0.7644433486,0.6417344179,0.8888888889,0.7933533403,0.608761429,-2.029616687e-17,0.02187925935,0,0,0,0,-0.6150266283,-0.4722892545,-0.1239205921
0.8177203453,0.5723024839,0.9444444444,0.7933533403,0.608761429,-0,0.02187925935,0,0,0,0,-0.6054357884,-0.4648916678,-0.1239356303
0.7644433486,0.6417344179,1.055555556,0.7933533403,0.608761429,-2.029616687e-17,0.02187925935,0,0,0,0,-0.5821193321,-0.4470335548,-0.1239738795
0.8177203453,0.5723024839,1.111111111,0.7933533403,0.608761429,-0,0.02187925935,0,0,0,0,-0.5725275128,-0.4396383501,-0.1239821064
0.7644433486,0.6417344179,1.222222222,0.7933533403,0.608761429,-2.029616687e-17,0.02187925935,0,0,0,0,-0.5492150914,-0.4217818754,-0.123999605
0.8177203453,0.5723024839,1.277777778,0.7933533403,0.608761429,-0,0.02187925935,0,0,0,0,-0.5396229336,-0.4143889353,-0.1240045067
0.7644433486,0.6417344179,1.388888889,0.7933533403,0.608761429,-2.029616687e-17,0.02187925935,0,0,0,0,-0.516314253,-0.3965336956,-0.1240119382
0.8177203453,0.5723024839,1.444444444,0.7933533403,0.608761429,-0,0.02187925935,0,0,0,0,-0.5067217801,-0.3891427584,-0.1240150886
0.7644433486,0.6417344179,1.555555556,0.7933533403,0.608761429,-2.029616687e-17,0.02187925935,0,0,0,0,-0.4834161928,-0.371288151,-0.1240173024
0.8177203453,0.5723024839,1.611111111,0.7933533403,0.608761429,-0,0.02187925935,0,0,0,0,-0.4738232923,-0.3638989934,-0.1240194317
0.7644433486,0.6417344179,1.722222222,0.7933533403,0.608761429,-2.029616687e-17,0.02187925935,0,0,0,0,-0.45052024,-0.3460445226,-0.1240186743
0.8177203453,0.5723024839,1.777777778,0.7933533403,0.608761429,-0,0.02187925935,0,0,0,0,-0.4409267977,-0.3386569858,-0.1240201231
0.7644433486,0.6417344179,1.888888889,0.7933533403,0.608761429,-2.029616687e-17,0.02187925935,0,0,0,0,-0.4176258721,-0.3208022931,-0.124017424
0.8177203453,0.5723024839,1.944444444,0.7933533403,0.608761429,-0,0.02187925935,0,0,0,0,-0.408031795,-0.3134162662,-0.1240183441
0.7644433486,0.6417344179,2.055555556,0.7933533403,0.608761429,-2.029616687e-17,0.02187925935,0,0,0,0,-0.3847326913,-0.2955610854,-0.124014116
0.8177203453,0.5723024839,2.111111111,0.7933533403,0.608761429,-0,0.02187925935,0,0,0,0,-0.3751378954,-0.2881764801,-0.1240145544
0.7644433486,0.6417344179,2.222222222,0.7933533403,0.608761429,-2.029616687e-17,0.02187925935,0,0,0,0,-0.3518403447,-0.2703205775,-0.1240088199
0.8177203453,0.5723024839,2.277777778,0.7933533403,0.608761429,-0,0.02187925935,0,0,0,0,-0.3422447322,-0.262937303,-0.1240087427
0.7644433486,0.6417344179,2.388888889,0.7933533403,0.608761429,-2.029616687e-17,0.02187925935,0,0,0,0,-0.3189484314,-0.2450804156,-0.1240011384
0.8177203453,0.5723024839,2.444444444,0.7933533403,0.608761429,-0,0.02187925935,0,0,0,0,-0.3093518637,-0.2376983536,-0.1240004093
0.7644433486,0.6417344179,2.555555556,0.7933533403,0.608761429,-2.029616687e-17,0.02187925935,0,0,0,0,-0.2860564113,-0.2198401276,-0.1239899677
0.8177203453,0.5723024839,2.611111111,0.7933533403,0.608761429,-0,0.02187925935,0,0,0,0,-0.2764586802,-0.2124591092,-0.1239882673
0.7644433486,0.6417344179,2.722222222,0.7933533403,0.608761429,-2.029616687e-17,0.02187925935,0,0,0,0,-0.2531635424,-0.1945990484,-0.123972834
0.8177203453,0.5723024839,2.777777778,0.7933533403,0.608761429,-0,0.02187925935,0,0,0,0,-0.2435643548,-0.1872188424,-0.1239694664
0.7644433486,0.6417344179,2.888888889,0.7933533403,0.608761429,-2.029616687e-17,0.02187925935,0,0,0,0,-0.2202689532,-0.169356319,-0.1239443557
0.8177203453,0.5723024839,2.944444444,0.7933533403,0.608761429,-0,0.02187925935,0,0,0,0,-0.210667979,-0.1619766697,-0.1239378113
0.7644433486,0.6417344179,3.055555556,0.7933533403,0.608761429,-2.029616687e-17,0.02187925935,0,0,0,0,-0.1873721882,-0.1441111656,-0.1238926976
0.8177203453,0.5723024839,3.111111111,0.7933533403,0.608761429,-0,0.02187925935,0,0,0,0,-0.1777693367,-0.1367319872,-0.1238796367
0.7644433486,0.6417344179,3.222222222,0.7933533403,0.608761429,-2.029616687e-17,0.02187925935,0,0,0,0,-0.1544752982,-0.1188641338,-0.1237908491
0.8177203453,0.5723024839,3.277777778,0.7933533403,0.608761429,-0,0.02187925935,0,0,0,0,-0.1448718025,-0.1114860569,-0.1237636427
0.7644433486,0.6417344179,3.388888889,0.7933533403,0.608761429,-2.029616687e-17,0.02187925935,0,0,0,0,-0.1215907583,-0.09362158914,-0.1235736452
0.8177203453,0.5723024839,3.444444444,0.7933533403,0.608761429,-0,0.02187925935,0,0,0,0,-0.1119945061,-0.08624877178,-0.1235082079
0.7644433486,0.6417344179,3.555555556,0.7933533403,0.608761429,-2.029616687e-17,0.02187925935,0,0,0,0,-0.0887581983,-0.06843293284,-0.1230467054
0.8177203453,0.5723024839,3.611111111,0.7933533403,0.608761429,-0,0.02187925935,0,0,0,0,-0.07920449483,-0.06099415206,-0.1230192757
0.7644433486,0.6417344179,3.722222222,0.7933533403,0.608761429,-2.029616687e-17,0.02187925935,0,0,0,0,-0.05659631362,-0.0434639828,-0.1213094422
0.8177203453,0.5723024839,3.777777778,0.7933533403,0.608761429,-0,0.02187925935,0,0,0,0,-0.04881467215,-0.0368421491,-0.1180100785
0.7644433486,0.6417344179,3.888888889,0.7933533403,0.608761429,-2.029616687e-17,0.02187925935,0,0,0,0,-0.01846898597,-0.02057430898,-0.1347262773
0.8177203453,0.5723024839,3.944444444,0.7933533403,0.608761429,-0,0.02187925935,0,0,0,0,-0.008299056767,-0.002950966485,-0.1456815796
0.5723024839,0.8177203453,0.05555555556,0.608761429,0.7933533403,6.807557998e-17,0.02187925935,0,0,0,0,-0.6185161093,-0.7931400113,-0.15618143
0.6417344179,0.7644433486,0.1111111111,0.608761429,0.7933533403,-0,0.02187925935,0,0,0,0,-0.5813904712,-0.7675833909,-0.1242832039
0.5723024839,0.8177203453,0.2222222222,0.608761429,0.7933533403,6.807557998e-17,0.02187925935,0,0,0,0,-0.5716218341,-0.7455291528,-0.119658807
0.6417344179,0.7644433486,0.2777777778,0.608761429,0.7933533403,-0,0.02187925935,0,0,0,0,-0.5649208757,-0.7367207069,-0.1215317852
0.5723024839,0.8177203453,0.3888888889,0.608761429,0.7933533403,6.807557998e-17,0.02187925935,0,0,0,0,-0.5474649111,-0.7139982653,-0.1229595296
0.6417344179,0.7644433486,0.4444444444,0.608761429,0.7933533403,-0,0.02187925935,0,0,0,0,-0.5401490102,-0.7044163525,-0.1230748476
0.5723024839,0.8177203453,0.5555555556,0.608761429,0.7933533403,6.807557998e-17,0.02187925935,0,0,0,0,-0.5223069376,-0.6811887601,-0.1235502126
0.6417344179,0.7644433486,0.6111111111,0.608761429,0.7933533403,-0,0.02187925935,0,0,0,0,-0.5149753799,-0.6715678691,-0.1236171761
0.5723024839,0.8177203453,0.7222222222,0.608761429,0.7933533403,6.807557998e-17,0.02187925935,0,0,0,0,-0.4970799213,-0.648290901,-0.1238072204
0.6417344179,0.7644433486,0.7777777778,0.608761429,0.7933533403,-0,0.02187925935,0,0,0,0,-0.4897345841,-0.6386625136,-0.123837046
0.5723024839,0.8177203453,0.8888888889,0.608761429,0.7933533403,6.807557998e-17,0.02187925935,0,0,0,0,-0.4718326503,-0.615376993,-0.1239205921
0.6417344179,0.7644433486,0.9444444444,0.608761429,0.7933533403,-0,0.02187925935,0,0,0,0,-0.4644832466,-0.6057491809,-0.1239356303
0.5723024839,0.8177203453,1.055555556,0.608761429,0.7933533403,6.807557998e-17,0.02187925935,0,0,0,0,-0.4465832991,-0.5824648254,-0.1239738795
0.6417344179,0.7644433486,1.111111111,0.608761429,0.7933533403,-0,0.02187925935,0,0,0,0,-0.4392323329,-0.5728390608,-0.1239821064
0.5723024839,0.8177203453,1.222222222,0.608761429,0.7933533403,6.807557998e-17,0.02187925935,0,0,0,0,-0.4213358587,-0.549557332,-0.123999605
0.6417344179,0.7644433486,1.277777778,0.608761429,0.7933533403,-0,0.02187925935,0,0,0,0,-0.4139839795,-0.5399336672,-0.1240045067
0.5723024839,0.8177203453,1.388888889,0.608761429,0.7933533403,6.807557998e-17,0.02187925935,0,0,0,0,-0.396090799,-0.5166540995,-0.1240119382
0.6417344179,0.7644433486,1.444444444,0.608761429,0.7933533403,-0,0.02187925935,0,0,0,0,-0.388738097,-0.5070322877,-0.1240150886
0.5723024839,0.8177203453,1.555555556,0.608761429,0.7933533403,6.807557998e-17,0.02187925935,0,0,0,0,-0.3708477407,-0.4837541314,-0.1240173024
0.6417344179,0.7644433486,1.611111111,0.608761429,0.7933533403,-0,0.02187925935,0,0,0,0,-0.3634941651,-0.474133928,-0.1240194317
0.5723024839,0.8177203453,1.722222222,0.608761429,0.7933533403,6.807557998e-17,0.02187925935,0,0,0,0,-0.3456062221,-0.4508565597,-0.1240186743
0.6417344179,0.7644433486,1.777777778,0.608761429,0.7933533403,-0,0.02187925935,0,0,0,0,-0.3382517037,-0.4412377816,-0.1240201231
0.5723024839,0.8177203453,1.888888889,0.608761429,0.7933533403,6.807557998e-17,0.02187925935,0,0,0,0,-0.3203658724,-0.4179607494,-0.124017424
0.6417344179,0.7644433486,1.944444444,0.608761429,0.7933533403,-0,0.02187925935,0,0,0,0,-0.31301035,-0.4083432655,-0.1240183441
0.5723024839,0.8177203453,2.055555556,0.608761429,0.7933533403,6.807557998e-17,0.02187925935,0,0,0,0,-0.2951264049,-0.3850662334,-0.124014116
0.6417344179,0.7644433486,2.111111111,0.608761429,0.7933533403,-0,0.02187925935,0,0,0,0,-0.2877698202,-0.3754499366,-0.1240145544
0.5723024839,0.8177203453,2.222222222,0.608761429,0.7933533403,6.807557998e-17,0.02187925935,0,0,0,0,-0.269887562,-0.3521726092,-0.1240088199
0.6417344179,0.7644433486,2.277777778,0.608761429,0.7933533403,-0,0.02187925935,0,0,0,0,-0.2625298441,-0.3425573864,-0.1240087427
0.5723024839,0.8177203453,2.388888889,0.608761429,0.7933533403,6.807557998e-17,0.02187925935,0,0,0,0,-0.244649048,-0.3192794314,-0.1240011384
0.6417344179,0.7644433486,2.444444444,0.608761429,0.7933533403,-0,0.02187925935,0,0,0,0,-0.2372900936,-0.3096651326,-0.1240004093
0.5723024839,0.8177203453,2.555555556,0.608761429,0.7933533403,6.807557998e-17,0.02187925935,0,0,0,0,-0.2194104636,-0.2863861041,-0.1239899677
0.6417344179,0.7644433486,2.611111111,0.608761429,0.7933533403,-0,0.02187925935,0,0,0,0,-0.2120501153,-0.2767725122,-0.1239882673
0.5723024839,0.8177203453,2.722222222,0.608761429,0.7933533403,6.807557998e-17,0.02187925935,0,0,0,0,-0.194171264,-0.253491793,-0.123972834
0.6417344179,0.7644433486,2.777777778,0.608761429,0.7933533403,-0,0.02187925935,0,0,0,0,-0.1868092987,-0.2438786088,-0.1239694664
0.5723024839,0.8177203453,2.888888889,0.608761429,0.7933533403,6.807557998e-17,0.02187925935,0,0,0,0,-0.1689308299,-0.2205954425,-0.1239443557
0.6417344179,0.7644433486,2.944444444,0.608761429,0.7933533403,-0,0.02187925935,0,0,0,0,-0.1615669948,-0.2109823337,-0.1239378113
0.5723024839,0.8177203453,3.055555556,0.608761429,0.7933533403,6.807557998e-17,0.02187925935,0,0,0,0,-0.1436889215,-0.1876961876,-0.1238926976
0.6417344179,0.7644433486,3.111111111,0.608761429,0.7933533403,-0,0.02187925935,0,0,0,0,-0.136323151,-0.1780830476,-0.1238796367
0.5723024839,0.8177203453,3.222222222,0.608761429,0.7933533403,6.807557998e-17,0.02187925935,0,0,0,0,-0.1184473784,-0.1547950858,-0.1237908491
0.6417344179,0.7644433486,3.277777778,0.608761429,0.7933533403,-0,0.02187925935,0,0,0,0,-0.1110807008,-0.1451828432,-0.1237636427
0.5723024839,0.8177203453,3.388888889,0.608761429,0.7933533403,6.807557998e-17,0.02187925935,0,0,0,0,-0.09321660337,-0.1219015148,-0.1235736452
0.6417344179,0.7644433486,3.444444444,0.608761429,0.7933533403,-0,0.02187925935,0,0,0,0,-0.08585556105,-0.1122962273,-0.1235082079
0.5723024839,0.8177203453,3.555555556,0.608761429,0.7933533403,6.807557998e-17,0.02187925935,0,0,0,0,-0.0680220897,-0.08907344933,-0.1230467054
0.6417344179,0.7644433486,3.611111111,0.608761429,0.7933533403,-0,0.02187925935,0,0,0,0,-0.06071921892,-0.07941545845,-0.1230192757
0.5723024839,0.8177203453,3.722222222,0.608761429,0.7933533403,6.807557998e-17,0.02187925935,0,0,0,0,-0.04341853447,-0.05663118734,-0.1213094422
0.6417344179,0.7644433486,3.777777778,0.608761429,0.7933533403,-0,0.02187925935,0,0,0,0,-0.03761590268,-0.04822095015,-0.1180100785
0.5723024839,0.8177203453,3.888888889,0.608761429,0.7933533403,6.807557998e-17,0.02187925935,0,0,0,0,-0.01251464753,-0.02465338172,-0.1347262773
0.6417344179,0.7644433486,3.944444444,0.608761429,0.7933533403,-0,0.02187925935,0,0,0,0,-0.007252506937,-0.004998368688,-0.1456815796
0.3411601507,0.9379799826,0.05555555556,0.3826834324,0.9238795325,-1.617998291e-18,0.02187925935,0,0,0,0,-0.3921609436,-0.9261981696,-0.15618143
0.4220153503,0.9044886624,0.1111111111,0.3826834324,0.9238795325,-0,0.02187925935,0,0,0,0,-0.362914871,-0.8919035477,-0.1242832039
0.3411601507,0.9379799826,0.2222222222,0.3826834324,0.9238795325,-1.617998291e-18,0.02187925935,0,0,0,0,-0.359187149,-0.8680724802,-0.119658807
0.4220153503,0.9044886624,0.2777777778,0.3826834324,0.9238795325,-0,0.02187925935,0,0,0,0,-0.3549943137,-0.8578298392,-0.1215317852
0.3411601507,0.9379799826,0.3888888889,0.3826834324,0.9238795325,-1.617998291e-18,0.02187925935,0,0,0,0,-0.3440141474,-0.8313637099,-0.1229595296
0.4220153503,0.9044886624,0.4444444444,0.3826834324,0.9238795325,-0,0.02187925935,0,0,0,0,-0.3394275113,-0.8202147984,-0.1230748476
0.3411601507,0.9379799826,0.5555555556,0.3826834324,0.9238795325,-1.617998291e-18,0.02187925935,0,0,0,0,-0.3282051358,-0.7931607988,-0.1235502126
0.4220153503,0.9044886624,0.6111111111,0.3826834324,0.9238795325,-0,0.02187925935,0,0,0,0,-0.3236134648,-0.7819701849,-0.1236171761
0.3411601507,0.9379799826,0.7222222222,0.3826834324,0.9238795325,-1.617998291e-18,0.02187925935,0,0,0,0,-0.3123523017,-0.7548546748,-0.1238072204
0.4220153503,0.9044886624,0.7777777778,0.3826834324,0.9238795325,-0,0.02187925935,0,0,0,0,-0.3077492609,-0.7436532536,-0.123837046
0.3411601507,0.9379799826,0.8888888889,0.3826834324,0.9238795325,-1.617998291e-18,0.02187925935,0,0,0,0,-0.2964840569,-0.7165278065,-0.1239205921
0.4220153503,0.9044886624,0.9444444444,0.3826834324,0.9238795325,-0,0.02187925935,0,0,0,0,-0.2918769392,-0.7053258885,-0.1239356303
0.3411601507,0.9379799826,1.055555556,0.3826834324,0.9238795325,-1.617998291e-18,0.02187925935,0,0,0,0,-0.2806133522,-0.6782020808,-0.1239738795
0.4220153503,0.9044886624,1.111111111,0.3826834324,0.9238795325,-0,0.02187925935,0,0,0,0,-0.2760041954,-0.6670017361,-0.1239821064
0.3411601507,0.9379799826,1.222222222,0.3826834324,0.9238795325,-1.617998291e-18,0.02187925935,0,0,0,0,-0.2647432836,-0.6398813646,-0.123999605
0.4220153503,0.9044886624,1.277777778,0.3826834324,0.9238795325,-0,0.02187925935,0,0,0,0,-0.2601327013,-0.6286828119,-0.1240045067
0.3411601507,0.9379799826,1.388888889,0.3826834324,0.9238795325,-1.617998291e-18,0.02187925935,0,0,0,0,-0.2488744116,-0.6015653803,-0.1240119382
0.4220153503,0.9044886624,1.444444444,0.3826834324,0.9238795325,-0,0.02187925935,0,0,0,0,-0.2442625551,-0.5903684046,-0.1240150886
0.3411601507,0.9379799826,1.555555556,0.3826834324,0.9238795325,-1.617998291e-18,0.02187925935,0,0,0,0,-0.233006628,-0.5632530673,-0.1240173024
0.4220153503,0.9044886624,1.611111111,0.3826834324,0.9238795325,-0,0.02187925935,0,0,0,0,-0.2283935113,-0.5520574188,-0.1240194317
0.3411601507,0.9379799826,1.722222222,0.3826834324,0.9238795325,-1.617998291e-18,0.02187925935,0,0,0,0,-0.2171397114,-0.5249434674,-0.1240186743
0.4220153503,0.9044886624,1.777777778,0.3826834324,0.9238795325,-0,0.02187925935,0,0,0,0,-0.2125253151,-0.5137489518,-0.1240201231
0.3411601507,0.9379799826,1.888888889,0.3826834324,0.9238795325,-1.617998291e-18,0.02187925935,0,0,0,0,-0.2012734679,-0.4866358714,-0.124017424
0.4220153503,0.9044886624,1.944444444,0.3826834324,0.9238795325,-0,0.02187925935,0,0,0,0,-0.1966577669,-0.475442346,-0.1240183441
0.3411601507,0.9379799826,2.055555556,0.3826834324,0.9238795325,-1.617998291e-18,0.02187925935,0,0,0,0,-0.1854077417,-0.448329754,-0.124014116
0.4220153503,0.9044886624,2.111111111,0.3826834324,0.9238795325,-0,0.02187925935,0,0,0,0,-0.1807907073,-0.4371371003,-0.1240145544
0.3411601507,0.9379799826,2.222222222,0.3826834324,0.9238795325,-1.617998291e-18,0.02187925935,0,0,0,0,-0.1695423879,-0.4100246596,-0.1240088199
0.4220153503,0.9044886624,2.277777778,0.3826834324,0.9238795325,-0,0.02187925935,0,0,0,0,-0.1649239809,-0.3988327501,-0.1240087427
0.3411601507,0.9379799826,2.388888889,0.3826834324,0.9238795325,-1.617998291e-18,0.02187925935,0,0,0,0,-0.1536772363,-0.3717200816,-0.1240011384
0.4220153503,0.9044886624,2.444444444,0.3826834324,0.9238795325,-0,0.02187925935,0,0,0,0,-0.1490573959,-0.3605287445,-0.1240004093
0.3411601507,0.9379799826,2.555555556,0.3826834324,0.9238795325,-1.617998291e-18,0.02187925935,0,0,0,0,-0.1378120553,-0.3334153409,-0.1239899677
0.4220153503,0.9044886624,2.611111111,0.3826834324,0.9238795325,-0,0.02187925935,0,0,0,0,-0.1331906856,-0.3222243259,-0.1239882673
0.3411601507,0.9379799826,2.722222222,0.3826834324,0.9238795325,-1.617998291e-18,0.02187925935,0,0,0,0,-0.1219465349,-0.2951094907,-0.123972834
0.4220153503,0.9044886624,2.777777778,0.3826834324,0.9238795325,-0,0.02187925935,0,0,0,0,-0.1173234975,-0.283918451,-0.1239694664
0.3411601507,0.9379799826,2.888888889,0.3826834324,0.9238795325,-1.617998291e-18,0.02187925935,0,0,0,0,-0.1060803496,-0.2568013511,-0.1239443557
0.4220153503,0.9044886624,2.944444444,0.3826834324,0.9238795325,-0,0.02187925935,0,0,0,0,-0.1014554868,-0.2456099003,-0.1239378113
0.3411601507,0.9379799826,3.055555556,0.3826834324,0.9238795325,-1.617998291e-18,0.02187925935,0,0,0,0,-0.09021349216,-0.2184900245,-0.1238926976
0.4220153503,0.9044886624,3.111111111,0.3826834324,0.9238795325,-0,0.02187925935,0,0,0,0,-0.08558676797,-0.2072980427,-0.1238796367
0.3411601507,0.9379799826,3.222222222,0.3826834324,0.9238795325,-1.617998291e-18,0.02187925935,0,0,0,0,-0.07434746559,-0.1801770085,-0.1237908491
0.4220153503,0.9044886624,3.277777778,0.3826834324,0.9238795325,-0,0.02187925935,0,0,0,0,-0.06971963282,-0.1689856587,-0.1237636427
0.3411601507,0.9379799826,3.388888889,0.3826834324,0.9238795325,-1.617998291e-18,0.02187925935,0,0,0,0,-0.05848989098,-0.1418740537,-0.1235736452
0.4220153503,0.9044886624,3.444444444,0.3826834324,0.9238795325,-0,0.02187925935,0,0,0,0,-0.05386570144,-0.1306908804,-0.1235082079
0.3411601507,0.9379799826,3.555555556,0.3826834324,0.9238795325,-1.617998291e-18,0.02187925935,0,0,0,0,-0.0426503881,-0.1036437574,-0.1230467054
0.4220153503,0.9044886624,3.611111111,0.3826834324,0.9238795325,-0,0.02187925935,0,0,0,0,-0.03809602858,-0.09242473258,-0.1230192757
0.3411601507,0.9379799826,3.722222222,0.3826834324,0.9238795325,-1.617998291e-18,0.02187925935,0,0,0,0,-0.02728185395,-0.06593907006,-0.1213094422
0.4220153503,0.9044886624,3.777777778,0.3826834324,0.9238795325,-0,0.02187925935,0,0,0,0,-0.0238536716,-0.05631357313,-0.1180100785
0.3411601507,0.9379799826,3.888888889,0.3826834324,0.9238795325,-1.617998291e-18,0.02187925935,0,0,0,0,-0.005707456541,-0.02705236723,-0.1347262773
0.4220153503,0.9044886624,3.944444444,0.3826834324,0.9238795325,-0,0.02187925935,0,0,0,0,-0.005711710745,-0.006705140325,-0.1456815796
0.08676831703,0.9943178342,0.05555555556,0.1305261922,0.9914448614,-1.275217822e-17,0.02187925935,0,0,0,0,-0.1390806577,-0.9961374532,-0.15618143
0.1735366341,0.9828945686,0.1111111111,0.1305261922,0.9914448614,-0,0.02187925935,0,0,0,0,-0.1197072221,-0.9554419517,-0.1242832039
0.08676831703,0.9943178342,0.2222222222,0.1305261922,0.9914448614,-1.275217822e-17,0.02187925935,0,0,0,0,-0.1222744532,-0.9314581026,-0.119658807
0.1735366341,0.9828945686,0.2777777778,0.1305261922,0.9914448614,-0,0.02187925935,0,0,0,0,-0.120875476,-0.9204792855,-0.1215317852
0.08676831703,0.9943178342,0.3888888889,0.1305261922,0.9914448614,-1.275217822e-17,0.02187925935,0,0,0,0,-0.117119388,-0.8920730915,-0.1229595296
0.1735366341,0.9828945686,0.4444444444,0.1305261922,0.9914448614,-0,0.02187925935,0,0,0,0,-0.1155745884,-0.8801169612,-0.1230748476
0.08676831703,0.9943178342,0.5555555556,0.1305261922,0.9914448614,-1.275217822e-17,0.02187925935,0,0,0,0,-0.1117366964,-0.8510802398,-0.1235502126
0.1735366341,0.9828945686,0.6111111111,0.1305261922,0.9914448614,-0,0.02187925935,0,0,0,0,-0.1101978268,-0.8390825249,-0.1236171761
0.08676831703,0.9943178342,0.7222222222,0.1305261922,0.9914448614,-1.275217822e-17,0.02187925935,0,0,0,0,-0.106338389,-0.8099763499,-0.1238072204
0.1735366341,0.9828945686,0.7777777778,0.1305261922,0.9914448614,-0,0.02187925935,0,0,0,0,-0.1047913341,-0.7979652533,-0.123837046
0.08676831703,0.9943178342,0.8888888889,0.1305261922,0.9914448614,-1.275217822e-17,0.02187925935,0,0,0,0,-0.1009305649,-0.768848434,-0.1239205921
0.1735366341,0.9828945686,0.9444444444,0.1305261922,0.9914448614,-0,0.02187925935,0,0,0,0,-0.09937970076,-0.7568358023,-0.1239356303
0.08676831703,0.9943178342,1.055555556,0.1305261922,0.9914448614,-1.275217822e-17,0.02187925935,0,0,0,0,-0.09552006918,-0.7277209852,-0.1239738795
0.1735366341,0.9828945686,1.111111111,0.1305261922,0.9914448614,-0,0.02187925935,0,0,0,0,-0.09396682804,-0.7157093454,-0.1239821064
0.08676831703,0.9943178342,1.222222222,0.1305261922,0.9914448614,-1.275217822e-17,0.02187925935,0,0,0,0,-0.09010889117,-0.6865985397,-0.123999605
0.1735366341,0.9828945686,1.277777778,0.1305261922,0.9914448614,-0,0.02187925935,0,0,0,0,-0.08855380944,-0.6745882619,-0.1240045067
0.08676831703,0.9943178342,1.388888889,0.1305261922,0.9914448614,-1.275217822e-17,0.02187925935,0,0,0,0,-0.0846976444,-0.6454809746,-0.1240119382
0.1735366341,0.9828945686,1.444444444,0.1305261922,0.9914448614,-0,0.02187925935,0,0,0,0,-0.08314092359,-0.6334718902,-0.1240150886
0.08676831703,0.9943178342,1.555555556,0.1305261922,0.9914448614,-1.275217822e-17,0.02187925935,0,0,0,0,-0.07928649868,-0.6043672374,-0.1240173024
0.1735366341,0.9828945686,1.611111111,0.1305261922,0.9914448614,-0,0.02187925935,0,0,0,0,-0.07772821713,-0.592359109,-0.1240194317
0.08676831703,0.9943178342,1.722222222,0.1305261922,0.9914448614,-1.275217822e-17,0.02187925935,0,0,0,0,-0.07387548823,-0.5632563452,-0.1240186743
0.1735366341,0.9828945686,1.777777778,0.1305261922,0.9914448614,-0,0.02187925935,0,0,0,0,-0.07231567749,-0.5512489799,-0.1240201231
0.08676831703,0.9943178342,1.888888889,0.1305261922,0.9914448614,-1.275217822e-17,0.02187925935,0,0,0,0,-0.06846460927,-0.522147563,-0.124017424
0.1735366341,0.9828945686,1.944444444,0.1305261922,0.9914448614,-0,0.02187925935,0,0,0,0,-0.06690328199,-0.5101408164,-0.1240183441
0.08676831703,0.9943178342,2.055555556,0.1305261922,0.9914448614,-1.275217822e-17,0.02187925935,0,0,0,0,-0.06305384726,-0.4810403427,-0.124014116
0.1735366341,0.9828945686,2.111111111,0.1305261922,0.9914448614,-0,0.02187925935,0,0,0,0,-0.06149100645,-0.469034093,-0.1240145544
0.08676831703,0.9943178342,2.222222222,0.1305261922,0.9914448614,-1.275217822e-17,0.02187925935,0,0,0,0,-0.05764318024,-0.4399342071,-0.1240088199
0.1735366341,0.9828945686,2.277777778,0.1305261922,0.9914448614,-0,0.02187925935,0,0,0,0,-0.05607882104,-0.4279283209,-0.1240087427
0.08676831703,0.9943178342,2.388888889,0.1305261922,0.9914448614,-1.275217822e-17,0.02187925935,0,0,0,0,-0.05223257492,-0.3988286225,-0.1240011384
0.1735366341,0.9828945686,2.444444444,0.1305261922,0.9914448614,-0,0.02187925935,0,0,0,0,-0.05066668288,-0.3868229183,-0.1240004093
0.08676831703,0.9943178342,2.555555556,0.1305261922,0.9914448614,-1.275217822e-17,0.02187925935,0,0,0,0,-0.04682198324,-0.3577228732,-0.1239899677
0.1735366341,0.9828945686,2.611111111,0.1305261922,0.9914448614,-0,0.02187925935,0,0,0,0,-0.04525453066,-0.3457170843,-0.1239882673
0.08676831703,0.9943178342,2.722222222,0.1305261922,0.9914448614,-1.275217822e-17,0.02187925935,0,0,0,0,-0.04141135085,-0.3166159644,-0.123972834
0.1735366341,0.9828945686,2.777777778,0.1305261922,0.9914448614,-0,0.02187925935,0,0,0,0,-0.0398422939,-0.30460972,-0.1239694664
0.08676831703,0.9943178342,2.888888889,0.1305261922,0.9914448614,-1.275217822e-17,0.02187925935,0,0,0,0,-0.03600066892,-0.2755066721,-0.1239443557
0.1735366341,0.9828945686,2.944444444,0.1305261922,0.9914448614,-0,0.02187925935,0,0,0,0,-0.03442995502,-0.2634995581,-0.1239378113
0.08676831703,0.9943178342,3.055555556,0.1305261922,0.9914448614,-1.275217822e-17,0.02187925935,0,0,0,0,-0.03059016245,-0.2343941274,-0.1238926976
0.1735366341,0.9828945686,3.111111111,0.1305261922,0.9914448614,-0,0.02187925935,0,0,0,0,-0.0290177881,-0.2223860188,-0.1238796367
0.08676831703,0.9943178342,3.222222222,0.1305261922,0.9914448614,-1.275217822e-17,0.02187925935,0,0,0,0,-0.02518089584,-0.1932801659,-0.1237908491
0.1735366341,0.9828945686,3.277777778,0.1305261922,0.9914448614,-0,0.02187925935,0,0,0,0,-0.02360728713,-0.1812723808,-0.1237636427
0.08676831703,0.9943178342,3.388888889,0.1305261922,0.9914448614,-1.275217822e-17,0.02187925935,0,0,0,0,-0.01977718917,-0.1521781103,-0.1235736452
0.1735366341,0.9828945686,3.444444444,0.1305261922,0.9914448614,-0,0.02187925935,0,0,0,0,-0.01820498329,-0.1401791661,-0.1235082079
0.08676831703,0.9943178342,3.555555556,0.1305261922,0.9914448614,-1.275217822e-17,0.02187925935,0,0,0,0,-0.01437213304,-0.1111509148,-0.1230467054
0.1735366341,0.9828945686,3.611111111,0.1305261922,0.9914448614,-0,0.02187925935,0,0,0,0,-0.01287665686,-0.09913541393,-0.1230192757
0.08676831703,0.9943178342,3.722222222,0.1305261922,0.9914448614,-1.275217822e-17,0.02187925935,0,0,0,0,-0.009285960176,-0.07075331412,-0.1213094422
0.1735366341,0.9828945686,3.777777778,0.1305261922,0.9914448614,-0,0.02187925935,0,0,0,0,-0.008465852231,-0.06056851916,-0.1180100785
0.08676831703,0.9943178342,3.888888889,0.1305261922,0.9914448614,-1.275217822e-17,0.02187925935,0,0,0,0,0.001488688179,-0.02760777862,-0.1347262773
0.1735366341,0.9828945686,3.944444444,0.1305261922,0.9914448614,-0,0.02187925935,0,0,0,0,-0.003781670905,-0.007954967729,-0.1456815796
-0.1735366341,0.9828945686,0.05555555556,-0.1305261922,0.9914448614,1.092657849e-17,0.02187925935,0,0,0,0,0.1234777453,-0.9981916156,-0.15618143
-0.08676831703,0.9943178342,0.1111111111,-0.1305261922,0.9914448614,0,0.02187925935,0,0,0,0,0.1316582761,-0.9538685655,-0.1242832039
-0.1735366341,0.9828945686,0.2222222222,-0.1305261922,0.9914448614,1.092657849e-17,0.02187925935,0,0,0,0,0.1229710444,-0.9313663947,-0.119658807
-0.08676831703,0.9943178342,0.2777777778,-0.1305261922,0.9914448614,0,0.02187925935,0,0,0,0,0.1214808257,-0.9203995897,-0.1215317852
-0.1735366341,0.9828945686,0.3888888889,-0.1305261922,0.9914448614,1.092657849e-17,0.02187925935,0,0,0,0,0.1177568641,-0.8919891662,-0.1229595296
-0.08676831703,0.9943178342,0.4444444444,-0.1305261922,0.9914448614,0,0.02187925935,0,0,0,0,0.1161545517,-0.8800406076,-0.1230748476
-0.1735366341,0.9828945686,0.5555555556,-0.1305261922,0.9914448614,1.092657849e-17,0.02187925935,0,0,0,0,0.1123464141,-0.8509999689,-0.1235502126
-0.08676831703,0.9943178342,0.6111111111,-0.1305261922,0.9914448614,0,0.02187925935,0,0,0,0,0.110727611,-0.8390127775,-0.1236171761
-0.1735366341,0.9828945686,0.7222222222,-0.1305261922,0.9914448614,1.092657849e-17,0.02187925935,0,0,0,0,0.1069223092,-0.8098994754,-0.1238072204
-0.08676831703,0.9943178342,0.7777777778,-0.1305261922,0.9914448614,0,0.02187925935,0,0,0,0,0.1053079489,-0.7978972397,-0.123837046
-0.1735366341,0.9828945686,0.8888888889,-0.1305261922,0.9914448614,1.092657849e-17,0.02187925935,0,0,0,0,0.1015011782,-0.7687733113,-0.1239205921
-0.08676831703,0.9943178342,0.9444444444,-0.1305261922,0.9914448614,0,0.02187925935,0,0,0,0,0.09989010009,-0.756768607,-0.1239356303
-0.1735366341,0.9828945686,1.055555556,-0.1305261922,0.9914448614,1.092657849e-17,0.02187925935,0,0,0,0,0.09608274874,-0.727646907,-0.1239738795
-0.08676831703,0.9943178342,1.111111111,-0.1305261922,0.9914448614,0,0.02187925935,0,0,0,0,0.09447422332,-0.7156425455,-0.1239821064
-0.1735366341,0.9828945686,1.222222222,-0.1305261922,0.9914448614,1.092657849e-17,0.02187925935,0,0,0,0,0.09066627325,-0.686525159,-0.123999605
-0.08676831703,0.9943178342,1.277777778,-0.1305261922,0.9914448614,0,0.02187925935,0,0,0,0,0.08905987822,-0.6745216367,-0.1240045067
-0.1735366341,0.9828945686,1.388888889,-0.1305261922,0.9914448614,1.092657849e-17,0.02187925935,0,0,0,0,0.08525112733,-0.6454081072,-0.1240119382
-0.08676831703,0.9943178342,1.444444444,-0.1305261922,0.9914448614,0,0.02187925935,0,0,0,0,0.08364662441,-0.6334053135,-0.1240150886
-0.1735366341,0.9828945686,1.555555556,-0.1305261922,0.9914448614,1.092657849e-17,0.02187925935,0,0,0,0,0.07983687451,-0.604294779,-0.1240173024
-0.08676831703,0.9943178342,1.611111111,-0.1305261922,0.9914448614,0,0.02187925935,0,0,0,0,0.07823412658,-0.5922925047,-0.1240194317
-0.1735366341,0.9828945686,1.722222222,-0.1305261922,0.9914448614,1.092657849e-17,0.02187925935,0,0,0,0,0.07442322741,-0.563184234,-0.1240186743
-0.08676831703,0.9943178342,1.777777778,-0.1305261922,0.9914448614,0,0.02187925935,0,0,0,0,0.07282215405,-0.551182301,-0.1240201231
-0.1735366341,0.9828945686,1.888888889,-0.1305261922,0.9914448614,1.092657849e-17,0.02187925935,0,0,0,0,0.06900999937,-0.522075761,-0.124017424
-0.08676831703,0.9943178342,1.944444444,-0.1305261922,0.9914448614,0,0.02187925935,0,0,0,0,0.06741055102,-0.5100740331,-0.1240183441
-0.1735366341,0.9828945686,2.055555556,-0.1305261922,0.9914448614,1.092657849e-17,0.02187925935,0,0,0,0,0.06359706264,-0.4809688271,-0.124014116
-0.08676831703,0.9943178342,2.111111111,-0.1305261922,0.9914448614,0,0.02187925935,0,0,0,0,0.06199920486,-0.4689671874,-0.1240145544
-0.1735366341,0.9828945686,2.222222222,-0.1305261922,0.9914448614,1.092657849e-17,0.02187925935,0,0,0,0,0.05818431489,-0.4398629654,-0.1240088199
-0.08676831703,0.9943178342,2.277777778,-0.1305261922,0.9914448614,0,0.02187925935,0,0,0,0,0.05658801785,-0.4278612839,-0.1240087427
-0.1735366341,0.9828945686,2.388888889,-0.1305261922,0.9914448614,1.092657849e-17,0.02187925935,0,0,0,0,0.05277165015,-0.3987576519,-0.1240011384
-0.08676831703,0.9943178342,2.444444444,-0.1305261922,0.9914448614,0,0.02187925935,0,0,0,0,0.05117688081,-0.3867557495,-0.1240004093
-0.1735366341,0.9828945686,2.555555556,-0.1305261922,0.9914448614,1.092657849e-17,0.02187925935,0,0,0,0,0.04735892961,-0.3576521829,-0.1239899677
-0.08676831703,0.9943178342,2.611111111,-0.1305261922,0.9914448614,0,0.02187925935,0,0,0,0,0.04576564571,-0.3456497947,-0.1239882673
-0.1735366341,0.9828945686,2.722222222,-0.1305261922,0.9914448614,1.092657849e-17,0.02187925935,0,0,0,0,0.04194594827,-0.3165455833,-0.123972834
-0.08676831703,0.9943178342,2.777777778,-0.1305261922,0.9914448614,0,0.02187925935,0,0,0,0,0.0403540962,-0.3045423399,-0.1239694664
-0.1735366341,0.9828945686,2.888888889,-0.1305261922,0.9914448614,1.092657849e-17,0.02187925935,0,0,0,0,0.03653239791,-0.2754366686,-0.1239443557
-0.08676831703,0.9943178342,2.944444444,-0.1305261922,0.9914448614,0,0.02187925935,0,0,0,0,0.03494192126,-0.2634321565,-0.1239378113
-0.1735366341,0.9828945686,3.055555556,-0.1305261922,0.9914448614,1.092657849e-17,0.02187925935,0,0,0,0,0.03111783627,-0.2343246578,-0.1238926976
-0.08676831703,0.9943178342,3.111111111,-0.1305261922,0.9914448614,0,0.02187925935,0,0,0,0,0.02952870607,-0.2223187551,-0.1238796367
-0.1735366341,0.9828945686,3.222222222,-0.1305261922,0.9914448614,1.092657849e-17,0.02187925935,0,0,0,0,0.02570171035,-0.1932115993,-0.1237908491
-0.08676831703,0.9943178342,3.277777778,-0.1305261922,0.9914448614,0,0.02187925935,0,0,0,0,0.02411385617,-0.1812056897,-0.1237636427
-0.1735366341,0.9828945686,3.388888889,-0.1305261922,0.9914448614,1.092657849e-17,0.02187925935,0,0,0,0,0.02028329539,-0.1521114801,-0.1235736452
-0.08676831703,0.9943178342,3.444444444,-0.1305261922,0.9914448614,0,0.02187925935,0,0,0,0,0.01869637438,-0.1401144732,-0.1235082079
-0.1735366341,0.9828945686,3.555555556,-0.1305261922,0.9914448614,1.092657849e-17,0.02187925935,0,0,0,0,0.01488555914,-0.1110833209,-0.1230467054
-0.08676831703,0.9943178342,3.611111111,-0.1305261922,0.9914448614,0,0.02187925935,0,0,0,0,0.01322023776,-0.09909018065,-0.1230192757
-0.1735366341,0.9828945686,3.722222222,-0.1305261922,0.9914448614,1.092657849e-17,0.02187925935,0,0,0,0,0.009342756442,-0.07074583675,-0.1213094422
-0.08676831703,0.9943178342,3.777777778,-0.1305261922,0.9914448614,0,0.02187925935,0,0,0,0,0.007498900981,-0.06069582071,-0.1180100785
-0.1735366341,0.9828945686,3.888888889,-0.1305261922,0.9914448614,1.092657849e-17,0.02187925935,0,0,0,0,0.00858338126,-0.02628176552,-0.1347262773
-0.08676831703,0.9943178342,3.944444444,-0.1305261922,0.9914448614,0,0.02187925935,0,0,0,0,-0.001593916442,-0.00866267723,-0.1456815796
-0.4220153503,0.9044886624,0.05555555556,-0.3826834324,0.9238795325,1.617998291e-18,0.02187925935,0,0,0,0,0.3776213439,-0.932220669,-0.15618143
-0.3411601507,0.9379799826,0.1111111111,-0.3826834324,0.9238795325,0,0.02187925935,0,0,0,0,0.3740514805,-0.887290613,-0.1242832039
-0.4220153503,0.9044886624,0.2222222222,-0.3826834324,0.9238795325,1.617998291e-18,0.02187925935,0,0,0,0,0.3598362686,-0.8678036061,-0.119658807
-0.3411601507,0.9379799826,0.2777777778,-0.3826834324,0.9238795325,0,0.02187925935,0,0,0,0,0.3555584099,-0.8575961829,-0.1215317852
-0.4220153503,0.9044886624,0.3888888889,-0.3826834324,0.9238795325,1.617998291e-18,0.02187925935,0,0,0,0,0.3446081805,-0.8311176533,-0.1229595296
-0.3411601507,0.9379799826,0.4444444444,-0.3826834324,0.9238795325,0,0.02187925935,0,0,0,0,0.339967951,-0.8199909409,-0.1230748476
-0.4220153503,0.9044886624,0.5555555556,-0.3826834324,0.9238795325,1.617998291e-18,0.02187925935,0,0,0,0,0.3287733022,-0.7929254565,-0.1235502126
-0.3411601507,0.9379799826,0.6111111111,-0.3826834324,0.9238795325,0,0.02187925935,0,0,0,0,0.324107145,-0.7817656959,-0.1236171761
-0.4220153503,0.9044886624,0.7222222222,-0.3826834324,0.9238795325,1.617998291e-18,0.02187925935,0,0,0,0,0.3128964287,-0.75462929,-0.1238072204
-0.3411601507,0.9379799826,0.7777777778,-0.3826834324,0.9238795325,0,0.02187925935,0,0,0,0,0.3082306692,-0.7434538477,-0.123837046
-0.4220153503,0.9044886624,0.8888888889,-0.3826834324,0.9238795325,1.617998291e-18,0.02187925935,0,0,0,0,0.2970157837,-0.716307558,-0.1239205921
-0.3411601507,0.9379799826,0.9444444444,-0.3826834324,0.9238795325,0,0.02187925935,0,0,0,0,0.2923525557,-0.7051288817,-0.1239356303
-0.4220153503,0.9044886624,1.055555556,-0.3826834324,0.9238795325,1.617998291e-18,0.02187925935,0,0,0,0,0.2811376861,-0.6779848946,-0.1239738795
-0.3411601507,0.9379799826,1.111111111,-0.3826834324,0.9238795325,0,0.02187925935,0,0,0,0,0.2764770125,-0.6668058888,-0.1239821064
-0.4220153503,0.9044886624,1.222222222,-0.3826834324,0.9238795325,1.617998291e-18,0.02187925935,0,0,0,0,0.265262681,-0.6396662232,-0.123999605
-0.3411601507,0.9379799826,1.277777778,-0.3826834324,0.9238795325,0,0.02187925935,0,0,0,0,0.2606042824,-0.6284874766,-0.1240045067
-0.4220153503,0.9044886624,1.388888889,-0.3826834324,0.9238795325,1.617998291e-18,0.02187925935,0,0,0,0,0.2493901756,-0.6013517439,-0.1240119382
-0.3411601507,0.9379799826,1.444444444,-0.3826834324,0.9238795325,0,0.02187925935,0,0,0,0,0.2447337932,-0.5901732113,-0.1240150886
-0.4220153503,0.9044886624,1.555555556,-0.3826834324,0.9238795325,1.617998291e-18,0.02187925935,0,0,0,0,0.2335194967,-0.5630406301,-0.1240173024
-0.3411601507,0.9379799826,1.611111111,-0.3826834324,0.9238795325,0,0.02187925935,0,0,0,0,0.2288649439,-0.5518621451,-0.1240194317
-0.4220153503,0.9044886624,1.722222222,-0.3826834324,0.9238795325,1.617998291e-18,0.02187925935,0,0,0,0,0.2176501231,-0.5247320479,-0.1240186743
-0.3411601507,0.9379799826,1.777777778,-0.3826834324,0.9238795325,0,0.02187925935,0,0,0,0,0.2129972761,-0.5135534591,-0.1240201231
-0.4220153503,0.9044886624,1.888888889,-0.3826834324,0.9238795325,1.617998291e-18,0.02187925935,0,0,0,0,0.2017816906,-0.4864253587,-0.124017424
-0.3411601507,0.9379799826,1.944444444,-0.3826834324,0.9238795325,0,0.02187925935,0,0,0,0,0.1971304664,-0.4752465475,-0.1240183441
-0.4220153503,0.9044886624,2.055555556,-0.3826834324,0.9238795325,1.617998291e-18,0.02187925935,0,0,0,0,0.1859139378,-0.4481200807,-0.124014116
-0.3411601507,0.9379799826,2.111111111,-0.3826834324,0.9238795325,0,0.02187925935,0,0,0,0,0.1812642728,-0.436940943,-0.1240145544
-0.4220153503,0.9044886624,2.222222222,-0.3826834324,0.9238795325,1.617998291e-18,0.02187925935,0,0,0,0,0.1700466451,-0.4098157895,-0.1240088199
-0.3411601507,0.9379799826,2.277777778,-0.3826834324,0.9238795325,0,0.02187925935,0,0,0,0,0.1653984768,-0.3986362075,-0.1240087427
-0.4220153503,0.9044886624,2.388888889,-0.3826834324,0.9238795325,1.617998291e-18,0.02187925935,0,0,0,0,0.1541795745,-0.3715120063,-0.1240011384
-0.3411601507,0.9379799826,2.444444444,-0.3826834324,0.9238795325,0,0.02187925935,0,0,0,0,0.1495328246,-0.3603318154,-0.1240004093
-0.4220153503,0.9044886624,2.555555556,-0.3826834324,0.9238795325,1.617998291e-18,0.02187925935,0,0,0,0,0.1383124097,-0.3332080874,-0.1239899677
-0.3411601507,0.9379799826,2.611111111,-0.3826834324,0.9238795325,0,0.02187925935,0,0,0,0,0.133666969,-0.3220270429,-0.1239882673
-0.4220153503,0.9044886624,2.722222222,-0.3826834324,0.9238795325,1.617998291e-18,0.02187925935,0,0,0,0,0.1224447003,-0.2949031438,-0.123972834
-0.3411601507,0.9379799826,2.777777778,-0.3826834324,0.9238795325,0,0.02187925935,0,0,0,0,0.1178004213,-0.2837209027,-0.1239694664
-0.4220153503,0.9044886624,2.888888889,-0.3826834324,0.9238795325,1.617998291e-18,0.02187925935,0,0,0,0,0.1065758422,-0.2565961114,-0.1239443557
-0.3411601507,0.9379799826,2.944444444,-0.3826834324,0.9238795325,0,0.02187925935,0,0,0,0,0.1019325634,-0.2454122887,-0.1239378113
-0.4220153503,0.9044886624,3.055555556,-0.3826834324,0.9238795325,1.617998291e-18,0.02187925935,0,0,0,0,0.09070520589,-0.21828635,-0.1238926976
-0.3411601507,0.9379799826,3.111111111,-0.3826834324,0.9238795325,0,0.02187925935,0,0,0,0,0.08606286772,-0.2071008358,-0.1238796367
-0.4220153503,0.9044886624,3.222222222,-0.3826834324,0.9238795325,1.617998291e-18,0.02187925935,0,0,0,0,0.07483278745,-0.1799759816,-0.1237908491
-0.3411601507,0.9379799826,3.277777778,-0.3826834324,0.9238795325,0,0.02187925935,0,0,0,0,0.07019168003,-0.1687901303,-0.1237636427
-0.4220153503,0.9044886624,3.388888889,-0.3826834324,0.9238795325,1.617998291e-18,0.02187925935,0,0,0,0,0.05896150689,-0.141678704,-0.1235736452
-0.3411601507,0.9379799826,3.444444444,-0.3826834324,0.9238795325,0,0.02187925935,0,0,0,0,0.05432360503,-0.1305012106,-0.1235082079
-0.4220153503,0.9044886624,3.555555556,-0.3826834324,0.9238795325,1.617998291e-18,0.02187925935,0,0,0,0,0.04312882507,-0.1034455824,-0.1230467054
-0.3411601507,0.9379799826,3.611111111,-0.3826834324,0.9238795325,0,0.02187925935,0,0,0,0,0.03841619501,-0.09229211531,-0.1230192757
-0.4220153503,0.9044886624,3.722222222,-0.3826834324,0.9238795325,1.617998291e-18,0.02187925935,0,0,0,0,0.02733477965,-0.06591714752,-0.1213094422
-0.3411601507,0.9379799826,3.777777778,-0.3826834324,0.9238795325,0,0.02187925935,0,0,0,0,0.02295261648,-0.05668680238,-0.1180100785
-0.4220153503,0.9044886624,3.888888889,-0.3826834324,0.9238795325,1.617998291e-18,0.02187925935,0,0,0,0,0.01509313109,-0.02316469354,-0.1347262773
-0.3411601507,0.9379799826,3.944444444,-0.3826834324,0.9238795325,0,0.02187925935,0,0,0,0,0.0007024607926,-0.008780039592,-0.1456815796
-0.6417344179,0.7644433486,0.05555555556,-0.608761429,0.7933533403,-4.990449935e-17,0.02187925935,0,0,0,0,0.606030672,-0.8027204243,-0.15618143
-0.5723024839,0.8177203453,0.1111111111,-0.608761429,0.7933533403,0,0.02187925935,0,0,0,0,0.5909536945,-0.7602452716,-0.1242832039
-0.6417344179,0.7644433486,0.2222222222,-0.608761429,0.7933533403,-4.990449935e-17,0.02187925935,0,0,0,0,0.5721792457,-0.7451014358,-0.119658807
-0.5723024839,0.8177203453,0.2777777778,-0.608761429,0.7933533403,0,0.02187925935,0,0,0,0,0.565405276,-0.7363490135,-0.1215317852
-0.6417344179,0.7644433486,0.3888888889,-0.608761429,0.7933533403,-4.990449935e-17,0.02187925935,0,0,0,0,0.5479750189,-0.7136068458,-0.1229595296
-0.5723024839,0.8177203453,0.4444444444,-0.608761429,0.7933533403,0,0.02187925935,0,0,0,0,0.5406130963,-0.7040602467,-0.1230748476
-0.6417344179,0.7644433486,0.5555555556,-0.608761429,0.7933533403,-4.990449935e-17,0.02187925935,0,0,0,0,0.5227948331,-0.6808143847,-0.1235502126
-0.5723024839,0.8177203453,0.6111111111,-0.608761429,0.7933533403,0,0.02187925935,0,0,0,0,0.5153993128,-0.671242574,-0.1236171761
-0.6417344179,0.7644433486,0.7222222222,-0.608761429,0.7933533403,-4.990449935e-17,0.02187925935,0,0,0,0,0.4975471737,-0.6479323656,-0.1238072204
-0.5723024839,0.8177203453,0.7777777778,-0.608761429,0.7933533403,0,0.02187925935,0,0,0,0,0.4901479788,-0.6383453047,-0.123837046
-0.6417344179,0.7644433486,0.8888888889,-0.608761429,0.7933533403,-4.990449935e-17,0.02187925935,0,0,0,0,0.4722892545,-0.6150266283,-0.1239205921
-0.5723024839,0.8177203453,0.9444444444,-0.608761429,0.7933533403,0,0.02187925935,0,0,0,0,0.4648916678,-0.6054357884,-0.1239356303
-0.6417344179,0.7644433486,1.055555556,-0.608761429,0.7933533403,-4.990449935e-17,0.02187925935,0,0,0,0,0.4470335548,-0.5821193321,-0.1239738795
-0.5723024839,0.8177203453,1.111111111,-0.608761429,0.7933533403,0,0.02187925935,0,0,0,0,0.4396383501,-0.5725275128,-0.1239821064
-0.6417344179,0.7644433486,1.222222222,-0.608761429,0.7933533403,-4.990449935e-17,0.02187925935,0,0,0,0,0.4217818754,-0.5492150914,-0.123999605
-0.5723024839,0.8177203453,1.277777778,-0.608761429,0.7933533403,0,0.02187925935,0,0,0,0,0.4143889353,-0.5396229336,-0.1240045067
-0.6417344179,0.7644433486,1.388888889,-0.608761429,0.7933533403,-4.990449935e-17,0.02187925935,0,0,0,0,0.3965336956,-0.516314253,-0.1240119382
-0.5723024839,0.8177203453,1.444444444,-0.608761429,0.7933533403,0,0.02187925935,0,0,0,0,0.3891427584,-0.5067217801,-0.1240150886
-0.6417344179,0.7644433486,1.555555556,-0.608761429,0.7933533403,-4.990449935e-17,0.02187925935,0,0,0,0,0.371288151,-0.4834161928,-0.1240173024
-0.5723024839,0.8177203453,1.611111111,-0.608761429,0.7933533403,0,0.02187925935,0,0,0,0,0.3638989934,-0.4738232923,-0.1240194317
-0.6417344179,0.7644433486,1.722222222,-0.608761429,0.7933533403,-4.990449935e-17,0.02187925935,0,0,0,0,0.3460445226,-0.45052024,-0.1240186743
-0.5723024839,0.8177203453,1.777777778,-0.608761429,0.7933533403,0,0.02187925935,0,0,0,0,0.3386569858,-0.4409267977,-0.1240201231
-0.6417344179,0.7644433486,1.888888889,-0.608761429,0.7933533403,-4.990449935e-17,0.02187925935,0,0,0,0,0.3208022931,-0.4176258721,-0.124017424
-0.5723024839,0.8177203453,1.944444444,-0.608761429,0.7933533403,0,0.02187925935,0,0,0,0,0.3134162662,-0.408031795,-0.1240183441
-0.6417344179,0.7644433486,2.055555556,-0.608761429,0.7933533403,-4.990449935e-17,0.02187925935,0,0,0,0,0.2955610854,-0.3847326913,-0.124014116
-0.5723024839,0.8177203453,2.111111111,-0.608761429,0.7933533403,0,0.02187925935,0,0,0,0,0.2881764801,-0.3751378954,-0.1240145544
-0.6417344179,0.7644433486,2.222222222,-0.608761429,0.7933533403,-4.990449935e-17,0.02187925935,0,0,0,0,0.2703205775,-0.3518403447,-0.1240088199
-0.5723024839,0.8177203453,2.277777778,-0.608761429,0.7933533403,0,0.02187925935,0,0,0,0,0.262937303,-0.3422447322,-0.1240087427
-0.6417344179,0.7644433486,2.388888889,-0.608761429,0.7933533403,-4.990449935e-17,0.02187925935,0,0,0,0,0.2450804156,-0.3189484314,-0.1240011384
-0.5723024839,0.8177203453,2.444444444,-0.608761429,0.7933533403,0,0.02187925935,0,0,0,0,0.2376983536,-0.3093518637,-0.1240004093
-0.6417344179,0.7644433486,2.555555556,-0.608761429,0.7933533403,-4.990449935e-17,0.02187925935,0,0,0,0,0.2198401276,-0.2860564113,-0.1239899677
-0.5723024839,0.8177203453,2.611111111,-0.608761429,0.7933533403,0,0.02187925935,0,0,0,0,0.2124591092,-0.2764586802,-0.1239882673
-0.6417344179,0.7644433486,2.722222222,-0.608761429,0.7933533403,-4.990449935e-17,0.02187925935,0,0,0,0,0.1945990484,-0.2531635424,-0.123972834
-0.5723024839,0.8177203453,2.777777778,-0.608761429,0.7933533403,0,0.02187925935,0,0,0,0,0.1872188424,-0.2435643548,-0.1239694664
-0.6417344179,0.7644433486,2.888888889,-0.608761429,0.7933533403,-4.990449935e-17,0.02187925935,0,0,0,0,0.169356319,-0.2202689532,-0.1239443557
-0.5723024839,0.8177203453,2.944444444,-0.608761429,0.7933533403,0,0.02187925935,0,0,0,0,0.1619766697,-0.210667979,-0.1239378113
-0.6417344179,0.7644433486,3.055555556,-0.608761429,0.7933533403,-4.990449935e-17,0.02187925935,0,0,0,0,0.1441111656,-0.1873721882,-0.1238926976
-0.5723024839,0.8177203453,3.111111111,-0.608761429,0.7933533403,0,0.02187925935,0,0,0,0,0.1367319872,-0.1777693367,-0.1238796367
-0.6417344179,0.7644433486,3.222222222,-0.608761429,0.7933533403,-4.990449935e-17,0.02187925935,0,0,0,0,0.1188641338,-0.1544752982,-0.1237908491
-0.5723024839,0.8177203453,3.277777778,-0.608761429,0.7933533403,0,0.02187925935,0,0,0,0,0.1114860569,-0.1448718025,-0.1237636427
-0.6417344179,0.7644433486,3.388888889,-0.608761429,0.7933533403,-4.990449935e-17,0.02187925935,0,0,0,0,0.09362158914,-0.1215907583,-0.1235736452
-0.5723024839,0.8177203453,3.444444444,-0.608761429,0.7933533403,0,0.02187925935,0,0,0,0,0.08624877178,-0.1119945061,-0.1235082079
-0.6417344179,0.7644433486,3.555555556,-0.608761429,0.7933533403,-4.990449935e-17,0.02187925935,0,0,0,0,0.06843293284,-0.0887581983,-0.1230467054
-0.5723024839,0.8177203453,3.611111111,-0.608761429,0.7933533403,0,0.02187925935,0,0,0,0,0.06099415206,-0.07920449483,-0.1230192757
-0.6417344179,0.7644433486,3.722222222,-0.608761429,0.7933533403,-4.990449935e-17,0.02187925935,0,0,0,0,0.0434639828,-0.05659631362,-0.1213094422
-0.5723024839,0.8177203453,3.777777778,-0.608761429,0.7933533403,0,0.02187925935,0,0,0,0,0.0368421491,-0.04881467215,-0.1180100785
-0.6417344179,0.7644433486,3.888888889,-0.608761429,0.7933533403,-4.990449935e-17,0.02187925935,0,0,0,0,0.02057430898,-0.01846898597,-0.1347262773
-0.5723024839,0.8177203453,3.944444444,-0.608761429,0.7933533403,0,0.02187925935,0,0,0,0,0.002950966485,-0.008299056767,-0.1456815796
-0.8177203453,0.5723024839,0.05555555556,-0.7933533403,0.608761429,1.956350465e-17,0.02187925935,0,0,0,0,0.7931400113,-0.6185161093,-0.15618143
-0.7644433486,0.6417344179,0.1111111111,-0.7933533403,0.608761429,0,0.02187925935,0,0,0,0,0.7675833909,-0.5813904712,-0.1242832039
-0.8177203453,0.5723024839,0.2222222222,-0.7933533403,0.608761429,1.956350465e-17,0.02187925935,0,0,0,0,0.7455291528,-0.5716218341,-0.119658807
-0.7644433486,0.6417344179,0.2777777778,-0.7933533403,0.608761429,0,0.02187925935,0,0,0,0,0.7367207069,-0.5649208757,-0.1215317852
-0.8177203453,0.5723024839,0.3888888889,-0.7933533403,0.608761429,1.956350465e-17,0.02187925935,0,0,0,0,0.7139982653,-0.5474649111,-0.1229595296
-0.7644433486,0.6417344179,0.4444444444,-0.7933533403,0.608761429,0,0.02187925935,0,0,0,0,0.7044163525,-0.5401490102,-0.1230748476
-0.8177203453,0.5723024839,0.5555555556,-0.7933533403,0.608761429,1.956350465e-17,0.02187925935,0,0,0,0,0.6811887601,-0.5223069376,-0.1235502126
-0.7644433486,0.6417344179,0.6111111111,-0.7933533403,0.608761429,0,0.02187925935,0,0,0,0,0.6715678691,-0.5149753799,-0.1236171761
-0.8177203453,0.5723024839,0.7222222222,-0.7933533403,0.608761429,1.956350465e-17,0.02187925935,0,0,0,0,0.648290901,-0.4970799213,-0.1238072204
-0.7644433486,0.6417344179,0.7777777778,-0.7933533403,0.608761429,0,0.02187925935,0,0,0,0,0.6386625136,-0.4897345841,-0.123837046
-0.8177203453,0.5723024839,0.8888888889,-0.7933533403,0.608761429,1.956350465e-17,0.02187925935,0,0,0,0,0.615376993,-0.4718326503,-0.1239205921
-0.7644433486,0.6417344179,0.9444444444,-0.7933533403,0.608761429,0,0.02187925935,0,0,0,0,0.6057491809,-0.4644832466,-0.1239356303
-0.8177203453,0.5723024839,1.055555556,-0.7933533403,0.608761429,1.956350465e-17,0.02187925935,0,0,0,0,0.5824648254,-0.4465832991,-0.1239738795
-0.7644433486,0.6417344179,1.111111111,-0.7933533403,0.608761429,0,0.02187925935,0,0,0,0,0.5728390608,-0.4392323329,-0.1239821064
-0.8177203453,0.5723024839,1.222222222,-0.7933533403,0.608761429,1.956350465e-17,0.02187925935,0,0,0,0,0.549557332,-0.4213358587,-0.123999605
-0.7644433486,0.6417344179,1.277777778,-0.7933533403,0.608761429,0,0.02187925935,0,0,0,0,0.5399336672,-0.4139839795,-0.1240045067
-0.8177203453,0.5723024839,1.388888889,-0.7933533403,0.608761429,1.956350465e-17,0.02187925935,0,0,0,0,0.5166540995,-0.396090799,-0.1240119382
-0.7644433486,0.6417344179,1.444444444,-0.7933533403,0.608761429,0,0.02187925935,0,0,0,0,0.5070322877,-0.388738097,-0.1240150886
-0.8177203453,0.5723024839,1.555555556,-0.7933533403,0.608761429,1.956350465e-17,0.02187925935,0,0,0,0,0.4837541314,-0.3708477407,-0.1240173024
-0.7644433486,0.6417344179,1.611111111,-0.7933533403,0.608761429,0,0.02187925935,0,0,0,0,0.474133928,-0.3634941651,-0.1240194317
-0.8177203453,0.5723024839,1.722222222,-0.7933533403,0.608761429,1.956350465e-17,0.02187925935,0,0,0,0,0.4508565597,-0.3456062221,-0.1240186743
-0.7644433486,0.6417344179,1.777777778,-0.7933533403,0.608761429,0,0.02187925935,0,0,0,0,0.4412377816,-0.3382517037,-0.1240201231
-0.8177203453,0.5723024839,1.888888889,-0.7933533403,0.608761429,1.956350465e-17,0.02187925935,0,0,0,0,0.4179607494,-0.3203658724,-0.124017424
-0.7644433486,0.6417344179,1.944444444,-0.7933533403,0.608761429,0,0.02187925935,0,0,0,0,0.4083432655,-0.31301035,-0.1240183441
-0.8177203453,0.5723024839,2.055555556,-0.7933533403,0.608761429,1.956350465e-17,0.02187925935,0,0,0,0,0.3850662334,-0.2951264049,-0.124014116
-0.7644433486,0.6417344179,2.111111111,-0.7933533403,0.608761429,0,0.02187925935,0,0,0,0,0.3754499366,-0.2877698202,-0.1240145544
-0.8177203453,0.5723024839,2.222222222,-0.7933533403,0.608761429,1.956350465e-17,0.02187925935,0,0,0,0,0.3521726092,-0.269887562,-0.1240088199
-0.7644433486,0.6417344179,2.277777778,-0.7933533403,0.608761429,0,0.02187925935,0,0,0,0,0.3425573864,-0.2625298441,-0.1240087427
-0.8177203453,0.5723024839,2.388888889,-0.7933533403,0.608761429,1.956350465e-17,0.02187925935,0,0,0,0,0.3192794314,-0.244649048,-0.1240011384
-0.7644433486,0.6417344179,2.444444444,-0.7933533403,0.608761429,0,0.02187925935,0,0,0,0,0.3096651326,-0.2372900936,-0.1240004093
-0.8177203453,0.5723024839,2.555555556,-0.7933533403,0.608761429,1.956350465e-17,0.02187925935,0,0,0,0,0.2863861041,-0.2194104636,-0.1239899677
-0.7644433486,0.6417344179,2.611111111,-0.7933533403,0.608761429,0,0.02187925935,0,0,0,0,0.2767725122,-0.2120501153,-0.1239882673
-0.8177203453,0.5723024839,2.722222222,-0.7933533403,0.608761429,1.956350465e-17,0.02187925935,0,0,0,0,0.253491793,-0.194171264,-0.123972834
-0.7644433486,0.6417344179,2.777777778,-0.7933533403,0.608761429,0,0.02187925935,0,0,0,0,0.2438786088,-0.1868092987,-0.1239694664
-0.8177203453,0.5723024839,2.888888889,-0.7933533403,0.608761429,1.956350465e-17,0.02187925935,0,0,0,0,0.2205954425,-0.1689308299,-0.1239443557
-0.7644433486,0.6417344179,2.944444444,-0.7933533403,0.608761429,0,0.02187925935,0,0,0,0,0.2109823337,-0.1615669948,-0.1239378113
-0.8177203453,0.5723024839,3.055555556,-0.7933533403,0.608761429,1.956350465e-17,0.02187925935,0,0,0,0,0.1876961876,-0.1436889215,-0.1238926976
-0.7644433486,0.6417344179,3.111111111,-0.7933533403,0.608761429,0,0.02187925935,0,0,0,0,0.1780830476,-0.136323151,-0.1238796367
-0.8177203453,0.5723024839,3.222222222,-0.7933533403,0.608761429,1.956350465e-17,0.02187925935,0,0,0,0,0.1547950858,-0.1184473784,-0.1237908491
-0.7644433486,0.6417344179,3.277777778,-0.7933533403,0.608761429,0,0.02187925935,0,0,0,0,0.1451828432,-0.1110807008,-0.1237636427
-0.8177203453,0.5723024839,3.388888889,-0.7933533403,0.608761429,1.956350465e-17,0.02187925935,0,0,0,0,0.1219015148,-0.09321660337,-0.1235736452
-0.7644433486,0.6417344179,3.444444444,-0.7933533403,0.608761429,0,0.02187925935,0,0,0,0,0.1122962273,-0.08585556105,-0.1235082079
-0.8177203453,0.5723024839,3.555555556,-0.7933533403,0.608761429,1.956350465e-17,0.02187925935,0,0,0,0,0.08907344933,-0.0680220897,-0.1230467054
-0.7644433486,0.6417344179,3.611111111,-0.7933533403,0.608761429,0,0.02187925935,0,0,0,0,0.07941545845,-0.06071921892,-0.1230192757
-0.8177203453,0.5723024839,3.722222222,-0.7933533403,0.608761429,1.956350465e-17,0.02187925935,0,0,0,0,0.05663118734,-0.04341853447,-0.1213094422
-0.7644433486,0.6417344179,3.777777778,-0.7933533403,0.608761429,0,0.02187925935,0,0,0,0,0.04822095015,-0.03761590268,-0.1180100785
-0.8177203453,0.5723024839,3.888888889,-0.7933533403,0.608761429,1.956350465e-17,0.02187925935,0,0,0,0,0.02465338172,-0.01251464753,-0.1347262773
-0.7644433486,0.6417344179,3.944444444,-0.7933533403,0.608761429,0,0.02187925935,0,0,0,0,0.004998368688,-0.007252506937,-0.1456815796
-0.9379799826,0.3411601507,0.05555555556,-0.9238795325,0.3826834324,-3.129772731e-17,0.02187925935,0,0,0,0,0.9261981696,-0.3921609436,-0.15618143
-0.9044886624,0.4220153503,0.1111111111,-0.9238795325,0.3826834324,0,0.02187925935,0,0,0,0,0.8919035477,-0.362914871,-0.1242832039
-0.9379799826,0.3411601507,0.2222222222,-0.9238795325,0.3826834324,-3.129772731e-17,0.02187925935,0,0,0,0,0.8680724802,-0.359187149,-0.119658807
-0.9044886624,0.4220153503,0.2777777778,-0.9238795325,0.3826834324,0,0.02187925935,0,0,0,0,0.8578298392,-0.3549943137,-0.1215317852
-0.9379799826,0.3411601507,0.3888888889,-0.9238795325,0.3826834324,-3.129772731e-17,0.02187925935,0,0,0,0,0.8313637099,-0.3440141474,-0.1229595296
-0.9044886624,0.4220153503,0.4444444444,-0.9238795325,0.3826834324,0,0.02187925935,0,0,0,0,0.8202147984,-0.3394275113,-0.1230748476
-0.9379799826,0.3411601507,0.5555555556,-0.9238795325,0.3826834324,-3.129772731e-17,0.02187925935,0,0,0,0,0.7931607988,-0.3282051358,-0.1235502126
-0.9044886624,0.4220153503,0.6111111111,-0.9238795325,0.3826834324,0,0.02187925935,0,0,0,0,0.7819701849,-0.3236134648,-0.1236171761
-0.9379799826,0.3411601507,0.7222222222,-0.9238795325,0.3826834324,-3.129772731e-17,0.02187925935,0,0,0,0,0.7548546748,-0.3123523017,-0.1238072204
-0.9044886624,0.4220153503,0.7777777778,-0.9238795325,0.3826834324,0,0.02187925935,0,0,0,0,0.7436532536,-0.3077492609,-0.123837046
-0.9379799826,0.3411601507,0.8888888889,-0.9238795325,0.3826834324,-3.129772731e-17,0.02187925935,0,0,0,0,0.7165278065,-0.2964840569,-0.1239205921
-0.9044886624,0.4220153503,0.9444444444,-0.9238795325,0.3826834324,0,0.02187925935,0,0,0,0,0.7053258885,-0.2918769392,-0.1239356303
-0.9379799826,0.3411601507,1.055555556,-0.9238795325,0.3826834324,-3.129772731e-17,0.02187925935,0,0,0,0,0.6782020808,-0.2806133522,-0.1239738795
-0.9044886624,0.4220153503,1.111111111,-0.9238795325,0.3826834324,0,0.02187925935,0,0,0,0,0.6670017361,-0.2760041954,-0.1239821064
-0.9379799826,0.3411601507,1.222222222,-0.9238795325,0.3826834324,-3.129772731e-17,0.02187925935,0,0,0,0,0.6398813646,-0.2647432836,-0.123999605
-0.9044886624,0.4220153503,1.277777778,-0.9238795325,0.3826834324,0,0.02187925935,0,0,0,0,0.6286828119,-0.2601327013,-0.1240045067
-0.9379799826,0.3411601507,1.388888889,-0.9238795325,0.3826834324,-3.129772731e-17,0.02187925935,0,0,0,0,0.6015653803,-0.2488744116,-0.1240119382
-0.9044886624,0.4220153503,1.444444444,-0.9238795325,0.3826834324,0,0.02187925935,0,0,0,0,0.5903684046,-0.2442625551,-0.1240150886
-0.9379799826,0.3411601507,1.555555556,-0.9238795325,0.3826834324,-3.129772731e-17,0.02187925935,0,0,0,0,0.5632530673,-0.233006628,-0.1240173024
-0.9044886624,0.4220153503,1.611111111,-0.9238795325,0.3826834324,0,0.02187925935,0,0,0,0,0.5520574188,-0.2283935113,-0.1240194317
-0.9379799826,0.3411601507,1.722222222,-0.9238795325,0.3826834324,-3.129772731e-17,0.02187925935,0,0,0,0,0.5249434674,-0.2171397114,-0.1240186743
-0.9044886624,0.4220153503,1.777777778,-0.9238795325,0.3826834324,0,0.02187925935,0,0,0,0,0.5137489518,-0.2125253151,-0.1240201231
-0.9379799826,0.3411601507,1.888888889,-0.9238795325,0.3826834324,-3.129772731e-17,0.02187925935,0,0,0,0,0.4866358714,-0.2012734679,-0.124017424
-0.9044886624,0.4220153503,1.944444444,-0.9238795325,0.3826834324,0,0.02187925935,0,0,0,0,0.475442346,-0.1966577669,-0.1240183441
-0.9379799826,0.3411601507,2.055555556,-0.9238795325,0.3826834324,-3.129772731e-17,0.02187925935,0,0,0,0,0.448329754,-0.1854077417,-0.124014116
-0.9044886624,0.4220153503,2.111111111,-0.9238795325,0.3826834324,0,0.02187925935,0,0,0,0,0.4371371003,-0.1807907073,-0.1240145544
-0.9379799826,0.3411601507,2.222222222,-0.9238795325,0.3826834324,-3.129772731e-17,0.02187925935,0,0,0,0,0.4100246596,-0.1695423879,-0.1240088199
-0.9044886624,0.4220153503,2.277777778,-0.9238795325,0.3826834324,0,0.02187925935,0,0,0,0,0.3988327501,-0.1649239809,-0.1240087427
-0.9379799826,0.3411601507,2.388888889,-0.9238795325,0.3826834324,-3.129772731e-17,0.02187925935,0,0,0,0,0.3717200816,-0.1536772363,-0.1240011384
-0.9044886624,0.4220153503,2.444444444,-0.9238795325,0.3826834324,0,0.02187925935,0,0,0,0,0.3605287445,-0.1490573959,-0.1240004093
-0.9379799826,0.3411601507,2.555555556,-0.9238795325,0.3826834324,-3.129772731e-17,0.02187925935,0,0,0,0,0.3334153409,-0.1378120553,-0.1239899677
-0.9044886624,0.4220153503,2.611111111,-0.9238795325,0.3826834324,0,0.02187925935,0,0,0,0,0.3222243259,-0.1331906856,-0.1239882673
-0.9379799826,0.3411601507,2.722222222,-0.9238795325,0.3826834324,-3.129772731e-17,0.02187925935,0,0,0,0,0.2951094907,-0.1219465349,-0.123972834
-0.9044886624,0.4220153503,2.777777778,-0.9238795325,0.3826834324,0,0.02187925935,0,0,0,0,0.283918451,-0.1173234975,-0.1239694664
-0.9379799826,0.3411601507,2.888888889,-0.9238795325,0.3826834324,-3.129772731e-17,0.02187925935,0,0,0,0,0.2568013511,-0.1060803496,-0.1239443557
-0.9044886624,0.4220153503,2.944444444,-0.9238795325,0.3826834324,0,0.02187925935,0,0,0,0,0.2456099003,-0.1014554868,-0.1239378113
-0.9379799826,0.3411601507,3.055555556,-0.9238795325,0.3826834324,-3.129772731e-17,0.02187925935,0,0,0,0,0.2184900245,-0.09021349216,-0.1238926976
-0.9044886624,0.4220153503,3.111111111,-0.9238795325,0.3826834324,0,0.02187925935,0,0,0,0,0.2072980427,-0.08558676797,-0.1238796367
-0.9379799826,0.3411601507,3.222222222,-0.9238795325,0.3826834324,-3.129772731e-17,0.02187925935,0,0,0,0,0.1801770085,-0.07434746559,-0.1237908491
-0.9044886624,0.4220153503,3.277777778,-0.9238795325,0.3826834324,0,0.02187925935,0,0,0,0,0.1689856587,-0.06971963282,-0.1237636427
-0.9379799826,0.3411601507,3.388888889,-0.9238795325,0.3826834324,-3.129772731e-17,0.02187925935,0,0,0,0,0.1418740537,-0.05848989098,-0.1235736452
-0.9044886624,0.4220153503,3.444444444,-0.9238795325,0.3826834324,0,0.02187925935,0,0,0,0,0.1306908804,-0.05386570144,-0.1235082079
-0.9379799826,0.3411601507,3.555555556,-0.9238795325,0.3826834324,-3.129772731e-17,0.02187925935,0,0,0,0,0.1036437574,-0.0426503881,-0.1230467054
-0.9044886624,0.4220153503,3.611111111,-0.9238795325,0.3826834324,0,0.02187925935,0,0,0,0,0.09242473258,-0.03809602858,-0.1230192757
-0.9379799826,0.3411601507,3.722222222,-0.9238795325,0.3826834324,-3.129772731e-17,0.02187925935,0,0,0,0,0.06593907006,-0.02728185395,-0.1213094422
-0.9044886624,0.4220153503,3.777777778,-0.9238795325,0.3826834324,0,0.02187925935,0,0,0,0,0.05631357313,-0.0238536716,-0.1180100785
-0.9379799826,0.3411601507,3.888888889,-0.9238795325,0.3826834324,-3.129772731e-17,0.02187925935,0,0,0,0,0.02705236723,-0.005707456541,-0.1347262773
-0.9044886624,0.4220153503,3.944444444,-0.9238795325,0.3826834324,0,0.02187925935,0,0,0,0,0.006705140325,-0.005711710745,-0.1456815796
-0.9943178342,0.08676831703,0.05555555556,-0.9914448614,0.1305261922,1.275217822e-17,0.02187925935,0,0,0,0,0.9961374532,-0.1390806577,-0.15618143
-0.9828945686,0.1735366341,0.1111111111,-0.9914448614,0.1305261922,0,0.02187925935,0,0,0,0,0.9554419517,-0.1197072221,-0.1242832039
-0.9943178342,0.08676831703,0.2222222222,-0.9914448614,0.1305261922,1.275217822e-17,0.02187925935,0,0,0,0,0.9314581026,-0.1222744532,-0.119658807
-0.9828945686,0.1735366341,0.2777777778,-0.9914448614,0.1305261922,0,0.02187925935,0,0,0,0,0.9204792855,-0.120875476,-0.1215317852
-0.9943178342,0.08676831703,0.3888888889,-0.9914448614,0.1305261922,1.275217822e-17,0.02187925935,0,0,0,0,0.8920730915,-0.117119388,-0.1229595296
-0.9828945686,0.1735366341,0.4444444444,-0.9914448614,0.1305261922,0,0.02187925935,0,0,0,0,0.8801169612,-0.1155745884,-0.1230748476
-0.9943178342,0.08676831703,0.5555555556,-0.9914448614,0.1305261922,1.275217822e-17,0.02187925935,0,0,0,0,0.8510802398,-0.1117366964,-0.1235502126
-0.9828945686,0.1735366341,0.6111111111,-0.9914448614,0.1305261922,0,0.02187925935,0,0,0,0,0.8390825249,-0.1101978268,-0.1236171761
-0.9943178342,0.08676831703,0.7222222222,-0.9914448614,0.1305261922,1.275217822e-17,0.02187925935,0,0,0,0,0.8099763499,-0.106338389,-0.1238072204
-0.9828945686,0.1735366341,0.7777777778,-0.9914448614,0.1305261922,0,0.02187925935,0,0,0,0,0.7979652533,-0.1047913341,-0.123837046
-0.9943178342,0.08676831703,0.8888888889,-0.9914448614,0.1305261922,1.275217822e-17,0.02187925935,0,0,0,0,0.768848434,-0.1009305649,-0.1239205921
-0.9828945686,0.1735366341,0.9444444444,-0.9914448614,0.1305261922,0,0.02187925935,0,0,0,0,0.7568358023,-0.09937970076,-0.1239356303
-0.9943178342,0.08676831703,1.055555556,-0.9914448614,0.1305261922,1.275217822e-17,0.02187925935,0,0,0,0,0.7277209852,-0.09552006918,-0.1239738795
-0.9828945686,0.1735366341,1.111111111,-0.9914448614,0.1305261922,0,0.02187925935,0,0,0,0,0.7157093454,-0.09396682804,-0.1239821064
-0.9943178342,0.08676831703,1.222222222,-0.9914448614,0.1305261922,1.275217822e-17,0.02187925935,0,0,0,0,0.6865985397,-0.09010889117,-0.123999605
-0.9828945686,0.1735366341,1.277777778,-0.9914448614,0.1305261922,0,0.02187925935,0,0,0,0,0.6745882619,-0.08855380944,-0.1240045067
-0.9943178342,0.08676831703,1.388888889,-0.9914448614,0.1305261922,1.275217822e-17,0.02187925935,0,0,0,0,0.6454809746,-0.0846976444,-0.1240119382
-0.9828945686,0.1735366341,1.444444444,-0.9914448614,0.1305261922,0,0.02187925935,0,0,0,0,0.6334718902,-0.08314092359,-0.1240150886
-0.9943178342,0.08676831703,1.555555556,-0.9914448614,0.1305261922,1.275217822e-17,0.02187925935,0,0,0,0,0.6043672374,-0.07928649868,-0.1240173024
-0.9828945686,0.1735366341,1.611111111,-0.9914448614,0.1305261922,0,0.02187925935,0,0,0,0,0.592359109,-0.07772821713,-0.1240194317
-0.9943178342,0.08676831703,1.722222222,-0.9914448614,0.1305261922,1.275217822e-17,0.02187925935,0,0,0,0,0.5632563452,-0.07387548823,-0.1240186743
-0.9828945686,0.1735366341,1.777777778,-0.9914448614,0.1305261922,0,0.02187925935,0,0,0,0,0.5512489799,-0.07231567749,-0.1240201231
-0.9943178342,0.08676831703,1.888888889,-0.9914448614,0.1305261922,1.275217822e-17,0.02187925935,0,0,0,0,0.522147563,-0.06846460927,-0.124017424
-0.9828945686,0.1735366341,1.944444444,-0.9914448614,0.1305261922,0,0.02187925935,0,0,0,0,0.5101408164,-0.06690328199,-0.1240183441
-0.9943178342,0.08676831703,2.055555556,-0.9914448614,0.1305261922,1.275217822e-17,0.02187925935,0,0,0,0,0.4810403427,-0.06305384726,-0.124014116
-0.9828945686,0.1735366341,2.111111111,-0.9914448614,0.1305261922,0,0.02187925935,0,0,0,0,0.469034093,-0.06149100645,-0.1240145544
-0.9943178342,0.08676831703,2.222222222,-0.9914448614,0.1305261922,1.275217822e-17,0.02187925935,0,0,0,0,0.4399342071,-0.05764318024,-0.1240088199
-0.9828945686,0.1735366341,2.277777778,-0.9914448614,0.1305261922,0,0.02187925935,0,0,0,0,0.4279283209,-0.05607882104,-0.1240087427
-0.9943178342,0.08676831703,2.388888889,-0.9914448614,0.1305261922,1.275217822e-17,0.02187925935,0,0,0,0,0.3988286225,-0.05223257492,-0.1240011384
-0.9828945686,0.1735366341,2.444444444,-0.9914448614,0.1305261922,0,0.02187925935,0,0,0,0,0.3868229183,-0.05066668288,-0.1240004093
-0.9943178342,0.08676831703,2.555555556,-0.9914448614,0.1305261922,1.275217822e-17,0.02187925935,0,0,0,0,0.3577228732,-0.04682198324,-0.1239899677
-0.9828945686,0.1735366341,2.611111111,-0.9914448614,0.1305261922,0,0.02187925935,0,0,0,0,0.3457170843,-0.04525453066,-0.1239882673
-0.9943178342,0.08676831703,2.722222222,-0.9914448614,0.1305261922,1.275217822e-17,0.02187925935,0,0,0,0,0.3166159644,-0.04141135085,-0.123972834
-0.9828945686,0.1735366341,2.777777778,-0.9914448614,0.1305261922,0,0.02187925935,0,0,0,0,0.30460972,-0.0398422939,-0.1239694664
-0.9943178342,0.08676831703,2.888888889,-0.9914448614,0.1305261922,1.275217822e-17,0.02187925935,0,0,0,0,0.2755066721,-0.03600066892,-0.1239443557
-0.9828945686,0.1735366341,2.944444444,-0.9914448614,0.1305261922,0,0.02187925935,0,0,0,0,0.2634995581,-0.03442995502,-0.1239378113
-0.9943178342,0.08676831703,3.055555556,-0.9914448614,0.1305261922,1.275217822e-17,0.02187925935,0,0,0,0,0.2343941274,-0.03059016245,-0.1238926976
-0.9828945686,0.1735366341,3.111111111,-0.9914448614,0.1305261922,0,0.02187925935,0,0,0,0,0.2223860188,-0.0290177881,-0.1238796367
-0.9943178342,0.08676831703,3.222222222,-0.9914448614,0.1305261922,1.275217822e-17,0.02187925935,0,0,0,0,0.1932801659,-0.02518089584,-0.1237908491
-0.9828945686,0.1735366341,3.277777778,-0.9914448614,0.1305261922,0,0.02187925935,0,0,0,0,0.1812723808,-0.02360728713,-0.1237636427
-0.9943178342,0.08676831703,3.388888889,-0.9914448614,0.1305261922,1.275217822e-17,0.02187925935,0,0,0,0,0.1521781103,-0.01977718917,-0.1235736452
-0.9828945686,0.1735366341,3.444444444,-0.9914448614,0.1305261922,0,0.02187925935,0,0,0,0,0.1401791661,-0.01820498329,-0.1235082079
-0.9943178342,0.08676831703,3.555555556,-0.9914448614,0.1305261922,1.275217822e-17,0.02187925935,0,0,0,0,0.1111509148,-0.01437213304,-0.1230467054
-0.9828945686,0.1735366341,3.611111111,-0.9914448614,0.1305261922,0,0.02187925935,0,0,0,0,0.09913541393,-0.01287665686,-0.1230192757
-0.9943178342,0.08676831703,3.722222222,-0.9914448614,0.1305261922,1.275217822e-17,0.02187925935,0,0,0,0,0.07075331412,-0.009285960176,-0.1213094422
-0.9828945686,0.1735366341,3.777777778,-0.9914448614,0.1305261922,0,0.02187925935,0,0,0,0,0.06056851916,-0.008465852231,-0.1180100785
-0.9943178342,0.08676831703,3.888888889,-0.9914448614,0.1305261922,1.275217822e-17,0.02187925935,0,0,0,0,0.02760777862,0.001488688179,-0.1347262773
-0.9828945686,0.1735366341,3.944444444,-0.9914448614,0.1305261922,0,0.02187925935,0,0,0,0,0.007954967729,-0.003781670905,-0.1456815796
-0.9828945686,-0.1735366341,0.05555555556,-0.9914448614,-0.1305261922,-9.100978773e-18,0.02187925935,0,0,0,0,0.9981916156,0.1234777453,-0.15618143
-0.9943178342,-0.08676831703,0.1111111111,-0.9914448614,-0.1305261922,0,0.02187925935,0,0,0,0,0.9538685655,0.1316582761,-0.1242832039
-0.9828945686,-0.1735366341,0.2222222222,-0.9914448614,-0.1305261922,-9.100978773e-18,0.02187925935,0,0,0,0,0.9313663947,0.1229710444,-0.119658807
-0.9943178342,-0.08676831703,0.2777777778,-0.9914448614,-0.1305261922,0,0.02187925935,0,0,0,0,0.9203995897,0.1214808257,-0.1215317852
-0.9828945686,-0.1735366341,0.3888888889,-0.9914448614,-0.1305261922,-9.100978773e-18,0.02187925935,0,0,0,0,0.8919891662,0.1177568641,-0.1229595296
-0.9943178342,-0.08676831703,0.4444444444,-0.9914448614,-0.1305261922,0,0.02187925935,0,0,0,0,0.8800406076,0.1161545517,-0.1230748476
-0.9828945686,-0.1735366341,0.5555555556,-0.9914448614,-0.1305261922,-9.100978773e-18,0.02187925935,0,0,0,0,0.8509999689,0.1123464141,-0.1235502126
-0.9943178342,-0.08676831703,0.6111111111,-0.9914448614,-0.1305261922,0,0.02187925935,0,0,0,0,0.8390127775,0.110727611,-0.1236171761
-0.9828945686,-0.1735366341,0.7222222222,-0.9914448614,-0.1305261922,-9.100978773e-18,0.02187925935,0,0,0,0,0.8098994754,0.1069223092,-0.1238072204
-0.9943178342,-0.08676831703,0.7777777778,-0.9914448614,-0.1305261922,0,0.02187925935,0,0,0,0,0.7978972397,0.1053079489,-0.123837046
-0.9828945686,-0.1735366341,0.8888888889,-0.9914448614,-0.1305261922,-9.100978773e-18,0.02187925935,0,0,0,0,0.7687733113,0.1015011782,-0.1239205921
-0.9943178342,-0.08676831703,0.9444444444,-0.9914448614,-0.1305261922,0,0.02187925935,0,0,0,0,0.756768607,0.09989010009,-0.1239356303
-0.9828945686,-0.1735366341,1.055555556,-0.9914448614,-0.1305261922,-9.100978773e-18,0.02187925935,0,0,0,0,0.727646907,0.09608274874,-0.1239738795
-0.9943178342,-0.08676831703,1.111111111,-0.9914448614,-0.1305261922,0,0.02187925935,0,0,0,0,0.7156425455,0.09447422332,-0.1239821064
-0.9828945686,-0.1735366341,1.222222222,-0.9914448614,-0.1305261922,-9.100978773e-18,0.02187925935,0,0,0,0,0.686525159,0.09066627325,-0.123999605
-0.9943178342,-0.08676831703,1.277777778,-0.9914448614,-0.1305261922,0,0.02187925935,0,0,0,0,0.6745216367,0.08905987822,-0.1240045067
-0.9828945686,-0.1735366341,1.388888889,-0.9914448614,-0.1305261922,-9.100978773e-18,0.02187925935,0,0,0,0,0.6454081072,0.08525112733,-0.1240119382
-0.9943178342,-0.08676831703,1.444444444,-0.9914448614,-0.1305261922,0,0.02187925935,0,0,0,0,0.6334053135,0.08364662441,-0.1240150886
-0.9828945686,-0.1735366341,1.555555556,-0.9914448614,-0.1305261922,-9.100978773e-18,0.02187925935,0,0,0,0,0.604294779,0.07983687451,-0.1240173024
-0.9943178342,-0.08676831703,1.611111111,-0.9914448614,-0.1305261922,0,0.02187925935,0,0,0,0,0.5922925047,0.07823412658,-0.1240194317
-0.9828945686,-0.1735366341,1.722222222,-0.9914448614,-0.1305261922,-9.100978773e-18,0.02187925935,0,0,0,0,0.563184234,0.07442322741,-0.1240186743
-0.9943178342,-0.08676831703,1.777777778,-0.9914448614,-0.1305261922,0,0.02187925935,0,0,0,0,0.551182301,0.07282215405,-0.1240201231
-0.9828945686,-0.1735366341,1.888888889,-0.9914448614,-0.1305261922,-9.100978773e-18,0.02187925935,0,0,0,0,0.522075761,0.06900999937,-0.124017424
-0.9943178342,-0.08676831703,1.944444444,-0.9914448614,-0.1305261922,0,0.02187925935,0,0,0,0,0.5100740331,0.06741055102,-0.1240183441
-0.9828945686,-0.1735366341,2.055555556,-0.9914448614,-0.1305261922,-9.100978773e-18,0.02187925935,0,0,0,0,0.4809688271,0.06359706264,-0.124014116
-0.9943178342,-0.08676831703,2.111111111,-0.9914448614,-0.1305261922,0,0.02187925935,0,0,0,0,0.4689671874,0.06199920486,-0.1240145544
-0.9828945686,-0.1735366341,2.222222222,-0.9914448614,-0.1305261922,-9.100978773e-18,0.02187925935,0,0,0,0,0.4398629654,0.05818431489,-0.1240088199
-0.9943178342,-0.08676831703,2.277777778,-0.9914448614,-0.1305261922,0,0.02187925935,0,0,0,0,0.4278612839,0.05658801785,-0.1240087427
-0.9828945686,-0.1735366341,2.388888889,-0.9914448614,-0.1305261922,-9.100978773e-18,0.02187925935,0,0,0,0,0.3987576519,0.05277165015,-0.1240011384
-0.9943178342,-0.08676831703,2.444444444,-0.9914448614,-0.1305261922,0,0.02187925935,0,0,0,0,0.3867557495,0.05117688081,-0.1240004093
-0.9828945686,-0.1735366341,2.555555556,-0.9914448614,-0.1305261922,-9.100978773e-18,0.02187925935,0,0,0,0,0.3576521829,0.04735892961,-0.1239899677
-0.9943178342,-0.08676831703,2.611111111,-0.9914448614,-0.1305261922,0,0.02187925935,0,0,0,0,0.3456497947,0.04576564571,-0.1239882673
-0.9828945686,-0.1735366341,2.722222222,-0.9914448614,-0.1305261922,-9.100978773e-18,0.02187925935,0,0,0,0,0.3165455833,0.04194594827,-0.123972834
-0.9943178342,-0.08676831703,2.777777778,-0.9914448614,-0.1305261922,0,0.02187925935,0,0,0,0,0.3045423399,0.0403540962,-0.1239694664
-0.9828945686,-0.1735366341,2.888888889,-0.9914448614,-0.1305261922,-9.100978773e-18,0.02187925935,0,0,0,0,0.2754366686,0.03653239791,-0.1239443557
-0.9943178342,-0.08676831703,2.944444444,-0.9914448614,-0.1305261922,0,0.02187925935,0,0,0,0,0.2634321565,0.03494192126,-0.1239378113
-0.9828945686,-0.1735366341,3.055555556,-0.9914448614,-0.1305261922,-9.100978773e-18,0.02187925935,0,0,0,0,0.2343246578,0.03111783627,-0.1238926976
-0.9943178342,-0.08676831703,3.111111111,-0.9914448614,-0.1305261922,0,0.02187925935,0,0,0,0,0.2223187551,0.02952870607,-0.1238796367
-0.9828945686,-0.1735366341,3.222222222,-0.9914448614,-0.1305261922,-9.100978773e-18,0.02187925935,0,0,0,0,0.1932115993,0.02570171035,-0.1237908491
-0.9943178342,-0.08676831703,3.277777778,-0.9914448614,-0.1305261922,0,0.02187925935,0,0,0,0,0.1812056897,0.02411385617,-0.1237636427
-0.9828945686,-0.1735366341,3.388888889,-0.9914448614,-0.1305261922,-9.100978773e-18,0.02187925935,0,0,0,0,0.1521114801,0.02028329539,-0.1235736452
-0.9943178342,-0.08676831703,3.444444444,-0.9914448614,-0.1305261922,0,0.02187925935,0,0,0,0,0.1401144732,0.01869637438,-0.1235082079
-0.9828945686,-0.1735366341,3.555555556,-0.9914448614,-0.1305261922,-9.100978773e-18,0.02187925935,0,0,0,0,0.1110833209,0.01488555914,-0.1230467054
-0.9943178342,-0.08676831703,3.611111111,-0.9914448614,-0.1305261922,0,0.02187925935,0,0,0,0,0.09909018065,0.01322023776,-0.1230192757
-0.9828945686,-0.1735366341,3.722222222,-0.9914448614,-0.1305261922,-9.100978773e-18,0.02187925935,0,0,0,0,0.07074583675,0.009342756442,-0.1213094422
-0.9943178342,-0.08676831703,3.777777778,-0.9914448614,-0.1305261922,0,0.02187925935,0,0,0,0,0.06069582071,0.007498900981,-0.1180100785
-0.9828945686,-0.1735366341,3.888888889,-0.9914448614,-0.1305261922,-9.100978773e-18,0.02187925935,0,0,0,0,0.02628176552,0.00858338126,-0.1347262773
-0.9943178342,-0.08676831703,3.944444444,-0.9914448614,-0.1305261922,0,0.02187925935,0,0,0,0,0.00866267723,-0.001593916442,-0.1456815796
-0.9044886624,-0.4220153503,0.05555555556,-0.9238795325,-0.3826834324,1.243547241e-17,0.02187925935,0,0,0,0,0.932220669,0.3776213439,-0.15618143
-0.9379799826,-0.3411601507,0.1111111111,-0.9238795325,-0.3826834324,0,0.02187925935,0,0,0,0,0.887290613,0.3740514805,-0.1242832039
-0.9044886624,-0.4220153503,0.2222222222,-0.9238795325,-0.3826834324,1.243547241e-17,0.02187925935,0,0,0,0,0.8678036061,0.3598362686,-0.119658807
-0.9379799826,-0.3411601507,0.2777777778,-0.9238795325,-0.3826834324,0,0.02187925935,0,0,0,0,0.8575961829,0.3555584099,-0.1215317852
-0.9044886624,-0.4220153503,0.3888888889,-0.9238795325,-0.3826834324,1.243547241e-17,0.02187925935,0,0,0,0,0.8311176533,0.3446081805,-0.1229595296
-0.9379799826,-0.3411601507,0.4444444444,-0.9238795325,-0.3826834324,0,0.02187925935,0,0,0,0,0.8199909409,0.339967951,-0.1230748476
-0.9044886624,-0.4220153503,0.5555555556,-0.9238795325,-0.3826834324,1.243547241e-17,0.02187925935,0,0,0,0,0.7929254565,0.3287733022,-0.1235502126
-0.9379799826,-0.3411601507,0.6111111111,-0.9238795325,-0.3826834324,0,0.02187925935,0,0,0,0,0.7817656959,0.324107145,-0.1236171761
-0.9044886624,-0.4220153503,0.7222222222,-0.9238795325,-0.3826834324,1.243547241e-17,0.02187925935,0,0,0,0,0.75462929,0.3128964287,-0.1238072204
-0.9379799826,-0.3411601507,0.7777777778,-0.9238795325,-0.3826834324,0,0.02187925935,0,0,0,0,0.7434538477,0.3082306692,-0.123837046
-0.9044886624,-0.4220153503,0.8888888889,-0.9238795325,-0.3826834324,1.243547241e-17,0.02187925935,0,0,0,0,0.716307558,0.2970157837,-0.1239205921
-0.9379799826,-0.3411601507,0.9444444444,-0.9238795325,-0.3826834324,0,0.02187925935,0,0,0,0,0.7051288817,0.2923525557,-0.1239356303
-0.9044886624,-0.4220153503,1.055555556,-0.9238795325,-0.3826834324,1.243547241e-17,0.02187925935,0,0,0,0,0.6779848946,0.2811376861,-0.1239738795
-0.9379799826,-0.3411601507,1.111111111,-0.9238795325,-0.3826834324,0,0.02187925935,0,0,0,0,0.6668058888,0.2764770125,-0.1239821064
-0.9044886624,-0.4220153503,1.222222222,-0.9238795325,-0.3826834324,1.243547241e-17,0.02187925935,0,0,0,0,0.6396662232,0.265262681,-0.123999605
-0.9379799826,-0.3411601507,1.277777778,-0.9238795325,-0.3826834324,0,0.02187925935,0,0,0,0,0.6284874766,0.2606042824,-0.1240045067
-0.9044886624,-0.4220153503,1.388888889,-0.9238795325,-0.3826834324,1.243547241e-17,0.02187925935,0,0,0,0,0.6013517439,0.2493901756,-0.1240119382
-0.9379799826,-0.3411601507,1.444444444,-0.9238795325,-0.3826834324,0,0.02187925935,0,0,0,0,0.5901732113,0.2447337932,-0.1240150886
-0.9044886624,-0.4220153503,1.555555556,-0.9238795325,-0.3826834324,1.243547241e-17,0.02187925935,0,0,0,0,0.5630406301,0.2335194967,-0.1240173024
-0.9379799826,-0.3411601507,1.611111111,-0.9238795325,-0.3826834324,0,0.02187925935,0,0,0,0,0.5518621451,0.2288649439,-0.1240194317
-0.9044886624,-0.4220153503,1.722222222,-0.9238795325,-0.3826834324,1.243547241e-17,0.02187925935,0,0,0,0,0.5247320479,0.2176501231,-0.1240186743
-0.9379799826,-0.3411601507,1.777777778,-0.9238795325,-0.3826834324,0,0.02187925935,0,0,0,0,0.5135534591,0.2129972761,-0.1240201231
-0.9044886624,-0.4220153503,1.888888889,-0.9238795325,-0.3826834324,1.243547241e-17,0.02187925935,0,0,0,0,0.4864253587,0.2017816906,-0.124017424
-0.9379799826,-0.3411601507,1.944444444,-0.9238795325,-0.3826834324,0,0.02187925935,0,0,0,0,0.4752465475,0.1971304664,-0.1240183441
-0.9044886624,-0.4220153503,2.055555556,-0.9238795325,-0.3826834324,1.243547241e-17,0.02187925935,0,0,0,0,0.4481200807,0.1859139378,-0.124014116
-0.9379799826,-0.3411601507,2.111111111,-0.9238795325,-0.3826834324,0,0.02187925935,0,0,0,0,0.436940943,0.1812642728,-0.1240145544
-0.9044886624,-0.4220153503,2.222222222,-0.9238795325,-0.3826834324,1.243547241e-17,0.02187925935,0,0,0,0,0.4098157895,0.1700466451,-0.1240088199
-0.9379799826,-0.3411601507,2.277777778,-0.9238795325,-0.3826834324,0,0.02187925935,0,0,0,0,0.3986362075,0.1653984768,-0.1240087427
-0.9044886624,-0.4220153503,2.388888889,-0.9238795325,-0.3826834324,1.243547241e-17,0.02187925935,0,0,0,0,0.3715120063,0.1541795745,-0.1240011384
-0.9379799826,-0.3411601507,2.444444444,-0.9238795325,-0.3826834324,0,0.02187925935,0,0,0,0,0.3603318154,0.1495328246,-0.1240004093
-0.9044886624,-0.4220153503,2.555555556,-0.9238795325,-0.3826834324,1.243547241e-17,0.02187925935,0,0,0,0,0.3332080874,0.1383124097,-0.1239899677
-0.9379799826,-0.3411601507,2.611111111,-0.9238795325,-0.3826834324,0,0.02187925935,0,0,0,0,0.3220270429,0.133666969,-0.1239882673
-0.9044886624,-0.4220153503,2.722222222,-0.9238795325,-0.3826834324,1.243547241e-17,0.02187925935,0,0,0,0,0.2949031438,0.1224447003,-0.123972834
-0.9379799826,-0.3411601507,2.777777778,-0.9238795325,-0.3826834324,0,0.02187925935,0,0,0,0,0.2837209027,0.1178004213,-0.1239694664
-0.9044886624,-0.4220153503,2.888888889,-0.9238795325,-0.3826834324,1.243547241e-17,0.02187925935,0,0,0,0,0.2565961114,0.1065758422,-0.1239443557
-0.9379799826,-0.3411601507,2.944444444,-0.9238795325,-0.3826834324,0,0.02187925935,0,0,0,0,0.2454122887,0.1019325634,-0.1239378113
-0.9044886624,-0.4220153503,3.055555556,-0.9238795325,-0.3826834324,1.243547241e-17,0.02187925935,0,0,0,0,0.21828635,0.09070520589,-0.1238926976
-0.9379799826,-0.3411601507,3.111111111,-0.9238795325,-0.3826834324,0,0.02187925935,0,0,0,0,0.2071008358,0.08606286772,-0.1238796367
-0.9044886624,-0.4220153503,3.222222222,-0.9238795325,-0.3826834324,1.243547241e-17,0.02187925935,0,0,0,0,0.1799759816,0.07483278745,-0.1237908491
-0.9379799826,-0.3411601507,3.277777778,-0.9238795325,-0.3826834324,0,0.02187925935,0,0,0,0,0.1687901303,0.07019168003,-0.1237636427
-0.9044886624,-0.4220153503,3.388888889,-0.9238795325,-0.3826834324,1.243547241e-17,0.02187925935,0,0,0,0,0.141678704,0.05896150689,-0.1235736452
-0.9379799826,-0.3411601507,3.444444444,-0.9238795325,-0.3826834324,0,0.02187925935,0,0,0,0,0.1305012106,0.05432360503,-0.1235082079
-0.9044886624,-0.4220153503,3.555555556,-0.9238795325,-0.3826834324,1.243547241e-17,0.02187925935,0,0,0,0,0.1034455824,0.04312882507,-0.1230467054
-0.9379799826,-0.3411601507,3.611111111,-0.9238795325,-0.3826834324,0,0.02187925935,0,0,0,0,0.09229211531,0.03841619501,-0.1230192757
-0.9044886624,-0.4220153503,3.722222222,-0.9238795325,-0.3826834324,1.243547241e-17,0.02187925935,0,0,0,0,0.06591714752,0.02733477965,-0.1213094422
-0.9379799826,-0.3411601507,3.777777778,-0.9238795325,-0.3826834324,0,0.02187925935,0,0,0,0,0.05668680238,0.02295261648,-0.1180100785
-0.9044886624,-0.4220153503,3.888888889,-0.9238795325,-0.3826834324,1.243547241e-17,0.02187925935,0,0,0,0,0.02316469354,0.01509313109,-0.1347262773
-0.9379799826,-0.3411601507,3.944444444,-0.9238795325,-0.3826834324,0,0.02187925935,0,0,0,0,0.008780039592,0.0007024607926,-0.1456815796
-0.7644433486,-0.6417344179,0.05555555556,-0.7933533403,-0.608761429,1.502766254e-17,0.02187925935,0,0,0,0,0.8027204243,0.606030672,-0.15618143
-0.8177203453,-0.5723024839,0.1111111111,-0.7933533403,-0.608761429,0,0.02187925935,0,0,0,0,0.7602452716,0.5909536945,-0.1242832039
-0.7644433486,-0.6417344179,0.2222222222,-0.7933533403,-0.608761429,1.502766254e-17,0.02187925935,0,0,0,0,0.7451014358,0.5721792457,-0.119658807
-0.8177203453,-0.5723024839,0.2777777778,-0.7933533403,-0.608761429,0,0.02187925935,0,0,0,0,0.7363490135,0.565405276,-0.1215317852
-0.7644433486,-0.6417344179,0.3888888889,-0.7933533403,-0.608761429,1.502766254e-17,0.02187925935,0,0,0,0,0.7136068458,0.5479750189,-0.1229595296
-0.8177203453,-0.5723024839,0.4444444444,-0.7933533403,-0.608761429,0,0.02187925935,0,0,0,0,0.7040602467,0.5406130963,-0.1230748476
-0.7644433486,-0.6417344179,0.5555555556,-0.7933533403,-0.608761429,1.502766254e-17,0.02187925935,0,0,0,0,0.6808143847,0.5227948331,-0.1235502126
-0.8177203453,-0.5723024839,0.6111111111,-0.7933533403,-0.608761429,0,0.02187925935,0,0,0,0,0.671242574,0.5153993128,-0.1236171761
-0.7644433486,-0.6417344179,0.7222222222,-0.7933533403,-0.608761429,1.502766254e-17,0.02187925935,0,0,0,0,0.6479323656,0.4975471737,-0.1238072204
-0.8177203453,-0.5723024839,0.7777777778,-0.7933533403,-0.608761429,0,0.02187925935,0,0,0,0,0.6383453047,0.4901479788,-0.123837046
-0.7644433486,-0.6417344179,0.8888888889,-0.7933533403,-0.608761429,1.502766254e-17,0.02187925935,0,0,0,0,0.6150266283,0.4722892545,-0.1239205921
-0.8177203453,-0.5723024839,0.9444444444,-0.7933533403,-0.608761429,0,0.02187925935,0,0,0,0,0.6054357884,0.4648916678,-0.1239356303
-0.7644433486,-0.6417344179,1.055555556,-0.7933533403,-0.608761429,1.502766254e-17,0.02187925935,0,0,0,0,0.5821193321,0.4470335548,-0.1239738795
-0.8177203453,-0.5723024839,1.111111111,-0.7933533403,-0.608761429,0,0.02187925935,0,0,0,0,0.5725275128,0.4396383501,-0.1239821064
-0.7644433486,-0.6417344179,1.222222222,-0.7933533403,-0.608761429,1.502766254e-17,0.02187925935,0,0,0,0,0.5492150914,0.4217818754,-0.123999605
-0.8177203453,-0.5723024839,1.277777778,-0.7933533403,-0.608761429,0,0.02187925935,0,0,0,0,0.5396229336,0.4143889353,-0.1240045067
-0.7644433486,-0.6417344179,1.388888889,-0.7933533403,-0.608761429,1.502766254e-17,0.02187925935,0,0,0,0,0.516314253,0.3965336956,-0.1240119382
-0.8177203453,-0.5723024839,1.444444444,-0.7933533403,-0.608761429,0,0.02187925935,0,0,0,0,0.5067217801,0.3891427584,-0.1240150886
-0.7644433486,-0.6417344179,1.555555556,-0.7933533403,-0.608761429,1.502766254e-17,0.02187925935,0,0,0,0,0.4834161928,0.371288151,-0.1240173024
-0.8177203453,-0.5723024839,1.611111111,-0.7933533403,-0.608761429,0,0.02187925935,0,0,0,0,0.4738232923,0.3638989934,-0.1240194317
-0.7644433486,-0.6417344179,1.722222222,-0.7933533403,-0.608761429,1.502766254e-17,0.02187925935,0,0,0,0,0.45052024,0.3460445226,-0.1240186743
-0.8177203453,-0.5723024839,1.777777778,-0.7933533403,-0.608761429,0,0.02187925935,0,0,0,0,0.4409267977,0.3386569858,-0.1240201231
-0.7644433486,-0.6417344179,1.888888889,-0.7933533403,-0.608761429,1.502766254e-17,0.02187925935,0,0,0,0,0.4176258721,0.3208022931,-0.124017424
-0.8177203453,-0.5723024839,1.944444444,-0.7933533403,-0.608761429,0,0.02187925935,0,0,0,0,0.408031795,0.3134162662,-0.1240183441
-0.7644433486,-0.6417344179,2.055555556,-0.7933533403,-0.608761429,1.502766254e-17,0.02187925935,0,0,0,0,0.3847326913,0.2955610854,-0.124014116
-0.8177203453,-0.5723024839,2.111111111,-0.7933533403,-0.608761429,0,0.02187925935,0,0,0,0,0.3751378954,0.2881764801,-0.1240145544
-0.7644433486,-0.6417344179,2.222222222,-0.7933533403,-0.608761429,1.502766254e-17,0.02187925935,0,0,0,0,0.3518403447,0.2703205775,-0.1240088199
-0.8177203453,-0.5723024839,2.277777778,-0.7933533403,-0.608761429,0,0.02187925935,0,0,0,0,0.3422447322,0.262937303,-0.1240087427
-0.7644433486,-0.6417344179,2.388888889,-0.7933533403,-0.608761429,1.502766254e-17,0.02187925935,0,0,0,0,0.3189484314,0.2450804156,-0.1240011384
-0.8177203453,-0.5723024839,2.444444444,-0.7933533403,-0.608761429,0,0.02187925935,0,0,0,0,0.3093518637,0.2376983536,-0.1240004093
-0.7644433486,-0.6417344179,2.555555556,-0.7933533403,-0.608761429,1.502766254e-17,0.02187925935,0,0,0,0,0.2860564113,0.2198401276,-0.1239899677
-0.8177203453,-0.5723024839,2.611111111,-0.7933533403,-0.608761429,0,0.02187925935,0,0,0,0,0.2764586802,0.2124591092,-0.1239882673
-0.7644433486,-0.6417344179,2.722222222,-0.7933533403,-0.608761429,1.502766254e-17,0.02187925935,0,0,0,0,0.2531635424,0.1945990484,-0.123972834
-0.8177203453,-0.5723024839,2.777777778,-0.7933533403,-0.608761429,0,0.02187925935,0,0,0,0,0.2435643548,0.1872188424,-0.1239694664
-0.7644433486,-0.6417344179,2.888888889,-0.7933533403,-0.608761429,1.502766254e-17,0.02187925935,0,0,0,0,0.2202689532,0.169356319,-0.1239443557
-0.8177203453,-0.5723024839,2.944444444,-0.7933533403,-0.608761429,0,0.02187925935,0,0,0,0,0.210667979,0.1619766697,-0.1239378113
-0.7644433486,-0.6417344179,3.055555556,-0.7933533403,-0.608761429,1.502766254e-17,0.02187925935,0,0,0,0,0.1873721882,0.1441111656,-0.1238926976
-0.8177203453,-0.5723024839,3.111111111,-0.7933533403,-0.608761429,0,0.02187925935,0,0,0,0,0.1777693367,0.1367319872,-0.1238796367
-0.7644433486,-0.6417344179,3.222222222,-0.7933533403,-0.608761429,1.502766254e-17,0.02187925935,0,0,0,0,0.1544752982,0.1188641338,-0.1237908491
-0.8177203453,-0.5723024839,3.277777778,-0.7933533403,-0.608761429,0,0.02187925935,0,0,0,0,0.1448718025,0.1114860569,-0.1237636427
-0.7644433486,-0.6417344179,3.388888889,-0.7933533403,-0.608761429,1.502766254e-17,0.02187925935,0,0,0,0,0.1215907583,0.09362158914,-0.1235736452
-0.8177203453,-0.5723024839,3.444444444,-0.7933533403,-0.608761429,0,0.02187925935,0,0,0,0,0.1119945061,0.08624877178,-0.1235082079
-0.7644433486,-0.6417344179,3.555555556,-0.7933533403,-0.608761429,1.502766254e-17,0.02187925935,0,0,0,0,0.0887581983,0.06843293284,-0.1230467054
-0.8177203453,-0.5723024839,3.611111111,-0.7933533403,-0.608761429,0,0.02187925935,0,0,0,0,0.07920449483,0.06099415206,-0.1230192757
-0.7644433486,-0.6417344179,3.722222222,-0.7933533403,-0.608761429,1.502766254e-17,0.02187925935,0,0,0,0,0.05659631362,0.0434639828,-0.1213094422
-0.8177203453,-0.5723024839,3.777777778,-0.7933533403,-0.608761429,0,0.02187925935,0,0,0,0,0.04881467215,0.0368421491,-0.1180100785
-0.7644433486,-0.6417344179,3.888888889,-0.7933533403,-0.608761429,1.502766254e-17,0.02187925935,0,0,0,0,0.01846898597,0.02057430898,-0.1347262773
-0.8177203453,-0.5723024839,3.944444444,-0.7933533403,-0.608761429,0,0.02187925935,0,0,0,0,0.008299056767,0.002950966485,-0.1456815796
-0.5723024839,-0.8177203453,0.05555555556,-0.608761429,-0.7933533403,1.531333216e-17,0.02187925935,0,0,0,0,0.6185161093,0.7931400113,-0.15618143
-0.6417344179,-0.7644433486,0.1111111111,-0.608761429,-0.7933533403,0,0.02187925935,0,0,0,0,0.5813904712,0.7675833909,-0.1242832039
-0.5723024839,-0.8177203453,0.2222222222,-0.608761429,-0.7933533403,1.531333216e-17,0.02187925935,0,0,0,0,0.5716218341,0.7455291528,-0.119658807
-0.6417344179,-0.7644433486,0.2777777778,-0.608761429,-0.7933533403,0,0.02187925935,0,0,0,0,0.5649208757,0.7367207069,-0.1215317852
-0.5723024839,-0.8177203453,0.3888888889,-0.608761429,-0.7933533403,1.531333216e-17,0.02187925935,0,0,0,0,0.5474649111,0.7139982653,-0.1229595296
-0.6417344179,-0.7644433486,0.4444444444,-0.608761429,-0.7933533403,0,0.02187925935,0,0,0,0,0.5401490102,0.7044163525,-0.1230748476
-0.5723024839,-0.8177203453,0.5555555556,-0.608761429,-0.7933533403,1.531333216e-17,0.02187925935,0,0,0,0,0.5223069376,0.6811887601,-0.1235502126
-0.6417344179,-0.7644433486,0.6111111111,-0.608761429,-0.7933533403,0,0.02187925935,0,0,0,0,0.5149753799,0.6715678691,-0.1236171761
-0.5723024839,-0.8177203453,0.7222222222,-0.608761429,-0.7933533403,1.531333216e-17,0.02187925935,0,0,0,0,0.4970799213,0.648290901,-0.1238072204
-0.6417344179,-0.7644433486,0.7777777778,-0.608761429,-0.7933533403,0,0.02187925935,0,0,0,0,0.4897345841,0.6386625136,-0.123837046
-0.5723024839,-0.8177203453,0.8888888889,-0.608761429,-0.7933533403,1.531333216e-17,0.02187925935,0,0,0,0,0.4718326503,0.615376993,-0.1239205921
-0.6417344179,-0.7644433486,0.9444444444,-0.608761429,-0.7933533403,0,0.02187925935,0,0,0,0,0.4644832466,0.6057491809,-0.1239356303
-0.5723024839,-0.8177203453,1.055555556,-0.608761429,-0.7933533403,1.531333216e-17,0.02187925935,0,0,0,0,0.4465832991,0.5824648254,-0.1239738795
-0.6417344179,-0.7644433486,1.111111111,-0.608761429,-0.7933533403,0,0.02187925935,0,0,0,0,0.4392323329,0.5728390608,-0.1239821064
-0.5723024839,-0.8177203453,1.222222222,-0.608761429,-0.7933533403,1.531333216e-17,0.02187925935,0,0,0,0,0.4213358587,0.549557332,-0.123999605
-0.6417344179,-0.7644433486,1.277777778,-0.608761429,-0.7933533403,0,0.02187925935,0,0,0,0,0.4139839795,0.5399336672,-0.1240045067
-0.5723024839,-0.8177203453,1.388888889,-0.608761429,-0.7933533403,1.531333216e-17,0.02187925935,0,0,0,0,0.396090799,0.5166540995,-0.1240119382
-0.6417344179,-0.7644433486,1.444444444,-0.608761429,-0.7933533403,0,0.02187925935,0,0,0,0,0.388738097,0.5070322877,-0.1240150886
-0.5723024839,-0.8177203453,1.555555556,-0.608761429,-0.7933533403,1.531333216e-17,0.02187925935,0,0,0,0,0.3708477407,0.4837541314,-0.1240173024
-0.6417344179,-0.7644433486,1.611111111,-0.608761429,-0.7933533403,0,0.02187925935,0,0,0,0,0.3634941651,0.474133928,-0.1240194317
-0.5723024839,-0.8177203453,1.722222222,-0.608761429,-0.7933533403,1.531333216e-17,0.02187925935,0,0,0,0,0.3456062221,0.4508565597,-0.1240186743
-0.6417344179,-0.7644433486,1.777777778,-0.608761429,-0.7933533403,0,0.02187925935,0,0,0,0,0.3382517037,0.4412377816,-0.1240201231
-0.5723024839,-0.8177203453,1.888888889,-0.608761429,-0.7933533403,1.531333216e-17,0.02187925935,0,0,0,0,0.3203658724,0.4179607494,-0.124017424
-0.6417344179,-0.7644433486,1.944444444,-0.608761429,-0.7933533403,0,0.02187925935,0,0,0,0,0.31301035,0.4083432655,-0.1240183441
-0.5723024839,-0.8177203453,2.055555556,-0.608761429,-0.7933533403,1.531333216e-17,0.02187925935,0,0,0,0,0.2951264049,0.3850662334,-0.124014116
-0.6417344179,-0.7644433486,2.111111111,-0.608761429,-0.7933533403,0,0.02187925935,0,0,0,0,0.2877698202,0.3754499366,-0.1240145544
-0.5723024839,-0.8177203453,2.222222222,-0.608761429,-0.7933533403,1.531333216e-17,0.02187925935,0,0,0,0,0.269887562,0.3521726092,-0.1240088199
-0.6417344179,-0.7644433486,2.277777778,-0.608761429,-0.7933533403,0,0.02187925935,0,0,0,0,0.2625298441,0.3425573864,-0.1240087427
-0.5723024839,-0.8177203453,2.388888889,-0.608761429,-0.7933533403,1.531333216e-17,0.02187925935,0,0,0,0,0.244649048,0.3192794314,-0.1240011384
-0.6417344179,-0.7644433486,2.444444444,-0.608761429,-0.7933533403,0,0.02187925935,0,0,0,0,0.2372900936,0.3096651326,-0.1240004093
-0.5723024839,-0.8177203453,2.555555556,-0.608761429,-0.7933533403,1.531333216e-17,0.02187925935,0,0,0,0,0.2194104636,0.2863861041,-0.1239899677
-0.6417344179,-0.7644433486,2.611111111,-0.608761429,-0.7933533403,0,0.02187925935,0,0,0,0,0.2120501153,0.2767725122,-0.1239882673
-0.5723024839,-0.8177203453,2.722222222,-0.608761429,-0.7933533403,1.531333216e-17,0.02187925935,0,0,0,0,0.194171264,0.253491793,-0.123972834
-0.6417344179,-0.7644433486,2.777777778,-0.608761429,-0.7933533403,0,0.02187925935,0,0,0,0,0.1868092987,0.2438786088,-0.1239694664
-0.5723024839,-0.8177203453,2.888888889,-0.608761429,-0.7933533403,1.531333216e-17,0.02187925935,0,0,0,0,0.1689308299,0.2205954425,-0.1239443557
-0.6417344179,-0.7644433486,2.944444444,-0.608761429,-0.7933533403,0,0.02187925935,0,0,0,0,0.1615669948,0.2109823337,-0.1239378113
-0.5723024839,-0.8177203453,3.055555556,-0.608761429,-0.7933533403,1.531333216e-17,0.02187925935,0,0,0,0,0.1436889215,0.1876961876,-0.1238926976
-0.6417344179,-0.7644433486,3.111111111,-0.608761429,-0.7933533403,0,0.02187925935,0,0,0,0,0.136323151,0.1780830476,-0.1238796367
-0.5723024839,-0.8177203453,3.222222222,-0.608761429,-0.7933533403,1.531333216e-17,0.02187925935,0,0,0,0,0.1184473784,0.1547950858,-0.1237908491
-0.6417344179,-0.7644433486,3.277777778,-0.608761429,-0.7933533403,0,0.02187925935,0,0,0,0,0.1110807008,0.1451828432,-0.1237636427
-0.5723024839,-0.8177203453,3.388888889,-0.608761429,-0.7933533403,1.531333216e-17,0.02187925935,0,0,0,0,0.09321660337,0.1219015148,-0.1235736452
-0.6417344179,-0.7644433486,3.444444444,-0.608761429,-0.7933533403,0,0.02187925935,0,0,0,0,0.08585556105,0.1122962273,-0.1235082079
-0.5723024839,-0.8177203453,3.555555556,-0.608761429,-0.7933533403,1.531333216e-17,0.02187925935,0,0,0,0,0.0680220897,0.08907344933,-0.1230467054
-0.6417344179,-0.7644433486,3.611111111,-0.608761429,-0.7933533403,0,0.02187925935,0,0,0,0,0.06071921892,0.07941545845,-0.1230192757
-0.5723024839,-0.8177203453,3.722222222,-0.608761429,-0.7933533403,1.531333216e-17,0.02187925935,0,0,0,0,0.04341853447,0.05663118734,-0.1213094422
-0.6417344179,-0.7644433486,3.777777778,-0.608761429,-0.7933533403,0,0.02187925935,0,0,0,0,0.03761590268,0.04822095015,-0.1180100785
-0.5723024839,-0.8177203453,3.888888889,-0.608761429,-0.7933533403,1.531333216e-17,0.02187925935,0,0,0,0,0.01251464753,0.02465338172,-0.1347262773
-0.6417344179,-0.7644433486,3.944444444,-0.608761429,-0.7933533403,0,0.02187925935,0,0,0,0,0.007252506937,0.004998368688,-0.1456815796
-0.3411601507,-0.9379799826,0.05555555556,-0.3826834324,-0.9238795325,-2.792243983e-17,0.02187925935,0,0,0,0,0.3921609436,0.9261981696,-0.15618143
-0.4220153503,-0.9044886624,0.1111111111,-0.3826834324,-0.9238795325,0,0.02187925935,0,0,0,0,0.362914871,0.8919035477,-0.1242832039
-0.3411601507,-0.9379799826,0.2222222222,-0.3826834324,-0.9238795325,-2.792243983e-17,0.02187925935,0,0,0,0,0.359187149,0.8680724802,-0.119658807
-0.4220153503,-0.9044886624,0.2777777778,-0.3826834324,-0.9238795325,0,0.02187925935,0,0,0,0,0.3549943137,0.8578298392,-0.1215317852
-0.3411601507,-0.9379799826,0.3888888889,-0.3826834324,-0.9238795325,-2.792243983e-17,0.02187925935,0,0,0,0,0.3440141474,0.8313637099,-0.1229595296
-0.4220153503,-0.9044886624,0.4444444444,-0.3826834324,-0.9238795325,0,0.02187925935,0,0,0,0,0.3394275113,0.8202147984,-0.1230748476
-0.3411601507,-0.9379799826,0.5555555556,-0.3826834324,-0.9238795325,-2.792243983e-17,0.02187925935,0,0,0,0,0.3282051358,0.7931607988,-0.1235502126
-0.4220153503,-0.9044886624,0.6111111111,-0.3826834324,-0.9238795325,0,0.02187925935,0,0,0,0,0.3236134648,0.7819701849,-0.1236171761
-0.3411601507,-0.9379799826,0.7222222222,-0.3826834324,-0.9238795325,-2.792243983e-17,0.02187925935,0,0,0,0,0.3123523017,0.7548546748,-0.1238072204
-0.4220153503,-0.9044886624,0.7777777778,-0.3826834324,-0.9238795325,0,0.02187925935,0,0,0,0,0.3077492609,0.7436532536,-0.123837046
-0.3411601507,-0.9379799826,0.8888888889,-0.3826834324,-0.9238795325,-2.792243983e-17,0.02187925935,0,0,0,0,0.2964840569,0.7165278065,-0.1239205921
-0.4220153503,-0.9044886624,0.9444444444,-0.3826834324,-0.9238795325,0,0.02187925935,0,0,0,0,0.2918769392,0.7053258885,-0.1239356303
-0.3411601507,-0.9379799826,1.055555556,-0.3826834324,-0.9238795325,-2.792243983e-17,0.02187925935,0,0,0,0,0.2806133522,0.6782020808,-0.1239738795
-0.4220153503,-0.9044886624,1.111111111,-0.3826834324,-0.9238795325,0,0.02187925935,0,0,0,0,0.2760041954,0.6670017361,-0.1239821064
-0.3411601507,-0.9379799826,1.222222222,-0.3826834324,-0.9238795325,-2.792243983e-17,0.02187925935,0,0,0,0,0.2647432836,0.6398813646,-0.123999605
-0.4220153503,-0.9044886624,1.277777778,-0.3826834324,-0.9238795325,0,0.02187925935,0,0,0,0,0.2601327013,0.6286828119,-0.1240045067
-0.3411601507,-0.9379799826,1.388888889,-0.3826834324,-0.9238795325,-2.792243983e-17,0.02187925935,0,0,0,0,0.2488744116,0.6015653803,-0.1240119382
-0.4220153503,-0.9044886624,1.444444444,-0.3826834324,-0.9238795325,0,0.02187925935,0,0,0,0,0.2442625551,0.5903684046,-0.1240150886
-0.3411601507,-0.9379799826,1.555555556,-0.3826834324,-0.9238795325,-2.792243983e-17,0.02187925935,0,0,0,0,0.233006628,0.5632530673,-0.1240173024
-0.4220153503,-0.9044886624,1.611111111,-0.3826834324,-0.9238795325,0,0.02187925935,0,0,0,0,0.2283935113,0.5520574188,-0.1240194317
-0.3411601507,-0.9379799826,1.722222222,-0.3826834324,-0.9238795325,-2.792243983e-17,0.02187925935,0,0,0,0,0.2171397114,0.5249434674,-0.1240186743
-0.4220153503,-0.9044886624,1.777777778,-0.3826834324,-0.9238795325,0,0.02187925935,0,0,0,0,0.2125253151,0.5137489518,-0.1240201231
-0.3411601507,-0.9379799826,1.888888889,-0.3826834324,-0.9238795325,-2.792243983e-17,0.02187925935,0,0,0,0,0.2012734679,0.4866358714,-0.124017424
-0.4220153503,-0.9044886624,1.944444444,-0.3826834324,-0.9238795325,0,0.02187925935,0,0,0,0,0.1966577669,0.475442346,-0.1240183441
-0.3411601507,-0.9379799826,2.055555556,-0.3826834324,-0.9238795325,-2.792243983e-17,0.02187925935,0,0,0,0,0.1854077417,0.448329754,-0.124014116
-0.4220153503,-0.9044886624,2.111111111,-0.3826834324,-0.9238795325,0,0.02187925935,0,0,0,0,0.1807907073,0.4371371003,-0.1240145544
-0.3411601507,-0.9379799826,2.222222222,-0.3826834324,-0.9238795325,-2.792243983e-17,0.02187925935,0,0,0,0,0.1695423879,0.4100246596,-0.1240088199
-0.4220153503,-0.9044886624,2.277777778,-0.3826834324,-0.9238795325,0,0.02187925935,0,0,0,0,0.1649239809,0.3988327501,-0.1240087427
-0.3411601507,-0.9379799826,2.388888889,-0.3826834324,-0.9238795325,-2.792243983e-17,0.02187925935,0,0,0,0,0.1536772363,0.3717200816,-0.1240011384
-0.4220153503,-0.9044886624,2.444444444,-0.3826834324,-0.9238795325,0,0.02187925935,0,0,0,0,0.1490573959,0.3605287445,-0.1240004093
-0.3411601507,-0.9379799826,2.555555556,-0.3826834324,-0.9238795325,-2.792243983e-17,0.02187925935,0,0,0,0,0.1378120553,0.3334153409,-0.1239899677
-0.4220153503,-0.9044886624,2.611111111,-0.3826834324,-0.9238795325,0,0.02187925935,0,0,0,0,0.1331906856,0.3222243259,-0.1239882673
-0.3411601507,-0.9379799826,2.722222222,-0.3826834324,-0.9238795325,-2.792243983e-17,0.02187925935,0,0,0,0,0.1219465349,0.2951094907,-0.123972834
-0.4220153503,-0.9044886624,2.777777778,-0.3826834324,-0.9238795325,0,0.02187925935,0,0,0,0,0.1173234975,0.283918451,-0.1239694664
-0.3411601507,-0.9379799826,2.888888889,-0.3826834324,-0.9238795325,-2.792243983e-17,0.02187925935,0,0,0,0,0.1060803496,0.2568013511,-0.1239443557
-0.4220153503,-0.9044886624,2.944444444,-0.3826834324,-0.9238795325,0,0.02187925935,0,0,0,0,0.1014554868,0.2456099003,-0.1239378113
-0.3411601507,-0.9379799826,3.055555556,-0.3826834324,-0.9238795325,-2.792243983e-17,0.02187925935,0,0,0,0,0.09021349216,0.2184900245,-0.1238926976
-0.4220153503,-0.9044886624,3.111111111,-0.3826834324,-0.9238795325,0,0.02187925935,0,0,0,0,0.08558676797,0.2072980427,-0.1238796367
-0.3411601507,-0.9379799826,3.222222222,-0.3826834324,-0.9238795325,-2.792243983e-17,0.02187925935,0,0,0,0,0.07434746559,0.1801770085,-0.1237908491
-0.4220153503,-0.9044886624,3.277777778,-0.3826834324,-0.9238795325,0,0.02187925935,0,0,0,0,0.06971963282,0.1689856587,-0.1237636427
-0.3411601507,-0.9379799826,3.388888889,-0.3826834324,-0.9238795325,-2.792243983e-17,0.02187925935,0,0,0,0,0.05848989098,0.1418740537,-0.1235736452
-0.4220153503,-0.9044886624,3.444444444,-0.3826834324,-0.9238795325,0,0.02187925935,0,0,0,0,0.05386570144,0.1306908804,-0.1235082079
-0.3411601507,-0.9379799826,3.555555556,-0.3826834324,-0.9238795325,-2.792243983e-17,0.02187925935,0,0,0,0,0.0426503881,0.1036437574,-0.1230467054
-0.4220153503,-0.9044886624,3.611111111,-0.3826834324,-0.9238795325,0,0.02187925935,0,0,0,0,0.03809602858,0.09242473258,-0.1230192757
-0.3411601507,-0.9379799826,3.722222222,-0.3826834324,-0.9238795325,-2.792243983e-17,0.02187925935,0,0,0,0,0.02728185395,0.06593907006,-0.1213094422
-0.4220153503,-0.9044886624,3.777777778,-0.3826834324,-0.9238795325,0,0.02187925935,0,0,0,0,0.0238536716,0.05631357313,-0.1180100785
-0.3411601507,-0.9379799826,3.888888889,-0.3826834324,-0.9238795325,-2.792243983e-17,0.02187925935,0,0,0,0,0.005707456541,0.02705236723,-0.1347262773
-0.4220153503,-0.9044886624,3.944444444,-0.3826834324,-0.9238795325,0,0.02187925935,0,0,0,0,0.005711710745,0.006705140325,-0.1456815796
-0.08676831703,-0.9943178342,0.05555555556,-0.1305261922,-0.9914448614,9.741917698e-18,0.02187925935,0,0,0,0,0.1390806577,0.9961374532,-0.15618143
-0.1735366341,-0.9828945686,0.1111111111,-0.1305261922,-0.9914448614,0,0.02187925935,0,0,0,0,0.1197072221,0.9554419517,-0.1242832039
-0.08676831703,-0.9943178342,0.2222222222,-0.1305261922,-0.9914448614,9.741917698e-18,0.02187925935,0,0,0,0,0.1222744532,0.9314581026,-0.119658807
-0.1735366341,-0.9828945686,0.2777777778,-0.1305261922,-0.9914448614,0,0.02187925935,0,0,0,0,0.120875476,0.9204792855,-0.1215317852
-0.08676831703,-0.9943178342,0.3888888889,-0.1305261922,-0.9914448614,9.741917698e-18,0.02187925935,0,0,0,0,0.117119388,0.8920730915,-0.1229595296
-0.1735366341,-0.9828945686,0.4444444444,-0.1305261922,-0.9914448614,0,0.02187925935,0,0,0,0,0.1155745884,0.8801169612,-0.1230748476
-0.08676831703,-0.9943178342,0.5555555556,-0.1305261922,-0.9914448614,9.741917698e-18,0.02187925935,0,0,0,0,0.1117366964,0.8510802398,-0.1235502126
-0.1735366341,-0.9828945686,0.6111111111,-0.1305261922,-0.9914448614,0,0.02187925935,0,0,0,0,0.1101978268,0.8390825249,-0.1236171761
-0.08676831703,-0.9943178342,0.7222222222,-0.1305261922,-0.9914448614,9.741917698e-18,0.02187925935,0,0,0,0,0.106338389,0.8099763499,-0.1238072204
-0.1735366341,-0.9828945686,0.7777777778,-0.1305261922,-0.9914448614,0,0.02187925935,0,0,0,0,0.1047913341,0.7979652533,-0.123837046
-0.08676831703,-0.9943178342,0.8888888889,-0.1305261922,-0.9914448614,9.741917698e-18,0.02187925935,0,0,0,0,0.1009305649,0.768848434,-0.1239205921
-0.1735366341,-0.9828945686,0.9444444444,-0.1305261922,-0.9914448614,0,0.02187925935,0,0,0,0,0.09937970076,0.7568358023,-0.1239356303
-0.08676831703,-0.9943178342,1.055555556,-0.1305261922,-0.9914448614,9.741917698e-18,0.02187925935,0,0,0,0,0.09552006918,0.7277209852,-0.1239738795
-0.1735366341,-0.9828945686,1.111111111,-0.1305261922,-0.9914448614,0,0.02187925935,0,0,0,0,0.09396682804,0.7157093454,-0.1239821064
-0.08676831703,-0.9943178342,1.222222222,-0.1305261922,-0.9914448614,9.741917698e-18,0.02187925935,0,0,0,0,0.09010889117,0.6865985397,-0.123999605
-0.1735366341,-0.9828945686,1.277777778,-0.1305261922,-0.9914448614,0,0.02187925935,0,0,0,0,0.08855380944,0.6745882619,-0.1240045067
-0.08676831703,-0.9943178342,1.388888889,-0.1305261922,-0.9914448614,9.741917698e-18,0.02187925935,0,0,0,0,0.0846976444,0.6454809746,-0.1240119382
-0.1735366341,-0.9828945686,1.444444444,-0.1305261922,-0.9914448614,0,0.02187925935,0,0,0,0,0.08314092359,0.6334718902,-0.1240150886
-0.08676831703,-0.9943178342,1.555555556,-0.1305261922,-0.9914448614,9.741917698e-18,0.02187925935,0,0,0,0,0.07928649868,0.6043672374,-0.1240173024
-0.1735366341,-0.9828945686,1.611111111,-0.1305261922,-0.9914448614,0,0.02187925935,0,0,0,0,0.07772821713,0.592359109,-0.1240194317
-0.08676831703,-0.9943178342,1.722222222,-0.1305261922,-0.9914448614,9.741917698e-18,0.02187925935,0,0,0,0,0.07387548823,0.5632563452,-0.1240186743
-0.1735366341,-0.9828945686,1.777777778,-0.1305261922,-0.9914448614,0,0.02187925935,0,0,0,0,0.07231567749,0.5512489799,-0.1240201231
-0.08676831703,-0.9943178342,1.888888889,-0.1305261922,-0.9914448614,9.741917698e-18,0.02187925935,0,0,0,0,0.06846460927,0.522147563,-0.124017424
-0.1735366341,-0.9828945686,1.944444444,-0.1305261922,-0.9914448614,0,0.02187925935,0,0,0,0,0.06690328199,0.5101408164,-0.1240183441
-0.08676831703,-0.9943178342,2.055555556,-0.1305261922,-0.9914448614,9.741917698e-18,0.02187925935,0,0,0,0,0.06305384726,0.4810403427,-0.124014116
-0.1735366341,-0.9828945686,2.111111111,-0.1305261922,-0.9914448614,0,0.02187925935,0,0,0,0,0.06149100645,0.469034093,-0.1240145544
-0.08676831703,-0.9943178342,2.222222222,-0.1305261922,-0.9914448614,9.741917698e-18,0.02187925935,0,0,0,0,0.05764318024,0.4399342071,-0.1240088199
-0.1735366341,-0.9828945686,2.277777778,-0.1305261922,-0.9914448614,0,0.02187925935,0,0,0,0,0.05607882104,0.4279283209,-0.1240087427
-0.08676831703,-0.9943178342,2.388888889,-0.1305261922,-0.9914448614,9.741917698e-18,0.02187925935,0,0,0,0,0.05223257492,0.3988286225,-0.1240011384
-0.1735366341,-0.9828945686,2.444444444,-0.1305261922,-0.9914448614,0,0.02187925935,0,0,0,0,0.05066668288,0.3868229183,-0.1240004093
-0.08676831703,-0.9943178342,2.555555556,-0.1305261922,-0.9914448614,9.741917698e-18,0.02187925935,0,0,0,0,0.04682198324,0.3577228732,-0.1239899677
-0.1735366341,-0.9828945686,2.611111111,-0.1305261922,-0.9914448614,0,0.02187925935,0,0,0,0,0.04525453066,0.3457170843,-0.1239882673
-0.08676831703,-0.9943178342,2.722222222,-0.1305261922,-0.9914448614,9.741917698e-18,0.02187925935,0,0,0,0,0.04141135085,0.3166159644,-0.123972834
-0.1735366341,-0.9828945686,2.777777778,-0.1305261922,-0.9914448614,0,0.02187925935,0,0,0,0,0.0398422939,0.30460972,-0.1239694664
-0.08676831703,-0.9943178342,2.888888889,-0.1305261922,-0.9914448614,9.741917698e-18,0.02187925935,0,0,0,0,0.03600066892,0.2755066721,-0.1239443557
-0.1735366341,-0.9828945686,2.944444444,-0.1305261922,-0.9914448614,0,0.02187925935,0,0,0,0,0.03442995502,0.2634995581,-0.1239378113
-0.08676831703,-0.9943178342,3.055555556,-0.1305261922,-0.9914448614,9.741917698e-18,0.02187925935,0,0,0,0,0.03059016245,0.2343941274,-0.1238926976
-0.1735366341,-0.9828945686,3.111111111,-0.1305261922,-0.9914448614,0,0.02187925935,0,0,0,0,0.0290177881,0.2223860188,-0.1238796367
-0.08676831703,-0.9943178342,3.222222222,-0.1305261922,-0.9914448614,9.741917698e-18,0.02187925935,0,0,0,0,0.02518089584,0.1932801659,-0.1237908491
-0.1735366341,-0.9828945686,3.277777778,-0.1305261922,-0.9914448614,0,0.02187925935,0,0,0,0,0.02360728713,0.1812723808,-0.1237636427
-0.08676831703,-0.9943178342,3.388888889,-0.1305261922,-0.9914448614,9.741917698e-18,0.02187925935,0,0,0,0,0.01977718917,0.1521781103,-0.1235736452
-0.1735366341,-0.9828945686,3.444444444,-0.1305261922,-0.9914448614,0,0.02187925935,0,0,0,0,0.01820498329,0.1401791661,-0.1235082079
-0.08676831703,-0.9943178342,3.555555556,-0.1305261922,-0.9914448614,9.741917698e-18,0.02187925935,0,0,0,0,0.01437213304,0.1111509148,-0.1230467054
-0.1735366341,-0.9828945686,3.611111111,-0.1305261922,-0.9914448614,0,0.02187925935,0,0,0,0,0.01287665686,0.09913541393,-0.1230192757
-0.08676831703,-0.9943178342,3.722222222,-0.1305261922,-0.9914448614,9.741917698e-18,0.02187925935,0,0,0,0,0.009285960176,0.07075331412,-0.1213094422
-0.1735366341,-0.9828945686,3.777777778,-0.1305261922,-0.9914448614,0,0.02187925935,0,0,0,0,0.008465852231,0.06056851916,-0.1180100785
-0.08676831703,-0.9943178342,3.888888889,-0.1305261922,-0.9914448614,9.741917698e-18,0.02187925935,0,0,0,0,-0.001488688179,0.02760777862,-0.1347262773
-0.1735366341,-0.9828945686,3.944444444,-0.1305261922,-0.9914448614,0,0.02187925935,0,0,0,0,0.003781670905,0.007954967729,-0.1456815796
0.1735366341,-0.9828945686,0.05555555556,0.1305261922,-0.9914448614,9.100978773e-18,0.02187925935,0,0,0,0,-0.1234777453,0.9981916156,-0.15618143
0.08676831703,-0.9943178342,0.1111111111,0.1305261922,-0.9914448614,0,0.02187925935,0,0,0,0,-0.1316582761,0.9538685655,-0.1242832039
0.1735366341,-0.9828945686,0.2222222222,0.1305261922,-0.9914448614,9.100978773e-18,0.02187925935,0,0,0,0,-0.1229710444,0.9313663947,-0.119658807
0.08676831703,-0.9943178342,0.2777777778,0.1305261922,-0.9914448614,0,0.02187925935,0,0,0,0,-0.1214808257,0.9203995897,-0.1215317852
0.1735366341,-0.9828945686,0.3888888889,0.1305261922,-0.9914448614,9.100978773e-18,0.02187925935,0,0,0,0,-0.1177568641,0.8919891662,-0.1229595296
0.08676831703,-0.9943178342,0.4444444444,0.1305261922,-0.9914448614,0,0.02187925935,0,0,0,0,-0.1161545517,0.8800406076,-0.1230748476
0.1735366341,-0.9828945686,0.5555555556,0.1305261922,-0.9914448614,9.100978773e-18,0.02187925935,0,0,0,0,-0.1123464141,0.8509999689,-0.1235502126
0.08676831703,-0.9943178342,0.6111111111,0.1305261922,-0.9914448614,0,0.02187925935,0,0,0,0,-0.110727611,0.8390127775,-0.1236171761
0.1735366341,-0.9828945686,0.7222222222,0.1305261922,-0.9914448614,9.100978773e-18,0.02187925935,0,0,0,0,-0.1069223092,0.8098994754,-0.1238072204
0.08676831703,-0.9943178342,0.7777777778,0.1305261922,-0.9914448614,0,0.02187925935,0,0,0,0,-0.1053079489,0.7978972397,-0.123837046
0.1735366341,-0.9828945686,0.8888888889,0.1305261922,-0.9914448614,9.100978773e-18,0.02187925935,0,0,0,0,-0.1015011782,0.7687733113,-0.1239205921
0.08676831703,-0.9943178342,0.9444444444,0.1305261922,-0.9914448614,0,0.02187925935,0,0,0,0,-0.09989010009,0.756768607,-0.1239356303
0.1735366341,-0.9828945686,1.055555556,0.1305261922,-0.9914448614,9.100978773e-18,0.02187925935,0,0,0,0,-0.09608274874,0.727646907,-0.1239738795
0.08676831703,-0.9943178342,1.111111111,0.1305261922,-0.9914448614,0,0.02187925935,0,0,0,0,-0.09447422332,0.7156425455,-0.1239821064
0.1735366341,-0.9828945686,1.222222222,0.1305261922,-0.9914448614,9.100978773e-18,0.02187925935,0,0,0,0,-0.09066627325,0.686525159,-0.123999605
0.08676831703,-0.9943178342,1.277777778,0.1305261922,-0.9914448614,0,0.02187925935,0,0,0,0,-0.08905987822,0.6745216367,-0.1240045067
0.1735366341,-0.9828945686,1.388888889,0.1305261922,-0.9914448614,9.100978773e-18,0.02187925935,0,0,0,0,-0.08525112733,0.6454081072,-0.1240119382
0.08676831703,-0.9943178342,1.444444444,0.1305261922,-0.9914448614,0,0.02187925935,0,0,0,0,-0.08364662441,0.6334053135,-0.1240150886
0.1735366341,-0.9828945686,1.555555556,0.1305261922,-0.9914448614,9.100978773e-18,0.02187925935,0,0,0,0,-0.07983687451,0.604294779,-0.1240173024
0.08676831703,-0.9943178342,1.611111111,0.1305261922,-0.9914448614,0,0.02187925935,0,0,0,0,-0.07823412658,0.5922925047,-0.1240194317
0.1735366341,-0.9828945686,1.722222222,0.1305261922,-0.9914448614,9.100978773e-18,0.02187925935,0,0,0,0,-0.07442322741,0.563184234,-0.1240186743
0.08676831703,-0.9943178342,1.777777778,0.1305261922,-0.9914448614,0,0.02187925935,0,0,0,0,-0.07282215405,0.551182301,-0.1240201231
0.1735366341,-0.9828945686,1.888888889,0.1305261922,-0.9914448614,9.100978773e-18,0.02187925935,0,0,0,0,-0.06900999937,0.522075761,-0.124017424
0.08676831703,-0.9943178342,1.944444444,0.1305261922,-0.9914448614,0,0.02187925935,0,0,0,0,-0.06741055102,0.5100740331,-0.1240183441
0.1735366341,-0.9828945686,2.055555556,0.1305261922,-0.9914448614,9.100978773e-18,0.02187925935,0,0,0,0,-0.06359706264,0.4809688271,-0.124014116
0.08676831703,-0.9943178342,2.111111111,0.1305261922,-0.9914448614,0,0.02187925935,0,0,0,0,-0.06199920486,0.4689671874,-0.1240145544
0.1735366341,-0.9828945686,2.222222222,0.1305261922,-0.9914448614,9.100978773e-18,0.02187925935,0,0,0,0,-0.05818431489,0.4398629654,-0.1240088199
0.08676831703,-0.9943178342,2.277777778,0.1305261922,-0.9914448614,0,0.02187925935,0,0,0,0,-0.05658801785,0.4278612839,-0.1240087427
0.1735366341,-0.9828945686,2.388888889,0.1305261922,-0.9914448614,9.100978773e-18,0.02187925935,0,0,0,0,-0.05277165015,0.3987576519,-0.1240011384
0.08676831703,-0.9943178342,2.444444444,0.1305261922,-0.9914448614,0,0.02187925935,0,0,0,0,-0.05117688081,0.3867557495,-0.1240004093
0.1735366341,-0.9828945686,2.555555556,0.1305261922,-0.9914448614,9.100978773e-18,0.02187925935,0,0,0,0,-0.04735892961,0.3576521829,-0.1239899677
0.08676831703,-0.9943178342,2.611111111,0.1305261922,-0.9914448614,0,0.02187925935,0,0,0,0,-0.04576564571,0.3456497947,-0.1239882673
0.1735366341,-0.9828945686,2.722222222,0.1305261922,-0.9914448614,9.100978773e-18,0.02187925935,0,0,0,0,-0.04194594827,0.3165455833,-0.123972834
0.08676831703,-0.9943178342,2.777777778,0.1305261922,-0.9914448614,0,0.02187925935,0,0,0,0,-0.0403540962,0.3045423399,-0.1239694664
0.1735366341,-0.9828945686,2.888888889,0.1305261922,-0.9914448614,9.100978773e-18,0.02187925935,0,0,0,0,-0.03653239791,0.2754366686,-0.1239443557
0.08676831703,-0.9943178342,2.944444444,0.1305261922,-0.9914448614,0,0.02187925935,0,0,0,0,-0.03494192126,0.2634321565,-0.1239378113
0.1735366341,-0.9828945686,3.055555556,0.1305261922,-0.9914448614,9.100978773e-18,0.02187925935,0,0,0,0,-0.03111783627,0.2343246578,-0.1238926976
0.08676831703,-0.9943178342,3.111111111,0.1305261922,-0.9914448614,0,0.02187925935,0,0,0,0,-0.02952870607,0.2223187551,-0.1238796367
0.1735366341,-0.9828945686,3.222222222,0.1305261922,-0.9914448614,9.100978773e-18,0.02187925935,0,0,0,0,-0.02570171035,0.1932115993,-0.1237908491
0.08676831703,-0.9943178342,3.277777778,0.1305261922,-0.9914448614,0,0.02187925935,0,0,0,0,-0.02411385617,0.1812056897,-0.1237636427
0.1735366341,-0.9828945686,3.388888889,0.1305261922,-0.9914448614,9.100978773e-18,0.02187925935,0,0,0,0,-0.02028329539,0.1521114801,-0.1235736452
0.08676831703,-0.9943178342,3.444444444,0.1305261922,-0.9914448614,0,0.02187925935,0,0,0,0,-0.01869637438,0.1401144732,-0.1235082079
0.1735366341,-0.9828945686,3.555555556,0.1305261922,-0.9914448614,9.100978773e-18,0.02187925935,0,0,0,0,-0.01488555914,0.1110833209,-0.1230467054
0.08676831703,-0.9943178342,3.611111111,0.1305261922,-0.9914448614,0,0.02187925935,0,0,0,0,-0.01322023776,0.09909018065,-0.1230192757
0.1735366341,-0.9828945686,3.722222222,0.1305261922,-0.9914448614,9.100978773e-18,0.02187925935,0,0,0,0,-0.009342756442,0.07074583675,-0.1213094422
0.08676831703,-0.9943178342,3.777777778,0.1305261922,-0.9914448614,0,0.02187925935,0,0,0,0,-0.007498900981,0.06069582071,-0.1180100785
0.1735366341,-0.9828945686,3.888888889,0.1305261922,-0.9914448614,9.100978773e-18,0.02187925935,0,0,0,0,-0.00858338126,0.02628176552,-0.1347262773
0.08676831703,-0.9943178342,3.944444444,0.1305261922,-0.9914448614,0,0.02187925935,0,0,0,0,0.001593916442,0.00866267723,-0.1456815796
0.4220153503,-0.9044886624,0.05555555556,0.3826834324,-0.9238795325,2.228275305e-17,0.02187925935,0,0,0,0,-0.3776213439,0.932220669,-0.15618143
0.3411601507,-0.9379799826,0.1111111111,0.3826834324,-0.9238795325,0,0.02187925935,0,0,0,0,-0.3740514805,0.887290613,-0.1242832039
0.4220153503,-0.9044886624,0.2222222222,0.3826834324,-0.9238795325,2.228275305e-17,0.02187925935,0,0,0,0,-0.3598362686,0.8678036061,-0.119658807
0.3411601507,-0.9379799826,0.2777777778,0.3826834324,-0.9238795325,0,0.02187925935,0,0,0,0,-0.3555584099,0.8575961829,-0.1215317852
0.4220153503,-0.9044886624,0.3888888889,0.3826834324,-0.9238795325,2.228275305e-17,0.02187925935,0,0,0,0,-0.3446081805,0.8311176533,-0.1229595296
0.3411601507,-0.9379799826,0.4444444444,0.3826834324,-0.9238795325,0,0.02187925935,0,0,0,0,-0.339967951,0.8199909409,-0.1230748476
0.4220153503,-0.9044886624,0.5555555556,0.3826834324,-0.9238795325,2.228275305e-17,0.02187925935,0,0,0,0,-0.3287733022,0.7929254565,-0.1235502126
0.3411601507,-0.9379799826,0.6111111111,0.3826834324,-0.9238795325,0,0.02187925935,0,0,0,0,-0.324107145,0.7817656959,-0.1236171761
0.4220153503,-0.9044886624,0.7222222222,0.3826834324,-0.9238795325,2.228275305e-17,0.02187925935,0,0,0,0,-0.3128964287,0.75462929,-0.1238072204
0.3411601507,-0.9379799826,0.7777777778,0.3826834324,-0.9238795325,0,0.02187925935,0,0,0,0,-0.3082306692,0.7434538477,-0.123837046
0.4220153503,-0.9044886624,0.8888888889,0.3826834324,-0.9238795325,2.228275305e-17,0.02187925935,0,0,0,0,-0.2970157837,0.716307558,-0.1239205921
0.3411601507,-0.9379799826,0.9444444444,0.3826834324,-0.9238795325,0,0.02187925935,0,0,0,0,-0.2923525557,0.7051288817,-0.1239356303
0.4220153503,-0.9044886624,1.055555556,0.3826834324,-0.9238795325,2.228275305e-17,0.02187925935,0,0,0,0,-0.2811376861,0.6779848946,-0.1239738795
0.3411601507,-0.9379799826,1.111111111,0.3826834324,-0.9238795325,0,0.02187925935,0,0,0,0,-0.2764770125,0.6668058888,-0.1239821064
0.4220153503,-0.9044886624,1.222222222,0.3826834324,-0.9238795325,2.228275305e-17,0.02187925935,0,0,0,0,-0.265262681,0.6396662232,-0.123999605
0.3411601507,-0.9379799826,1.277777778,0.3826834324,-0.9238795325,0,0.02187925935,0,0,0,0,-0.2606042824,0.6284874766,-0.1240045067
0.4220153503,-0.9044886624,1.388888889,0.3826834324,-0.9238795325,2.228275305e-17,0.02187925935,0,0,0,0,-0.2493901756,0.6013517439,-0.1240119382
0.3411601507,-0.9379799826,1.444444444,0.3826834324,-0.9238795325,0,0.02187925935,0,0,0,0,-0.2447337932,0.5901732113,-0.1240150886
0.4220153503,-0.9044886624,1.555555556,0.3826834324,-0.9238795325,2.228275305e-17,0.02187925935,0,0,0,0,-0.2335194967,0.5630406301,-0.1240173024
0.3411601507,-0.9379799826,1.611111111,0.3826834324,-0.9238795325,0,0.02187925935,0,0,0,0,-0.2288649439,0.5518621451,-0.1240194317
0.4220153503,-0.9044886624,1.722222222,0.3826834324,-0.9238795325,2.228275305e-17,0.02187925935,0,0,0,0,-0.2176501231,0.5247320479,-0.1240186743
0.3411601507,-0.9379799826,1.777777778,0.3826834324,-0.9238795325,0,0.02187925935,0,0,0,0,-0.2129972761,0.5135534591,-0.1240201231
0.4220153503,-0.9044886624,1.888888889,0.3826834324,-0.9238795325,2.228275305e-17,0.02187925935,0,0,0,0,-0.2017816906,0.4864253587,-0.124017424
0.3411601507,-0.9379799826,1.944444444,0.3826834324,-0.9238795325,0,0.02187925935,0,0,0,0,-0.1971304664,0.4752465475,-0.1240183441
0.4220153503,-0.9044886624,2.055555556,0.3826834324,-0.9238795325,2.228275305e-17,0.02187925935,0,0,0,0,-0.1859139378,0.4481200807,-0.124014116
0.3411601507,-0.9379799826,2.111111111,0.3826834324,-0.9238795325,0,0.02187925935,0,0,0,0,-0.1812642728,0.436940943,-0.1240145544
0.4220153503,-0.9044886624,2.222222222,0.3826834324,-0.9238795325,2.228275305e-17,0.02187925935,0,0,0,0,-0.1700466451,0.4098157895,-0.1240088199
0.3411601507,-0.9379799826,2.277777778,0.3826834324,-0.9238795325,0,0.02187925935,0,0,0,0,-0.1653984768,0.3986362075,-0.1240087427
0.4220153503,-0.9044886624,2.388888889,0.3826834324,-0.9238795325,2.228275305e-17,0.02187925935,0,0,0,0,-0.1541795745,0.3715120063,-0.1240011384
0.3411601507,-0.9379799826,2.444444444,0.3826834324,-0.9238795325,0,0.02187925935,0,0,0,0,-0.1495328246,0.3603318154,-0.1240004093
0.4220153503,-0.9044886624,2.555555556,0.3826834324,-0.9238795325,2.228275305e-17,0.02187925935,0,0,0,0,-0.1383124097,0.3332080874,-0.1239899677
0.3411601507,-0.9379799826,2.611111111,0.3826834324,-0.9238795325,0,0.02187925935,0,0,0,0,-0.133666969,0.3220270429,-0.1239882673
0.4220153503,-0.9044886624,2.722222222,0.3826834324,-0.9238795325,2.228275305e-17,0.02187925935,0,0,0,0,-0.1224447003,0.2949031438,-0.123972834
0.3411601507,-0.9379799826,2.777777778,0.3826834324,-0.9238795325,0,0.02187925935,0,0,0,0,-0.1178004213,0.2837209027,-0.1239694664
0.4220153503,-0.9044886624,2.888888889,0.3826834324,-0.9238795325,2.228275305e-17,0.02187925935,0,0,0,0,-0.1065758422,0.2565961114,-0.1239443557
0.3411601507,-0.9379799826,2.944444444,0.3826834324,-0.9238795325,0,0.02187925935,0,0,0,0,-0.1019325634,0.2454122887,-0.1239378113
0.4220153503,-0.9044886624,3.055555556,0.3826834324,-0.9238795325,2.228275305e-17,0.02187925935,0,0,0,0,-0.09070520589,0.21828635,-0.1238926976
0.3411601507,-0.9379799826,3.111111111,0.3826834324,-0.9238795325,0,0.02187925935,0,0,0,0,-0.08606286772,0.2071008358,-0.1238796367
0.4220153503,-0.9044886624,3.222222222,0.3826834324,-0.9238795325,2.228275305e-17,0.02187925935,0,0,0,0,-0.07483278745,0.1799759816,-0.1237908491
0.3411601507,-0.9379799826,3.277777778,0.3826834324,-0.9238795325,0,0.02187925935,0,0,0,0,-0.07019168003,0.1687901303,-0.1237636427
0.4220153503,-0.9044886624,3.388888889,0.3826834324,-0.9238795325,2.228275305e-17,0.02187925935,0,0,0,0,-0.05896150689,0.141678704,-0.1235736452
0.3411601507,-0.9379799826,3.444444444,0.3826834324,-0.9238795325,0,0.02187925935,0,0,0,0,-0.05432360503,0.1305012106,-0.1235082079
0.4220153503,-0.9044886624,3.555555556,0.3826834324,-0.9238795325,2.228275305e-17,0.02187925935,0,0,0,0,-0.04312882507,0.1034455824,-0.1230467054
0.3411601507,-0.9379799826,3.611111111,0.3826834324,-0.9238795325,0,0.02187925935,0,0,0,0,-0.03841619501,0.09229211531,-0.1230192757
0.4220153503,-0.9044886624,3.722222222,0.3826834324,-0.9238795325,2.228275305e-17,0.02187925935,0,0,0,0,-0.02733477965,0.06591714752,-0.1213094422
0.3411601507,-0.9379799826,3.777777778,0.3826834324,-0.9238795325,0,0.02187925935,0,0,0,0,-0.02295261648,0.05668680238,-0.1180100785
0.4220153503,-0.9044886624,3.888888889,0.3826834324,-0.9238795325,2.228275305e-17,0.02187925935,0,0,0,0,-0.01509313109,0.02316469354,-0.1347262773
0.3411601507,-0.9379799826,3.944444444,0.3826834324,-0.9238795325,0,0.02187925935,0,0,0,0,-0.0007024607926,0.008780039592,-0.1456815796
0.6417344179,-0.7644433486,0.05555555556,0.608761429,-0.7933533403,3.590410687e-18,0.02187925935,0,0,0,0,-0.606030672,0.8027204243,-0.15618143
0.5723024839,-0.8177203453,0.1111111111,0.608761429,-0.7933533403,0,0.02187925935,0,0,0,0,-0.5909536945,0.7602452716,-0.1242832039
0.6417344179,-0.7644433486,0.2222222222,0.608761429,-0.7933533403,3.590410687e-18,0.02187925935,0,0,0,0,-0.5721792457,0.7451014358,-0.119658807
0.5723024839,-0.8177203453,0.2777777778,0.608761429,-0.7933533403,0,0.02187925935,0,0,0,0,-0.565405276,0.7363490135,-0.1215317852
0.6417344179,-0.7644433486,0.3888888889,0.608761429,-0.7933533403,3.590410687e-18,0.02187925935,0,0,0,0,-0.5479750189,0.7136068458,-0.1229595296
0.5723024839,-0.8177203453,0.4444444444,0.608761429,-0.7933533403,0,0.02187925935,0,0,0,0,-0.5406130963,0.7040602467,-0.1230748476
0.6417344179,-0.7644433486,0.5555555556,0.608761429,-0.7933533403,3.590410687e-18,0.02187925935,0,0,0,0,-0.5227948331,0.6808143847,-0.1235502126
0.5723024839,-0.8177203453,0.6111111111,0.608761429,-0.7933533403,0,0.02187925935,0,0,0,0,-0.5153993128,0.671242574,-0.1236171761
0.6417344179,-0.7644433486,0.7222222222,0.608761429,-0.7933533403,3.590410687e-18,0.02187925935,0,0,0,0,-0.4975471737,0.6479323656,-0.1238072204
0.5723024839,-0.8177203453,0.7777777778,0.608761429,-0.7933533403,0,0.02187925935,0,0,0,0,-0.4901479788,0.6383453047,-0.123837046
0.6417344179,-0.7644433486,0.8888888889,0.608761429,-0.7933533403,3.590410687e-18,0.02187925935,0,0,0,0,-0.4722892545,0.6150266283,-0.1239205921
0.5723024839,-0.8177203453,0.9444444444,0.608761429,-0.7933533403,0,0.02187925935,0,0,0,0,-0.4648916678,0.6054357884,-0.1239356303
0.6417344179,-0.7644433486,1.055555556,0.608761429,-0.7933533403,3.590410687e-18,0.02187925935,0,0,0,0,-0.4470335548,0.5821193321,-0.1239738795
0.5723024839,-0.8177203453,1.111111111,0.608761429,-0.7933533403,0,0.02187925935,0,0,0,0,-0.4396383501,0.5725275128,-0.1239821064
0.6417344179,-0.7644433486,1.222222222,0.608761429,-0.7933533403,3.590410687e-18,0.02187925935,0,0,0,0,-0.4217818754,0.5492150914,-0.123999605
0.5723024839,-0.8177203453,1.277777778,0.608761429,-0.7933533403,0,0.02187925935,0,0,0,0,-0.4143889353,0.5396229336,-0.1240045067
0.6417344179,-0.7644433486,1.388888889,0.608761429,-0.7933533403,3.590410687e-18,0.02187925935,0,0,0,0,-0.3965336956,0.516314253,-0.1240119382
0.5723024839,-0.8177203453,1.444444444,0.608761429,-0.7933533403,0,0.02187925935,0,0,0,0,-0.3891427584,0.5067217801,-0.1240150886
0.6417344179,-0.7644433486,1.555555556,0.608761429,-0.7933533403,3.590410687e-18,0.02187925935,0,0,0,0,-0.371288151,0.4834161928,-0.1240173024
0.5723024839,-0.8177203453,1.611111111,0.608761429,-0.7933533403,0,0.02187925935,0,0,0,0,-0.3638989934,0.4738232923,-0.1240194317
0.6417344179,-0.7644433486,1.722222222,0.608761429,-0.7933533403,3.590410687e-18,0.02187925935,0,0,0,0,-0.3460445226,0.45052024,-0.1240186743
0.5723024839,-0.8177203453,1.777777778,0.608761429,-0.7933533403,0,0.02187925935,0,0,0,0,-0.3386569858,0.4409267977,-0.1240201231
0.6417344179,-0.7644433486,1.888888889,0.608761429,-0.7933533403,3.590410687e-18,0.02187925935,0,0,0,0,-0.3208022931,0.4176258721,-0.124017424
0.5723024839,-0.8177203453,1.944444444,0.608761429,-0.7933533403,0,0.02187925935,0,0,0,0,-0.3134162662,0.408031795,-0.1240183441
0.6417344179,-0.7644433486,2.055555556,0.608761429,-0.7933533403,3.590410687e-18,0.02187925935,0,0,0,0,-0.2955610854,0.3847326913,-0.124014116
0.5723024839,-0.8177203453,2.111111111,0.608761429,-0.7933533403,0,0.02187925935,0,0,0,0,-0.2881764801,0.3751378954,-0.1240145544
0.6417344179,-0.7644433486,2.222222222,0.608761429,-0.7933533403,3.590410687e-18,0.02187925935,0,0,0,0,-0.2703205775,0.3518403447,-0.1240088199
0.5723024839,-0.8177203453,2.277777778,0.608761429,-0.7933533403,0,0.02187925935,0,0,0,0,-0.262937303,0.3422447322,-0.1240087427
0.6417344179,-0.7644433486,2.388888889,0.608761429,-0.7933533403,3.590410687e-18,0.02187925935,0,0,0,0,-0.2450804156,0.3189484314,-0.1240011384
0.5723024839,-0.8177203453,2.444444444,0.608761429,-0.7933533403,0,0.02187925935,0,0,0,0,-0.2376983536,0.3093518637,-0.1240004093
0.6417344179,-0.7644433486,2.555555556,0.608761429,-0.7933533403,3.590410687e-18,0.02187925935,0,0,0,0,-0.2198401276,0.2860564113,-0.1239899677
0.5723024839,-0.8177203453,2.611111111,0.608761429,-0.7933533403,0,0.02187925935,0,0,0,0,-0.2124591092,0.2764586802,-0.1239882673
0.6417344179,-0.7644433486,2.722222222,0.608761429,-0.7933533403,3.590410687e-18,0.02187925935,0,0,0,0,-0.1945990484,0.2531635424,-0.123972834
0.5723024839,-0.8177203453,2.777777778,0.608761429,-0.7933533403,0,0.02187925935,0,0,0,0,-0.1872188424,0.2435643548,-0.1239694664
0.6417344179,-0.7644433486,2.888888889,0.608761429,-0.7933533403,3.590410687e-18,0.02187925935,0,0,0,0,-0.169356319,0.2202689532,-0.1239443557
0.5723024839,-0.8177203453,2.944444444,0.608761429,-0.7933533403,0,0.02187925935,0,0,0,0,-0.1619766697,0.210667979,-0.1239378113
0.6417344179,-0.7644433486,3.055555556,0.608761429,-0.7933533403,3.590410687e-18,0.02187925935,0,0,0,0,-0.1441111656,0.1873721882,-0.1238926976
0.5723024839,-0.8177203453,3.111111111,0.608761429,-0.7933533403,0,0.02187925935,0,0,0,0,-0.1367319872,0.1777693367,-0.1238796367
0.6417344179,-0.7644433486,3.222222222,0.608761429,-0.7933533403,3.590410687e-18,0.02187925935,0,0,0,0,-0.1188641338,0.1544752982,-0.1237908491
0.5723024839,-0.8177203453,3.277777778,0.608761429,-0.7933533403,0,0.02187925935,0,0,0,0,-0.1114860569,0.1448718025,-0.1237636427
0.6417344179,-0.7644433486,3.388888889,0.608761429,-0.7933533403,3.590410687e-18,0.02187925935,0,0,0,0,-0.09362158914,0.1215907583,-0.1235736452
0.5723024839,-0.8177203453,3.444444444,0.608761429,-0.7933533403,0,0.02187925935,0,0,0,0,-0.08624877178,0.1119945061,-0.1235082079
0.6417344179,-0.7644433486,3.555555556,0.608761429,-0.7933533403,3.590410687e-18,0.02187925935,0,0,0,0,-0.06843293284,0.0887581983,-0.1230467054
0.5723024839,-0.8177203453,3.611111111,0.608761429,-0.7933533403,0,0.02187925935,0,0,0,0,-0.06099415206,0.07920449483,-0.1230192757
0.6417344179,-0.7644433486,3.722222222,0.608761429,-0.7933533403,3.590410687e-18,0.02187925935,0,0,0,0,-0.0434639828,0.05659631362,-0.1213094422
0.5723024839,-0.8177203453,3.777777778,0.608761429,-0.7933533403,0,0.02187925935,0,0,0,0,-0.0368421491,0.04881467215,-0.1180100785
0.6417344179,-0.7644433486,3.888888889,0.608761429,-0.7933533403,3.590410687e-18,0.02187925935,0,0,0,0,-0.02057430898,0.01846898597,-0.1347262773
0.5723024839,-0.8177203453,3.944444444,0.608761429,-0.7933533403,0,0.02187925935,0,0,0,0,-0.002950966485,0.008299056767,-0.1456815796
0.8177203453,-0.5723024839,0.05555555556,0.7933533403,-0.608761429,1.956350465e-17,0.02187925935,0,0,0,0,-0.7931400113,0.6185161093,-0.15618143
0.7644433486,-0.6417344179,0.1111111111,0.7933533403,-0.608761429,0,0.02187925935,0,0,0,0,-0.7675833909,0.5813904712,-0.1242832039
0.8177203453,-0.5723024839,0.2222222222,0.7933533403,-0.608761429,1.956350465e-17,0.02187925935,0,0,0,0,-0.7455291528,0.5716218341,-0.119658807
0.7644433486,-0.6417344179,0.2777777778,0.7933533403,-0.608761429,0,0.02187925935,0,0,0,0,-0.7367207069,0.5649208757,-0.1215317852
0.8177203453,-0.5723024839,0.3888888889,0.7933533403,-0.608761429,1.956350465e-17,0.02187925935,0,0,0,0,-0.7139982653,0.5474649111,-0.1229595296
0.7644433486,-0.6417344179,0.4444444444,0.7933533403,-0.608761429,0,0.02187925935,0,0,0,0,-0.7044163525,0.5401490102,-0.1230748476
0.8177203453,-0.5723024839,0.5555555556,0.7933533403,-0.608761429,1.956350465e-17,0.02187925935,0,0,0,0,-0.6811887601,0.5223069376,-0.1235502126
0.7644433486,-0.6417344179,0.6111111111,0.7933533403,-0.608761429,0,0.02187925935,0,0,0,0,-0.6715678691,0.5149753799,-0.1236171761
0.8177203453,-0.5723024839,0.7222222222,0.7933533403,-0.608761429,1.956350465e-17,0.02187925935,0,0,0,0,-0.648290901,0.4970799213,-0.1238072204
0.7644433486,-0.6417344179,0.7777777778,0.7933533403,-0.608761429,0,0.02187925935,0,0,0,0,-0.6386625136,0.4897345841,-0.123837046
0.8177203453,-0.5723024839,0.8888888889,0.7933533403,-0.608761429,1.956350465e-17,0.02187925935,0,0,0,0,-0.615376993,0.4718326503,-0.1239205921
0.7644433486,-0.6417344179,0.9444444444,0.7933533403,-0.608761429,0,0.02187925935,0,0,0,0,-0.6057491809,0.4644832466,-0.1239356303
0.8177203453,-0.5723024839,1.055555556,0.7933533403,-0.608761429,1.956350465e-17,0.02187925935,0,0,0,0,-0.5824648254,0.4465832991,-0.1239738795
0.7644433486,-0.6417344179,1.111111111,0.7933533403,-0.608761429,0,0.02187925935,0,0,0,0,-0.5728390608,0.4392323329,-0.1239821064
0.8177203453,-0.5723024839,1.222222222,0.7933533403,-0.608761429,1.956350465e-17,0.02187925935,0,0,0,0,-0.549557332,0.4213358587,-0.123999605
0.7644433486,-0.6417344179,1.277777778,0.7933533403,-0.608761429,0,0.02187925935,0,0,0,0,-0.5399336672,0.4139839795,-0.1240045067
0.8177203453,-0.5723024839,1.388888889,0.7933533403,-0.608761429,1.956350465e-17,0.02187925935,0,0,0,0,-0.5166540995,0.396090799,-0.1240119382
0.7644433486,-0.6417344179,1.444444444,0.7933533403,-0.608761429,0,0.02187925935,0,0,0,0,-0.5070322877,0.388738097,-0.1240150886
0.8177203453,-0.5723024839,1.555555556,0.7933533403,-0.608761429,1.956350465e-17,0.02187925935,0,0,0,0,-0.4837541314,0.3708477407,-0.1240173024
0.7644433486,-0.6417344179,1.611111111,0.7933533403,-0.608761429,0,0.02187925935,0,0,0,0,-0.474133928,0.3634941651,-0.1240194317
0.8177203453,-0.5723024839,1.722222222,0.7933533403,-0.608761429,1.956350465e-17,0.02187925935,0,0,0,0,-0.4508565597,0.3456062221,-0.1240186743
0.7644433486,-0.6417344179,1.777777778,0.7933533403,-0.608761429,0,0.02187925935,0,0,0,0,-0.4412377816,0.3382517037,-0.1240201231
0.8177203453,-0.5723024839,1.888888889,0.7933533403,-0.608761429,1.956350465e-17,0.02187925935,0,0,0,0,-0.4179607494,0.3203658724,-0.124017424
0.7644433486,-0.6417344179,1.944444444,0.7933533403,-0.608761429,0,0.02187925935,0,0,0,0,-0.4083432655,0.31301035,-0.1240183441
0.8177203453,-0.5723024839,2.055555556,0.7933533403,-0.608761429,1.956350465e-17,0.02187925935,0,0,0,0,-0.3850662334,0.2951264049,-0.124014116
0.7644433486,-0.6417344179,2.111111111,0.7933533403,-0.608761429,0,0.02187925935,0,0,0,0,-0.3754499366,0.2877698202,-0.1240145544
0.8177203453,-0.5723024839,2.222222222,0.7933533403,-0.608761429,1.956350465e-17,0.02187925935,0,0,0,0,-0.3521726092,0.269887562,-0.1240088199
0.7644433486,-0.6417344179,2.277777778,0.7933533403,-0.608761429,0,0.02187925935,0,0,0,0,-0.3425573864,0.2625298441,-0.1240087427
0.8177203453,-0.5723024839,2.388888889,0.7933533403,-0.608761429,1.956350465e-17,0.02187925935,0,0,0,0,-0.3192794314,0.244649048,-0.1240011384
0.7644433486,-0.6417344179,2.444444444,0.7933533403,-0.608761429,0,0.02187925935,0,0,0,0,-0.3096651326,0.2372900936,-0.1240004093
0.8177203453,-0.5723024839,2.555555556,0.7933533403,-0.608761429,1.956350465e-17,0.02187925935,0,0,0,0,-0.2863861041,0.2194104636,-0.1239899677
0.7644433486,-0.6417344179,2.611111111,0.7933533403,-0.608761429,0,0.02187925935,0,0,0,0,-0.2767725122,0.2120501153,-0.1239882673
0.8177203453,-0.5723024839,2.722222222,0.7933533403,-0.608761429,1.956350465e-17,0.02187925935,0,0,0,0,-0.253491793,0.194171264,-0.123972834
0.7644433486,-0.6417344179,2.777777778,0.7933533403,-0.608761429,0,0.02187925935,0,0,0,0,-0.2438786088,0.1868092987,-0.1239694664
0.8177203453,-0.5723024839,2.888888889,0.7933533403,-0.608761429,1.956350465e-17,0.02187925935,0,0,0,0,-0.2205954425,0.1689308299,-0.1239443557
0.7644433486,-0.6417344179,2.944444444,0.7933533403,-0.608761429,0,0.02187925935,0,0,0,0,-0.2109823337,0.1615669948,-0.1239378113
0.8177203453,-0.5723024839,3.055555556,0.7933533403,-0.608761429,1.956350465e-17,0.02187925935,0,0,0,0,-0.1876961876,0.1436889215,-0.1238926976
0.7644433486,-0.6417344179,3.111111111,0.7933533403,-0.608761429,0,0.02187925935,0,0,0,0,-0.1780830476,0.136323151,-0.1238796367
0.8177203453,-0.5723024839,3.222222222,0.7933533403,-0.608761429,1.956350465e-17,0.02187925935,0,0,0,0,-0.1547950858,0.1184473784,-0.1237908491
0.7644433486,-0.6417344179,3.277777778,0.7933533403,-0.608761429,0,0.02187925935,0,0,0,0,-0.1451828432,0.1110807008,-0.1237636427
0.8177203453,-0.5723024839,3.388888889,0.7933533403,-0.608761429,1.956350465e-17,0.02187925935,0,0,0,0,-0.1219015148,0.09321660337,-0.1235736452
0.7644433486,-0.6417344179,3.444444444,0.7933533403,-0.608761429,0,0.02187925935,0,0,0,0,-0.1122962273,0.08585556105,-0.1235082079
0.8177203453,-0.5723024839,3.555555556,0.7933533403,-0.608761429,1.956350465e-17,0.02187925935,0,0,0,0,-0.08907344933,0.0680220897,-0.1230467054
0.7644433486,-0.6417344179,3.611111111,0.7933533403,-0.608761429,0,0.02187925935,0,0,0,0,-0.07941545845,0.06071921892,-0.1230192757
0.8177203453,-0.5723024839,3.722222222,0.7933533403,-0.608761429,1.956350465e-17,0.02187925935,0,0,0,0,-0.05663118734,0.04341853447,-0.1213094422
0.7644433486,-0.6417344179,3.777777778,0.7933533403,-0.608761429,0,0.02187925935,0,0,0,0,-0.04822095015,0.03761590268,-0.1180100785
0.8177203453,-0.5723024839,3.888888889,0.7933533403,-0.608761429,1.956350465e-17,0.02187925935,0,0,0,0,-0.02465338172,0.01251464753,-0.1347262773
0.7644433486,-0.6417344179,3.944444444,0.7933533403,-0.608761429,0,0.02187925935,0,0,0,0,-0.004998368688,0.007252506937,-0.1456815796
0.9379799826,-0.3411601507,0.05555555556,0.9238795325,-0.3826834324,-2.025054096e-17,0.02187925935,0,0,0,0,-0.9261981696,0.3921609436,-0.15618143
0.9044886624,-0.4220153503,0.1111111111,0.9238795325,-0.3826834324,0,0.02187925935,0,0,0,0,-0.8919035477,0.362914871,-0.1242832039
0.9379799826,-0.3411601507,0.2222222222,0.9238795325,-0.3826834324,-2.025054096e-17,0.02187925935,0,0,0,0,-0.8680724802,0.359187149,-0.119658807
0.9044886624,-0.4220153503,0.2777777778,0.9238795325,-0.3826834324,0,0.02187925935,0,0,0,0,-0.8578298392,0.3549943137,-0.1215317852
0.9379799826,-0.3411601507,0.3888888889,0.9238795325,-0.3826834324,-2.025054096e-17,0.02187925935,0,0,0,0,-0.8313637099,0.3440141474,-0.1229595296
0.9044886624,-0.4220153503,0.4444444444,0.9238795325,-0.3826834324,0,0.02187925935,0,0,0,0,-0.8202147984,0.3394275113,-0.1230748476
0.9379799826,-0.3411601507,0.5555555556,0.9238795325,-0.3826834324,-2.025054096e-17,0.02187925935,0,0,0,0,-0.7931607988,0.3282051358,-0.1235502126
0.9044886624,-0.4220153503,0.6111111111,0.9238795325,-0.3826834324,0,0.02187925935,0,0,0,0,-0.7819701849,0.3236134648,-0.1236171761
0.9379799826,-0.3411601507,0.7222222222,0.9238795325,-0.3826834324,-2.025054096e-17,0.02187925935,0,0,0,0,-0.7548546748,0.3123523017,-0.1238072204
0.9044886624,-0.4220153503,0.7777777778,0.9238795325,-0.3826834324,0,0.02187925935,0,0,0,0,-0.7436532536,0.3077492609,-0.123837046
0.9379799826,-0.3411601507,0.8888888889,0.9238795325,-0.3826834324,-2.025054096e-17,0.02187925935,0,0,0,0,-0.7165278065,0.2964840569,-0.1239205921
0.9044886624,-0.4220153503,0.9444444444,0.9238795325,-0.3826834324,0,0.02187925935,0,0,0,0,-0.7053258885,0.2918769392,-0.1239356303
0.9379799826,-0.3411601507,1.055555556,0.9238795325,-0.3826834324,-2.025054096e-17,0.02187925935,0,0,0,0,-0.6782020808,0.2806133522,-0.1239738795
0.9044886624,-0.4220153503,1.111111111,0.9238795325,-0.3826834324,0,0.02187925935,0,0,0,0,-0.6670017361,0.2760041954,-0.1239821064
0.9379799826,-0.3411601507,1.222222222,0.9238795325,-0.3826834324,-2.025054096e-17,0.02187925935,0,0,0,0,-0.6398813646,0.2647432836,-0.123999605
0.9044886624,-0.4220153503,1.277777778,0.9238795325,-0.3826834324,0,0.02187925935,0,0,0,0,-0.6286828119,0.2601327013,-0.1240045067
0.9379799826,-0.3411601507,1.388888889,0.9238795325,-0.3826834324,-2.025054096e-17,0.02187925935,0,0,0,0,-0.6015653803,0.2488744116,-0.1240119382
0.9044886624,-0.4220153503,1.444444444,0.9238795325,-0.3826834324,0,0.02187925935,0,0,0,0,-0.5903684046,0.2442625551,-0.1240150886
0.9379799826,-0.3411601507,1.555555556,0.9238795325,-0.3826834324,-2.025054096e-17,0.02187925935,0,0,0,0,-0.5632530673,0.233006628,-0.1240173024
0.9044886624,-0.4220153503,1.611111111,0.9238795325,-0.3826834324,0,0.02187925935,0,0,0,0,-0.5520574188,0.2283935113,-0.1240194317
0.9379799826,-0.3411601507,1.722222222,0.9238795325,-0.3826834324,-2.025054096e-17,0.02187925935,0,0,0,0,-0.5249434674,0.2171397114,-0.1240186743
0.9044886624,-0.4220153503,1.777777778,0.9238795325,-0.3826834324,0,0.02187925935,0,0,0,0,-0.5137489518,0.2125253151,-0.1240201231
0.9379799826,-0.3411601507,1.888888889,0.9238795325,-0.3826834324,-2.025054096e-17,0.02187925935,0,0,0,0,-0.4866358714,0.2012734679,-0.124017424
0.9044886624,-0.4220153503,1.944444444,0.9238795325,-0.3826834324,0,0.02187925935,0,0,0,0,-0.475442346,0.1966577669,-0.1240183441
0.9379799826,-0.3411601507,2.055555556,0.9238795325,-0.3826834324,-2.025054096e-17,0.02187925935,0,0,0,0,-0.448329754,0.1854077417,-0.124014116
0.9044886624,-0.4220153503,2.111111111,0.9238795325,-0.3826834324,0,0.02187925935,0,0,0,0,-0.4371371003,0.1807907073,-0.1240145544
0.9379799826,-0.3411601507,2.222222222,0.9238795325,-0.3826834324,-2.025054096e-17,0.02187925935,0,0,0,0,-0.4100246596,0.1695423879,-0.1240088199
0.9044886624,-0.4220153503,2.277777778,0.9238795325,-0.3826834324,0,0.02187925935,0,0,0,0,-0.3988327501,0.1649239809,-0.1240087427
0.9379799826,-0.3411601507,2.388888889,0.9238795325,-0.3826834324,-2.025054096e-17,0.02187925935,0,0,0,0,-0.3717200816,0.1536772363,-0.1240011384
0.9044886624,-0.4220153503,2.444444444,0.9238795325,-0.3826834324,0,0.02187925935,0,0,0,0,-0.3605287445,0.1490573959,-0.1240004093
0.9379799826,-0.3411601507,2.555555556,0.9238795325,-0.3826834324,-2.025054096e-17,0.02187925935,0,0,0,0,-0.3334153409,0.1378120553,-0.1239899677
0.9044886624,-0.4220153503,2.611111111,0.9238795325,-0.3826834324,0,0.02187925935,0,0,0,0,-0.3222243259,0.1331906856,-0.1239882673
0.9379799826,-0.3411601507,2.722222222,0.9238795325,-0.3826834324,-2.025054096e-17,0.02187925935,0,0,0,0,-0.2951094907,0.1219465349,-0.123972834
0.9044886624,-0.4220153503,2.777777778,0.9238795325,-0.3826834324,0,0.02187925935,0,0,0,0,-0.283918451,0.1173234975,-0.1239694664
0.9379799826,-0.3411601507,2.888888889,0.9238795325,-0.3826834324,-2.025054096e-17,0.02187925935,0,0,0,0,-0.2568013511,0.1060803496,-0.1239443557
0.9044886624,-0.4220153503,2.944444444,0.9238795325,-0.3826834324,0,0.02187925935,0,0,0,0,-0.2456099003,0.1014554868,-0.1239378113
0.9379799826,-0.3411601507,3.055555556,0.9238795325,-0.3826834324,-2.025054096e-17,0.02187925935,0,0,0,0,-0.2184900245,0.09021349216,-0.1238926976
0.9044886624,-0.4220153503,3.111111111,0.9238795325,-0.3826834324,0,0.02187925935,0,0,0,0,-0.2072980427,0.08558676797,-0.1238796367
0.9379799826,-0.3411601507,3.222222222,0.9238795325,-0.3826834324,-2.025054096e-17,0.02187925935,0,0,0,0,-0.1801770085,0.07434746559,-0.1237908491
0.9044886624,-0.4220153503,3.277777778,0.9238795325,-0.3826834324,0,0.02187925935,0,0,0,0,-0.1689856587,0.06971963282,-0.1237636427
0.9379799826,-0.3411601507,3.388888889,0.9238795325,-0.3826834324,-2.025054096e-17,0.02187925935,0,0,0,0,-0.1418740537,0.05848989098,-0.1235736452
0.9044886624,-0.4220153503,3.444444444,0.9238795325,-0.3826834324,0,0.02187925935,0,0,0,0,-0.1306908804,0.05386570144,-0.1235082079
0.9379799826,-0.3411601507,3.555555556,0.9238795325,-0.3826834324,-2.025054096e-17,0.02187925935,0,0,0,0,-0.1036437574,0.0426503881,-0.1230467054
0.9044886624,-0.4220153503,3.611111111,0.9238795325,-0.3826834324,0,0.02187925935,0,0,0,0,-0.09242473258,0.03809602858,-0.1230192757
0.9379799826,-0.3411601507,3.722222222,0.9238795325,-0.3826834324,-2.025054096e-17,0.02187925935,0,0,0,0,-0.06593907006,0.02728185395,-0.1213094422
0.9044886624,-0.4220153503,3.777777778,0.9238795325,-0.3826834324,0,0.02187925935,0,0,0,0,-0.05631357313,0.0238536716,-0.1180100785
0.9379799826,-0.3411601507,3.888888889,0.9238795325,-0.3826834324,-2.025054096e-17,0.02187925935,0,0,0,0,-0.02705236723,0.005707456541,-0.1347262773
0.9044886624,-0.4220153503,3.944444444,0.9238795325,-0.3826834324,0,0.02187925935,0,0,0,0,-0.006705140325,0.005711710745,-0.1456815796
0.9943178342,-0.08676831703,0.05555555556,0.9914448614,-0.1305261922,5.581489933e-18,0.02187925935,0,0,0,0,-0.9961374532,0.1390806577,-0.15618143
0.9828945686,-0.1735366341,0.1111111111,0.9914448614,-0.1305261922,0,0.02187925935,0,0,0,0,-0.9554419517,0.1197072221,-0.1242832039
0.9943178342,-0.08676831703,0.2222222222,0.9914448614,-0.1305261922,5.581489933e-18,0.02187925935,0,0,0,0,-0.9314581026,0.1222744532,-0.119658807
0.9828945686,-0.1735366341,0.2777777778,0.9914448614,-0.1305261922,0,0.02187925935,0,0,0,0,-0.9204792855,0.120875476,-0.1215317852
0.9943178342,-0.08676831703,0.3888888889,0.9914448614,-0.1305261922,5.581489933e-18,0.02187925935,0,0,0,0,-0.8920730915,0.117119388,-0.1229595296
0.9828945686,-0.1735366341,0.4444444444,0.9914448614,-0.1305261922,0,0.02187925935,0,0,0,0,-0.8801169612,0.1155745884,-0.1230748476
0.9943178342,-0.08676831703,0.5555555556,0.9914448614,-0.1305261922,5.581489933e-18,0.02187925935,0,0,0,0,-0.8510802398,0.1117366964,-0.1235502126
0.9828945686,-0.1735366341,0.6111111111,0.9914448614,-0.1305261922,0,0.02187925935,0,0,0,0,-0.8390825249,0.1101978268,-0.1236171761
0.9943178342,-0.08676831703,0.7222222222,0.9914448614,-0.1305261922,5.581489933e-18,0.02187925935,0,0,0,0,-0.8099763499,0.106338389,-0.1238072204
0.9828945686,-0.1735366341,0.7777777778,0.9914448614,-0.1305261922,0,0.02187925935,0,0,0,0,-0.7979652533,0.1047913341,-0.123837046
0.9943178342,-0.08676831703,0.8888888889,0.9914448614,-0.1305261922,5.581489933e-18,0.02187925935,0,0,0,0,-0.768848434,0.1009305649,-0.1239205921
0.9828945686,-0.1735366341,0.9444444444,0.9914448614,-0.1305261922,0,0.02187925935,0,0,0,0,-0.7568358023,0.09937970076,-0.1239356303
0.9943178342,-0.08676831703,1.055555556,0.9914448614,-0.1305261922,5.581489933e-18,0.02187925935,0,0,0,0,-0.7277209852,0.09552006918,-0.1239738795
0.9828945686,-0.1735366341,1.111111111,0.9914448614,-0.1305261922,0,0.02187925935,0,0,0,0,-0.7157093454,0.09396682804,-0.1239821064
0.9943178342,-0.08676831703,1.222222222,0.9914448614,-0.1305261922,5.581489933e-18,0.02187925935,0,0,0,0,-0.6865985397,0.09010889117,-0.123999605
0.9828945686,-0.1735366341,1.277777778,0.9914448614,-0.1305261922,0,0.02187925935,0,0,0,0,-0.6745882619,0.08855380944,-0.1240045067
0.9943178342,-0.08676831703,1.388888889,0.9914448614,-0.1305261922,5.581489933e-18,0.02187925935,0,0,0,0,-0.6454809746,0.0846976444,-0.1240119382
0.9828945686,-0.1735366341,1.444444444,0.9914448614,-0.1305261922,0,0.02187925935,0,0,0,0,-0.6334718902,0.08314092359,-0.1240150886
0.9943178342,-0.08676831703,1.555555556,0.9914448614,-0.1305261922,5.581489933e-18,0.02187925935,0,0,0,0,-0.6043672374,0.07928649868,-0.1240173024
0.9828945686,-0.1735366341,1.611111111,0.9914448614,-0.1305261922,0,0.02187925935,0,0,0,0,-0.592359109,0.07772821713,-0.1240194317
0.9943178342,-0.08676831703,1.722222222,0.9914448614,-0.1305261922,5.581489933e-18,0.02187925935,0,0,0,0,-0.5632563452,0.07387548823,-0.1240186743
0.9828945686,-0.1735366341,1.777777778,0.9914448614,-0.1305261922,0,0.02187925935,0,0,0,0,-0.5512489799,0.07231567749,-0.1240201231
0.9943178342,-0.08676831703,1.888888889,0.9914448614,-0.1305261922,5.581489933e-18,0.02187925935,0,0,0,0,-0.522147563,0.06846460927,-0.124017424
0.9828945686,-0.1735366341,1.944444444,0.9914448614,-0.1305261922,0,0.02187925935,0,0,0,0,-0.5101408164,0.06690328199,-0.1240183441
0.9943178342,-0.08676831703,2.055555556,0.9914448614,-0.1305261922,5.581489933e-18,0.02187925935,0,0,0,0,-0.4810403427,0.06305384726,-0.124014116
0.9828945686,-0.1735366341,2.111111111,0.9914448614,-0.1305261922,0,0.02187925935,0,0,0,0,-0.469034093,0.06149100645,-0.1240145544
0.9943178342,-0.08676831703,2.222222222,0.9914448614,-0.1305261922,5.581489933e-18,0.02187925935,0,0,0,0,-0.4399342071,0.05764318024,-0.1240088199
0.9828945686,-0.1735366341,2.277777778,0.9914448614,-0.1305261922,0,0.02187925935,0,0,0,0,-0.4279283209,0.05607882104,-0.1240087427
0.9943178342,-0.08676831703,2.388888889,0.9914448614,-0.1305261922,5.581489933e-18,0.02187925935,0,0,0,0,-0.3988286225,0.05223257492,-0.1240011384
0.9828945686,-0.1735366341,2.444444444,0.9914448614,-0.1305261922,0,0.02187925935,0,0,0,0,-0.3868229183,0.05066668288,-0.1240004093
0.9943178342,-0.08676831703,2.555555556,0.9914448614,-0.1305261922,5.581489933e-18,0.02187925935,0,0,0,0,-0.3577228732,0.04682198324,-0.1239899677
0.9828945686,-0.1735366341,2.611111111,0.9914448614,-0.1305261922,0,0.02187925935,0,0,0,0,-0.3457170843,0.04525453066,-0.1239882673
0.9943178342,-0.08676831703,2.722222222,0.9914448614,-0.1305261922,5.581489933e-18,0.02187925935,0,0,0,0,-0.3166159644,0.04141135085,-0.123972834
0.9828945686,-0.1735366341,2.777777778,0.9914448614,-0.1305261922,0,0.02187925935,0,0,0,0,-0.30460972,0.0398422939,-0.1239694664
0.9943178342,-0.08676831703,2.888888889,0.9914448614,-0.1305261922,5.581489933e-18,0.02187925935,0,0,0,0,-0.2755066721,0.03600066892,-0.1239443557
0.9828945686,-0.1735366341,2.944444444,0.9914448614,-0.1305261922,0,0.02187925935,0,0,0,0,-0.2634995581,0.03442995502,-0.1239378113
0.9943178342,-0.08676831703,3.055555556,0.9914448614,-0.1305261922,5.581489933e-18,0.02187925935,0,0,0,0,-0.2343941274,0.03059016245,-0.1238926976
0.9828945686,-0.1735366341,3.111111111,0.9914448614,-0.1305261922,0,0.02187925935,0,0,0,0,-0.2223860188,0.0290177881,-0.1238796367
0.9943178342,-0.08676831703,3.222222222,0.9914448614,-0.1305261922,5.581489933e-18,0.02187925935,0,0,0,0,-0.1932801659,0.02518089584,-0.1237908491
0.9828945686,-0.1735366341,3.277777778,0.9914448614,-0.1305261922,0,0.02187925935,0,0,0,0,-0.1812723808,0.02360728713,-0.1237636427
0.9943178342,-0.08676831703,3.388888889,0.9914448614,-0.1305261922,5.581489933e-18,0.02187925935,0,0,0,0,-0.1521781103,0.01977718917,-0.1235736452
0.9828945686,-0.1735366341,3.444444444,0.9914448614,-0.1305261922,0,0.02187925935,0,0,0,0,-0.1401791661,0.01820498329,-0.1235082079
0.9943178342,-0.08676831703,3.555555556,0.9914448614,-0.1305261922,5.581489933e-18,0.02187925935,0,0,0,0,-0.1111509148,0.01437213304,-0.1230467054
0.9828945686,-0.1735366341,3.611111111,0.9914448614,-0.1305261922,0,0.02187925935,0,0,0,0,-0.09913541393,0.01287665686,-0.1230192757
0.9943178342,-0.08676831703,3.722222222,0.9914448614,-0.1305261922,5.581489933e-18,0.02187925935,0,0,0,0,-0.07075331412,0.009285960176,-0.1213094422
0.9828945686,-0.1735366341,3.777777778,0.9914448614,-0.1305261922,0,0.02187925935,0,0,0,0,-0.06056851916,0.008465852231,-0.1180100785
0.9943178342,-0.08676831703,3.888888889,0.9914448614,-0.1305261922,5.581489933e-18,0.02187925935,0,0,0,0,-0.02760777862,-0.001488688179,-0.1347262773
0.9828945686,-0.1735366341,3.944444444,0.9914448614,-0.1305261922,0,0.02187925935,0,0,0,0,-0.007954967729,0.003781670905,-0.1456815796
0.1098451335,0.01446138617,0,0,0,-1,0.003636102608,1,0,0,0.06162232367,0.01304009028,0.001569076324,1
0.1023593692,0.04239863894,0,0,0,-1,0.003636102608,1,0,0,0.06162232367,0.01218965314,0.004890635059,1
0.087897983,0.06744649454,0,0,0,-1,0.003636102608,1,0,0,0.06162232367,0.01050851129,0.007878905098,1
0.06744649454,0.087897983,0,0,0,-1,0.003636102608,1,0,0,0.06162232367,0.008111231757,0.01033024077,1
0.04239863894,0.1023593692,0,0,0,-1,0.003636102608,1,0,0,0.06162232367,0.005161185184,0.01207758761,1
0.01446138617,0.1098451335,0,0,0,-1,0.003636102608,1,0,0,0.06162232367,0.001859412371,0.01300186682,1
-0.01446138617,0.1098451335,0,0,0,-1,0.003636102608,1,0,0,0.06162232367,-0.001569076324,0.01304009028,1
-0.04239863894,0.1023593692,0,0,0,-1,0.003636102608,1,0,0,0.06162232367,-0.004890635059,0.01218965314,1
-0.06744649454,0.087897983,0,0,0,-1,0.003636102608,1,0,0,0.06162232367,-0.007878905098,0.01050851129,1
-0.087897983,0.06744649454,0,0,0,-1,0.003636102608,1,0,0,0.06162232367,-0.01033024077,0.008111231757,1
-0.1023593692,0.04239863894,0,0,0,-1,0.003636102608,1,0,0,0.06162232367,-0.01207758761,0.005161185184,1
-0.1098451335,0.01446138617,0,0,0,-1,0.003636102608,1,0,0,0.06162232367,-0.01300186682,0.001859412371,1
-0.1098451335,-0.01446138617,0,-0,0,-1,0.003636102608,1,0,0,0.06162232367,-0.01304009028,-0.001569076324,1
-0.1023593692,-0.04239863894,0,0,0,-1,0.003636102608,1,0,0,0.06162232367,-0.01218965314,-0.004890635059,1
-0.087897983,-0.06744649454,0,0,0,-1,0.003636102608,1,0,0,0.06162232367,-0.01050851129,-0.007878905098,1
-0.06744649454,-0.087897983,0,0,0,-1,0.003636102608,1,0,0,0.06162232367,-0.008111231757,-0.01033024077,1
-0.04239863894,-0.1023593692,0,0,0,-1,0.003636102608,1,0,0,0.06162232367,-0.005161185184,-0.01207758761,1
-0.01446138617,-0.1098451335,0,0,0,-1,0.003636102608,1,0,0,0.06162232367,-0.001859412371,-0.01300186682,1
0.01446138617,-0.1098451335,0,0,-0,-1,0.003636102608,1,0,0,0.06162232367,0.001569076324,-0.01304009028,1
0.04239863894,-0.1023593692,0,0,0,-1,0.003636102608,1,0,0,0.06162232367,0.004890635059,-0.01218965314,1
0.06744649454,-0.087897983,0,0,0,-1,0.003636102608,1,0,0,0.06162232367,0.007878905098,-0.01050851129,1
0.087897983,-0.06744649454,0,0,0,-1,0.003636102608,1,0,0,0.06162232367,0.01033024077,-0.008111231757,1
0.1023593692,-0.04239863894,0,0,0,-1,0.003636102608,1,0,0,0.06162232367,0.01207758761,-0.005161185184,1
0.1098451335,-0.01446138617,0,0,0,-1,0.003636102608,1,0,0,0.06162232367,0.01300186682,-0.001859412371,1
0.2755647725,0.02892277234,0,0,0,-1,0.007272205217,1,0,0,0.05770173197,0.03435666163,0.003590796432,1
0.2177863894,0.04338415851,0,0,0,-1,0.003636102608,1,0,0,0.0593125048,0.0249512086,0.003989599468,1
0.2586893663,0.09925866406,0,0,0,-1,0.007272205217,1,0,0,0.05770173197,0.03225662027,0.01236060137,1
0.1991368516,0.09827314449,0,0,0,-1,0.003636102608,1,0,0,0.0593125048,0.02306843246,0.01031150515,1
0.2241847072,0.1628302419,0,0,0,-1,0.007272205217,1,0,0,0.05770173197,0.02795834355,0.02028805175,1
0.1669164665,0.1464649781,0,0,0,-1,0.003636102608,1,0,0,0.0593125048,0.01961358077,0.01593069879,1
0.1744022309,0.2153052078,0,0,0,-1,0.007272205217,1,0,0,0.05770173197,0.02175475191,0.02683290493,1
0.1233210001,0.1846754655,0,0,0,-1,0.003636102608,1,0,0,0.0593125048,0.01482209596,0.02046424164,1
0.1127345307,0.2531074796,0,0,0,-1,0.007272205217,1,0,0,0.05770173197,0.01406860989,0.03154913998,1
0.07132141129,0.210300625,0,0,0,-1,0.003636102608,1,0,0,0.0593125048,0.009020509812,0.02360318024,1
0.04338415851,0.2736608949,0,0,0,-1,0.007272205217,1,0,0,0.05770173197,0.005423715346,0.03411535328,1
0.01446138617,0.2215941446,0,0,0,-1,0.003636102608,1,0,0,0.0593125048,0.002604190823,0.02513360111,1
-0.02892277234,0.2755647725,0,0,0,-1,0.007272205217,1,0,0,0.05770173197,-0.003590796432,0.03435666163,1
-0.04338415851,0.2177863894,0,-0,0,-1,0.003636102608,1,0,0,0.0593125048,-0.003989599468,0.0249512086,1
-0.09925866406,0.2586893663,0,0,0,-1,0.007272205217,1,0,0,0.05770173197,-0.01236060137,0.03225662027,1
-0.09827314449,0.1991368516,0,-0,0,-1,0.003636102608,1,0,0,0.0593125048,-0.01031150515,0.02306843246,1
-0.1628302419,0.2241847072,0,0,0,-1,0.007272205217,1,0,0,0.05770173197,-0.02028805175,0.02795834355,1
-0.1464649781,0.1669164665,0,-0,0,-1,0.003636102608,1,0,0,0.0593125048,-0.01593069879,0.01961358077,1
-0.2153052078,0.1744022309,0,0,0,-1,0.007272205217,1,0,0,0.05770173197,-0.02683290493,0.02175475191,1
-0.1846754655,0.1233210001,0,-0,0,-1,0.003636102608,1,0,0,0.0593125048,-0.02046424164,0.01482209596,1
-0.2531074796,0.1127345307,0,0,0,-1,0.007272205217,1,0,0,0.05770173197,-0.03154913998,0.01406860989,1
-0.210300625,0.07132141129,0,-0,0,-1,0.003636102608,1,0,0,0.0593125048,-0.02360318024,0.009020509812,1
-0.2736608949,0.04338415851,0,-0,0,-1,0.007272205217,1,0,0,0.05770173197,-0.03411535328,0.005423715346,1
-0.2215941446,0.01446138617,0,0,0,-1,0.003636102608,1,0,0,0.0593125048,-0.02513360111,0.002604190823,1
-0.2755647725,-0.02892277234,0,-0,0,-1,0.007272205217,1,0,0,0.05770173197,-0.03435666163,-0.003590796432,1
-0.2177863894,-0.04338415851,0,0,-0,-1,0.003636102608,1,0,0,0.0593125048,-0.0249512086,-0.003989599468,1
-0.2586893663,-0.09925866406,0,0,0,-1,0.007272205217,1,0,0,0.05770173197,-0.03225662027,-0.01236060137,1
-0.1991368516,-0.09827314449,0,0,-0,-1,0.003636102608,1,0,0,0.0593125048,-0.02306843246,-0.01031150515,1
-0.2241847072,-0.1628302419,0,0,0,-1,0.007272205217,1,0,0,0.05770173197,-0.02795834355,-0.02028805175,1
-0.1669164665,-0.1464649781,0,0,-0,-1,0.003636102608,1,0,0,0.0593125048,-0.01961358077,-0.01593069879,1
-0.1744022309,-0.2153052078,0,0,0,-1,0.007272205217,1,0,0,0.05770173197,-0.02175475191,-0.02683290493,1
-0.1233210001,-0.1846754655,0,0,-0,-1,0.003636102608,1,0,0,0.0593125048,-0.01482209596,-0.02046424164,1
-0.1127345307,-0.2531074796,0,0,0,-1,0.007272205217,1,0,0,0.05770173197,-0.01406860989,-0.03154913998,1
-0.07132141129,-0.210300625,0,0,-0,-1,0.003636102608,1,0,0,0.0593125048,-0.009020509812,-0.02360318024,1
-0.04338415851,-0.2736608949,0,0,-0,-1,0.007272205217,1,0,0,0.05770173197,-0.005423715346,-0.03411535328,1
-0.01446138617,-0.2215941446,0,0,0,-1,0.003636102608,1,0,0,0.0593125048,-0.002604190823,-0.02513360111,1
0.02892277234,-0.2755647725,0,0,-0,-1,0.007272205217,1,0,0,0.05770173197,0.003590796432,-0.03435666163,1
0.04338415851,-0.2177863894,0,0,0,-1,0.003636102608,1,0,0,0.0593125048,0.003989599468,-0.0249512086,1
0.09925866406,-0.2586893663,0,0,0,-1,0.007272205217,1,0,0,0.05770173197,0.01236060137,-0.03225662027,1
0.09827314449,-0.1991368516,0,0,0,-1,0.003636102608,1,0,0,0.0593125048,0.01031150515,-0.02306843246,1
0.1628302419,-0.2241847072,0,0,0,-1,0.007272205217,1,0,0,0.05770173197,0.02028805175,-0.02795834355,1
0.1464649781,-0.1669164665,0,0,0,-1,0.003636102608,1,0,0,0.0593125048,0.01593069879,-0.01961358077,1
0.2153052078,-0.1744022309,0,0,0,-1,0.007272205217,1,0,0,0.05770173197,0.02683290493,-0.02175475191,1
0.1846754655,-0.1233210001,0,0,0,-1,0.003636102608,1,0,0,0.0593125048,0.02046424164,-0.01482209596,1
0.2531074796,-0.1127345307,0,0,0,-1,0.007272205217,1,0,0,0.05770173197,0.03154913998,-0.01406860989,1
0.210300625,-0.07132141129,0,0,0,-1,0.003636102608,1,0,0,0.0593125048,0.02360318024,-0.009020509812,1
0.2736608949,-0.04338415851,0,0,0,-1,0.007272205217,1,0,0,0.05770173197,0.03411535328,-0.005423715346,1
0.2215941446,-0.01446138617,0,0,0,-1,0.003636102608,1,0,0,0.0593125048,0.02513360111,-0.002604190823,1
0.4412844116,0.04338415851,0,0,0,-1,0.01090830782,1,0,0,0.05017459144,0.05443518138,0.005429750706,1
0.3816021508,0.07230693086,0,0,0,-1,0.007272205217,1,0,0,0.05307148766,0.04723459867,0.007945003165,1
0.4150193634,0.1561186892,0,0,0,-1,0.01090830782,1,0,0,0.05017459144,0.05117502466,0.0193335981,1
0.349884962,0.1686090362,0,0,0,-1,0.007272205217,1,0,0,0.05307148766,0.04356880062,0.01989949747,1
0.3604714314,0.2582139892,0,0,0,-1,0.01090830782,1,0,0,0.05017459144,0.04442737458,0.03191989274,1
0.2943236913,0.2534207144,0,0,0,-1,0.007272205217,1,0,0,0.05307148766,0.03693386081,0.03049787391,1
0.2813579672,0.3427124325,0,0,0,-1,0.01090830782,1,0,0,0.05017459144,0.03465207235,0.04233089943,1
0.2187047474,0.3209621897,0,0,0,-1,0.007272205217,1,0,0,0.05307148766,0.02778193941,0.03901787064,1
0.1830704224,0.40385559,0,0,0,-1,0.01090830782,1,0,0,0.05017459144,0.02251528864,0.04985712529,1
0.1281814364,0.3666306222,0,0,0,-1,0.007272205217,1,0,0,0.05307148766,0.01673672476,0.04487886397,1
0.07230693086,0.4374766563,0,0,0,-1,0.01090830782,1,0,0,0.05017459144,0.008844125229,0.05398567045,1
0.02892277234,0.3873137836,0,0,0,-1,0.007272205217,1,0,0,0.05307148766,0.004550929977,0.04768143688,1
-0.04338415851,0.4412844116,0,0,0,-1,0.01090830782,1,0,0,0.05017459144,-0.005429750706,0.05443518138,1
-0.07230693086,0.3816021508,0,-0,0,-1,0.007272205217,1,0,0,0.05307148766,-0.007945003165,0.04723459867,1
-0.1561186892,0.4150193634,0,0,0,-1,0.01090830782,1,0,0,0.05017459144,-0.0193335981,0.05117502466,1
-0.1686090362,0.349884962,0,-0,0,-1,0.007272205217,1,0,0,0.05307148766,-0.01989949747,0.04356880062,1
-0.2582139892,0.3604714314,0,0,0,-1,0.01090830782,1,0,0,0.05017459144,-0.03191989274,0.04442737458,1
-0.2534207144,0.2943236913,0,-0,0,-1,0.007272205217,1,0,0,0.05307148766,-0.03049787391,0.03693386081,1
-0.3427124325,0.2813579672,0,0,0,-1,0.01090830782,1,0,0,0.05017459144,-0.04233089943,0.03465207235,1
-0.3209621897,0.2187047474,0,-0,0,-1,0.007272205217,1,0,0,0.05307148766,-0.03901787064,0.02778193941,1
-0.40385559,0.1830704224,0,-0,0,-1,0.01090830782,1,0,0,0.05017459144,-0.04985712529,0.02251528864,1
-0.3666306222,0.1281814364,0,0,0,-1,0.007272205217,1,0,0,0.05307148766,-0.04487886397,0.01673672476,1
-0.4374766563,0.07230693086,0,-0,0,-1,0.01090830782,1,0,0,0.05017459144,-0.05398567045,0.008844125229,1
-0.3873137836,0.02892277234,0,0,0,-1,0.007272205217,1,0,0,0.05307148766,-0.04768143688,0.004550929977,1
-0.4412844116,-0.04338415851,0,-0,0,-1,0.01090830782,1,0,0,0.05017459144,-0.05443518138,-0.005429750706,1
-0.3816021508,-0.07230693086,0,0,-0,-1,0.007272205217,1,0,0,0.05307148766,-0.04723459867,-0.007945003165,1
-0.4150193634,-0.1561186892,0,0,0,-1,0.01090830782,1,0,0,0.05017459144,-0.05117502466,-0.0193335981,1
-0.349884962,-0.1686090362,0,0,-0,-1,0.007272205217,1,0,0,0.05307148766,-0.04356880062,-0.01989949747,1
-0.3604714314,-0.2582139892,0,0,0,-1,0.01090830782,1,0,0,0.05017459144,-0.04442737458,-0.03191989274,1
-0.2943236913,-0.2534207144,0,0,-0,-1,0.007272205217,1,0,0,0.05307148766,-0.03693386081,-0.03049787391,1
-0.2813579672,-0.3427124325,0,0,0,-1,0.01090830782,1,0,0,0.05017459144,-0.03465207235,-0.04233089943,1
-0.2187047474,-0.3209621897,0,0,-0,-1,0.007272205217,1,0,0,0.05307148766,-0.02778193941,-0.03901787064,1
-0.1830704224,-0.40385559,0,0,-0,-1,0.01090830782,1,0,0,0.05017459144,-0.02251528864,-0.04985712529,1
-0.1281814364,-0.3666306222,0,0,0,-1,0.007272205217,1,0,0,0.05307148766,-0.01673672476,-0.04487886397,1
-0.07230693086,-0.4374766563,0,0,-0,-1,0.01090830782,1,0,0,0.05017459144,-0.008844125229,-0.05398567045,1
-0.02892277234,-0.3873137836,0,0,0,-1,0.007272205217,1,0,0,0.05307148766,-0.004550929977,-0.04768143688,1
0.04338415851,-0.4412844116,0,0,-0,-1,0.01090830782,1,0,0,0.05017459144,0.005429750706,-0.05443518138,1
0.07230693086,-0.3816021508,0,0,0,-1,0.007272205217,1,0,0,0.05307148766,0.007945003165,-0.04723459867,1
0.1561186892,-0.4150193634,0,0,0,-1,0.01090830782,1,0,0,0.05017459144,0.0193335981,-0.05117502466,1
0.1686090362,-0.349884962,0,0,0,-1,0.007272205217,1,0,0,0.05307148766,0.01989949747,-0.04356880062,1
0.2582139892,-0.3604714314,0,0,0,-1,0.01090830782,1,0,0,0.05017459144,0.03191989274,-0.04442737458,1
0.2534207144,-0.2943236913,0,0,0,-1,0.007272205217,1,0,0,0.05307148766,0.03049787391,-0.03693386081,1
0.3427124325,-0.2813579672,0,0,0,-1,0.01090830782,1,0,0,0.05017459144,0.04233089943,-0.03465207235,1
0.3209621897,-0.2187047474,0,0,0,-1,0.007272205217,1,0,0,0.05307148766,0.03901787064,-0.02778193941,1
0.40385559,-0.1830704224,0,0,0,-1,0.01090830782,1,0,0,0.05017459144,0.04985712529,-0.02251528864,1
0.3666306222,-0.1281814364,0,0,0,-1,0.007272205217,1,0,0,0.05307148766,0.04487886397,-0.01673672476,1
0.4374766563,-0.07230693086,0,0,0,-1,0.01090830782,1,0,0,0.05017459144,0.05398567045,-0.008844125229,1
0.3873137836,-0.02892277234,0,0,0,-1,0.007272205217,1,0,0,0.05307148766,0.04768143688,-0.004550929977,1
0.6070040506,0.05784554469,0,0,0,-1,0.01454441043,1,0,0,0.03914857997,0.07475030077,0.007295353269,1
0.5454179122,0.1012297032,0,0,0,-1,0.01090830782,1,0,0,0.04318386769,0.06862682878,0.01149116038,1
0.5713493605,0.2129787143,0,0,0,-1,0.01454441043,1,0,0,0.03914857997,0.07031506967,0.0263935716,1
0.5006330724,0.2389449279,0,0,0,-1,0.01090830782,1,0,0,0.04318386769,0.06331429514,0.02886153888,1
0.4967581557,0.3535977365,0,0,0,-1,0.01454441043,1,0,0,0.03914857997,0.06108798277,0.04369311165,1
0.4217309161,0.3603764507,0,0,0,-1,0.01090830782,1,0,0,0.04318386769,0.05368699691,0.0442650512,1
0.3883137035,0.4701196573,0,0,0,-1,0.01454441043,1,0,0,0.03914857997,0.0476978508,0.05801503834,1
0.3140884947,0.4572489139,0,0,0,-1,0.01090830782,1,0,0,0.04318386769,0.04040101857,0.05665197343,1
0.2534063141,0.5546037004,0,0,0,-1,0.01454441043,1,0,0,0.03914857997,0.03105718912,0.06838333604,1
0.1850414615,0.5229606193,0,0,0,-1,0.01090830782,1,0,0,0.04318386769,0.02436177758,0.0651781573,1
0.1012297032,0.6012924178,0,0,0,-1,0.01454441043,1,0,0,0.03914857997,0.01230003133,0.0740914224,1
0.04338415851,0.5530334226,0,0,0,-1,0.01090830782,1,0,0,0.04318386769,0.006662321704,0.06926255745,1
-0.05784554469,0.6070040506,0,0,0,-1,0.01454441043,1,0,0,0.03914857997,-0.007295353269,0.07475030077,1
-0.1012297032,0.5454179122,0,-0,0,-1,0.01090830782,1,0,0,0.04318386769,-0.01149116038,0.06862682878,1
-0.2129787143,0.5713493605,0,0,0,-1,0.01454441043,1,0,0,0.03914857997,-0.0263935716,0.07031506967,1
-0.2389449279,0.5006330724,0,-0,0,-1,0.01090830782,1,0,0,0.04318386769,-0.02886153888,0.06331429514,1
-0.3535977365,0.4967581557,0,0,0,-1,0.01454441043,1,0,0,0.03914857997,-0.04369311165,0.06108798277,1
-0.3603764507,0.4217309161,0,-0,0,-1,0.01090830782,1,0,0,0.04318386769,-0.0442650512,0.05368699691,1
-0.4701196573,0.3883137035,0,-0,0,-1,0.01454441043,1,0,0,0.03914857997,-0.05801503834,0.0476978508,1
-0.4572489139,0.3140884947,0,0,0,-1,0.01090830782,1,0,0,0.04318386769,-0.05665197343,0.04040101857,1
-0.5546037004,0.2534063141,0,-0,0,-1,0.01454441043,1,0,0,0.03914857997,-0.06838333604,0.03105718912,1
-0.5229606193,0.1850414615,0,0,0,-1,0.01090830782,1,0,0,0.04318386769,-0.0651781573,0.02436177758,1
-0.6012924178,0.1012297032,0,-0,0,-1,0.01454441043,1,0,0,0.03914857997,-0.0740914224,0.01230003133,1
-0.5530334226,0.04338415851,0,0,0,-1,0.01090830782,1,0,0,0.04318386769,-0.06926255745,0.006662321704,1
-0.6070040506,-0.05784554469,0,-0,0,-1,0.01454441043,1,0,0,0.03914857997,-0.07475030077,-0.007295353269,1
-0.5454179122,-0.1012297032,0,0,-0,-1,0.01090830782,1,0,0,0.04318386769,-0.06862682878,-0.01149116038,1
-0.5713493605,-0.2129787143,0,0,0,-1,0.01454441043,1,0,0,0.03914857997,-0.07031506967,-0.0263935716,1
-0.5006330724,-0.2389449279,0,0,-0,-1,0.01090830782,1,0,0,0.04318386769,-0.06331429514,-0.02886153888,1
-0.4967581557,-0.3535977365,0,0,0,-1,0.01454441043,1,0,0,0.03914857997,-0.06108798277,-0.04369311165,1
-0.4217309161,-0.3603764507,0,0,-0,-1,0.01090830782,1,0,0,0.04318386769,-0.05368699691,-0.0442650512,1
-0.3883137035,-0.4701196573,0,0,-0,-1,0.01454441043,1,0,0,0.03914857997,-0.0476978508,-0.05801503834,1
-0.3140884947,-0.4572489139,0,0,0,-1,0.01090830782,1,0,0,0.04318386769,-0.04040101857,-0.05665197343,1
-0.2534063141,-0.5546037004,0,0,-0,-1,0.01454441043,1,0,0,0.03914857997,-0.03105718912,-0.06838333604,1
-0.1850414615,-0.5229606193,0,0,0,-1,0.01090830782,1,0,0,0.04318386769,-0.02436177758,-0.0651781573,1
-0.1012297032,-0.6012924178,0,0,-0,-1,0.01454441043,1,0,0,0.03914857997,-0.01230003133,-0.0740914224,1
-0.04338415851,-0.5530334226,0,0,0,-1,0.01090830782,1,0,0,0.04318386769,-0.006662321704,-0.06926255745,1
0.05784554469,-0.6070040506,0,0,-0,-1,0.01454441043,1,0,0,0.03914857997,0.007295353269,-0.07475030077,1
0.1012297032,-0.5454179122,0,0,0,-1,0.01090830782,1,0,0,0.04318386769,0.01149116038,-0.06862682878,1
0.2129787143,-0.5713493605,0,0,0,-1,0.01454441043,1,0,0,0.03914857997,0.0263935716,-0.07031506967,1
0.2389449279,-0.5006330724,0,0,0,-1,0.01090830782,1,0,0,0.04318386769,0.02886153888,-0.06331429514,1
0.3535977365,-0.4967581557,0,0,0,-1,0.01454441043,1,0,0,0.03914857997,0.04369311165,-0.06108798277,1
0.3603764507,-0.4217309161,0,0,0,-1,0.01090830782,1,0,0,0.04318386769,0.0442650512,-0.05368699691,1
0.4701196573,-0.3883137035,0,0,0,-1,0.01454441043,1,0,0,0.03914857997,0.05801503834,-0.0476978508,1
0.4572489139,-0.3140884947,0,0,0,-1,0.01090830782,1,0,0,0.04318386769,0.05665197343,-0.04040101857,1
0.5546037004,-0.2534063141,0,0,0,-1,0.01454441043,1,0,0,0.03914857997,0.06838333604,-0.03105718912,1
0.5229606193,-0.1850414615,0,0,0,-1,0.01090830782,1,0,0,0.04318386769,0.0651781573,-0.02436177758,1
0.6012924178,-0.1012297032,0,0,0,-1,0.01454441043,1,0,0,0.03914857997,0.0740914224,-0.01230003133,1
0.5530334226,-0.04338415851,0,0,0,-1,0.01090830782,1,0,0,0.04318386769,0.06926255745,-0.006662321704,1
0.7727236896,0.07230693086,0,0,0,-1,0.01818051304,1,0,0,0.0245766209,0.09513309755,0.008993037671,1
0.7092336736,0.1301524755,0,0,0,-1,0.01454441043,1,0,0,0.02978362184,0.08943221859,0.01504825001,1
0.7276793576,0.2698387394,0,0,0,-1,0.01818051304,1,0,0,0.0245766209,0.08956394643,0.03330886481,1
0.6513811828,0.3092808196,0,0,0,-1,0.01454441043,1,0,0,0.02978362184,0.08249011594,0.03768225474,1
0.6330448799,0.4489814838,0,0,0,-1,0.01818051304,1,0,0,0.0245766209,0.07789116038,0.05535474785,1
0.5491381408,0.467332187,0,0,0,-1,0.01454441043,1,0,0,0.02978362184,0.06992644821,0.05774827609,1
0.4952694398,0.597526882,0,0,0,-1,0.01818051304,1,0,0,0.0245766209,0.06091022047,0.07362829631,1
0.409472242,0.5935356381,0,0,0,-1,0.01454441043,1,0,0,0.02978362184,0.05259740859,0.07387884785,1
0.3237422058,0.7053518107,0,0,0,-1,0.01818051304,1,0,0,0.0245766209,0.03977834969,0.08688419805,1
0.2419014866,0.6792906164,0,0,0,-1,0.01454441043,1,0,0,0.02978362184,0.0316839425,0.08497469822,1
0.1301524755,0.7651081792,0,0,0,-1,0.01818051304,1,0,0,0.0245766209,0.01593565012,0.09421908528,1
0.05784554469,0.7187530617,0,0,0,-1,0.01454441043,1,0,0,0.02978362184,0.00861126809,0.09027966333,1
-0.07230693086,0.7727236896,0,0,0,-1,0.01818051304,1,0,0,0.0245766209,-0.008993037671,0.09513309755,1
-0.1301524755,0.7092336736,0,-0,0,-1,0.01454441043,1,0,0,0.02978362184,-0.01504825001,0.08943221859,1
-0.2698387394,0.7276793576,0,0,0,-1,0.01818051304,1,0,0,0.0245766209,-0.03330886481,0.08956394643,1
-0.3092808196,0.6513811828,0,-0,0,-1,0.01454441043,1,0,0,0.02978362184,-0.03768225474,0.08249011594,1
-0.4489814838,0.6330448799,0,0,0,-1,0.01818051304,1,0,0,0.0245766209,-0.05535474785,0.07789116038,1
-0.467332187,0.5491381408,0,-0,0,-1,0.01454441043,1,0,0,0.02978362184,-0.05774827609,0.06992644821,1
-0.597526882,0.4952694398,0,-0,0,-1,0.01818051304,1,0,0,0.0245766209,-0.07362829631,0.06091022047,1
-0.5935356381,0.409472242,0,0,0,-1,0.01454441043,1,0,0,0.02978362184,-0.07387884785,0.05259740859,1
-0.7053518107,0.3237422058,0,-0,0,-1,0.01818051304,1,0,0,0.0245766209,-0.08688419805,0.03977834969,1
-0.6792906164,0.2419014866,0,0,0,-1,0.01454441043,1,0,0,0.02978362184,-0.08497469822,0.0316839425,1
-0.7651081792,0.1301524755,0,-0,0,-1,0.01818051304,1,0,0,0.0245766209,-0.09421908528,0.01593565012,1
-0.7187530617,0.05784554469,0,0,0,-1,0.01454441043,1,0,0,0.02978362184,-0.09027966333,0.00861126809,1
-0.7727236896,-0.07230693086,0,-0,0,-1,0.01818051304,1,0,0,0.0245766209,-0.09513309755,-0.008993037671,1
-0.7092336736,-0.1301524755,0,0,-0,-1,0.01454441043,1,0,0,0.02978362184,-0.08943221859,-0.01504825001,1
-0.7276793576,-0.2698387394,0,0,0,-1,0.01818051304,1,0,0,0.0245766209,-0.08956394643,-0.03330886481,1
-0.6513811828,-0.3092808196,0,0,-0,-1,0.01454441043,1,0,0,0.02978362184,-0.08249011594,-0.03768225474,1
-0.6330448799,-0.4489814838,0,0,0,-1,0.01818051304,1,0,0,0.0245766209,-0.07789116038,-0.05535474785,1
-0.5491381408,-0.467332187,0,0,-0,-1,0.01454441043,1,0,0,0.02978362184,-0.06992644821,-0.05774827609,1
-0.4952694398,-0.597526882,0,0,-0,-1,0.01818051304,1,0,0,0.0245766209,-0.06091022047,-0.07362829631,1
-0.409472242,-0.5935356381,0,0,0,-1,0.01454441043,1,0,0,0.02978362184,-0.05259740859,-0.07387884785,1
-0.3237422058,-0.7053518107,0,0,-0,-1,0.01818051304,1,0,0,0.0245766209,-0.03977834969,-0.08688419805,1
-0.2419014866,-0.6792906164,0,0,0,-1,0.01454441043,1,0,0,0.02978362184,-0.0316839425,-0.08497469822,1
-0.1301524755,-0.7651081792,0,0,-0,-1,0.01818051304,1,0,0,0.0245766209,-0.01593565012,-0.09421908528,1
-0.05784554469,-0.7187530617,0,0,0,-1,0.01454441043,1,0,0,0.02978362184,-0.00861126809,-0.09027966333,1
0.07230693086,-0.7727236896,0,0,-0,-1,0.01818051304,1,0,0,0.0245766209,0.008993037671,-0.09513309755,1
0.1301524755,-0.7092336736,0,0,0,-1,0.01454441043,1,0,0,0.02978362184,0.01504825001,-0.08943221859,1
0.2698387394,-0.7276793576,0,0,0,-1,0.01818051304,1,0,0,0.0245766209,0.03330886481,-0.08956394643,1
0.3092808196,-0.6513811828,0,0,0,-1,0.01454441043,1,0,0,0.02978362184,0.03768225474,-0.08249011594,1
0.4489814838,-0.6330448799,0,0,0,-1,0.01818051304,1,0,0,0.0245766209,0.05535474785,-0.07789116038,1
0.467332187,-0.5491381408,0,0,0,-1,0.01454441043,1,0,0,0.02978362184,0.05774827609,-0.06992644821,1
0.597526882,-0.4952694398,0,0,0,-1,0.01818051304,1,0,0,0.0245766209,0.07362829631,-0.06091022047,1
0.5935356381,-0.409472242,0,0,0,-1,0.01454441043,1,0,0,0.02978362184,0.07387884785,-0.05259740859,1
0.7053518107,-0.3237422058,0,0,0,-1,0.01818051304,1,0,0,0.0245766209,0.08688419805,-0.03977834969,1
0.6792906164,-0.2419014866,0,0,0,-1,0.01454441043,1,0,0,0.02978362184,0.08497469822,-0.0316839425,1
0.7651081792,-0.1301524755,0,0,0,-1,0.01818051304,1,0,0,0.0245766209,0.09421908528,-0.01593565012,1
0.7187530617,-0.05784554469,0,0,0,-1,0.01454441043,1,0,0,0.02978362184,0.09027966333,-0.00861126809,1
0.9384433287,0.08676831703,0,0,0,-1,0.02181661565,1,0,0,0.006155423431,0.1222124022,0.01153399806,1
0.8730494351,0.1590752479,0,0,0,-1,0.01818051304,1,0,0,0.01269050906,0.1147987914,0.01854431056,1
0.8840093547,0.3266987645,0,0,0,-1,0.02181661565,1,0,0,0.006155423431,0.1150628972,0.04277188383,1
0.8021292932,0.3796167114,0,0,0,-1,0.01818051304,1,0,0,0.01269050906,0.1060874967,0.04762454208,1
0.7693316041,0.5443652311,0,0,0,-1,0.02181661565,1,0,0,0.006155423431,0.1000720459,0.07109493641,1
0.6765453656,0.5742879233,0,0,0,-1,0.01818051304,1,0,0,0.01269050906,0.09014651443,0.07345923976,1
0.6022251761,0.7249341068,0,0,0,-1,0.02181661565,1,0,0,0.006155423431,0.07826145008,0.09457298656,1
0.5048559893,0.7298223623,0,0,0,-1,0.01818051304,1,0,0,0.01269050906,0.06806219615,0.09428781165,1
0.3940780975,0.8560999211,0,0,0,-1,0.02181661565,1,0,0,0.006155423431,0.05111746576,0.111606044,1
0.2987615118,0.8356206135,0,0,0,-1,0.01818051304,1,0,0,0.01269050906,0.04133955168,0.108690825,1
0.1590752479,0.9289239406,0,0,0,-1,0.02181661565,1,0,0,0.006155423431,0.02048991062,0.1210333339,1
0.07230693086,0.8844727007,0,0,0,-1,0.01818051304,1,0,0,0.01269050906,0.01179968508,0.1156867382,1
-0.08676831703,0.9384433287,0,0,0,-1,0.02181661565,1,0,0,0.006155423431,-0.01153399806,0.1222124022,1
-0.1590752479,0.8730494351,0,-0,0,-1,0.01818051304,1,0,0,0.01269050906,-0.01854431056,0.1147987914,1
-0.3266987645,0.8840093547,0,0,0,-1,0.02181661565,1,0,0,0.006155423431,-0.04277188383,0.1150628972,1
-0.3796167114,0.8021292932,0,-0,0,-1,0.01818051304,1,0,0,0.01269050906,-0.04762454208,0.1060874967,1
-0.5443652311,0.7693316041,0,-0,0,-1,0.02181661565,1,0,0,0.006155423431,-0.07109493641,0.1000720459,1
-0.5742879233,0.6765453656,0,0,0,-1,0.01818051304,1,0,0,0.01269050906,-0.07345923976,0.09014651443,1
-0.7249341068,0.6022251761,0,-0,0,-1,0.02181661565,1,0,0,0.006155423431,-0.09457298656,0.07826145008,1
-0.7298223623,0.5048559893,0,0,0,-1,0.01818051304,1,0,0,0.01269050906,-0.09428781165,0.06806219615,1
-0.8560999211,0.3940780975,0,-0,0,-1,0.02181661565,1,0,0,0.006155423431,-0.111606044,0.05111746576,1
-0.8356206135,0.2987615118,0,0,0,-1,0.01818051304,1,0,0,0.01269050906,-0.108690825,0.04133955168,1
-0.9289239406,0.1590752479,0,-0,0,-1,0.02181661565,1,0,0,0.006155423431,-0.1210333339,0.02048991062,1
-0.8844727007,0.07230693086,0,0,0,-1,0.01818051304,1,0,0,0.01269050906,-0.1156867382,0.01179968508,1
-0.9384433287,-0.08676831703,0,-0,0,-1,0.02181661565,1,0,0,0.006155423431,-0.1222124022,-0.01153399806,1
-0.8730494351,-0.1590752479,0,0,-0,-1,0.01818051304,1,0,0,0.01269050906,-0.1147987914,-0.01854431056,1
-0.8840093547,-0.3266987645,0,0,0,-1,0.02181661565,1,0,0,0.006155423431,-0.1150628972,-0.04277188383,1
-0.8021292932,-0.3796167114,0,0,-0,-1,0.01818051304,1,0,0,0.01269050906,-0.1060874967,-0.04762454208,1
-0.7693316041,-0.5443652311,0,0,-0,-1,0.02181661565,1,0,0,0.006155423431,-0.1000720459,-0.07109493641,1
-0.6765453656,-0.5742879233,0,0,0,-1,0.01818051304,1,0,0,0.01269050906,-0.09014651443,-0.07345923976,1
-0.6022251761,-0.7249341068,0,0,-0,-1,0.02181661565,1,0,0,0.006155423431,-0.07826145008,-0.09457298656,1
-0.5048559893,-0.7298223623,0,0,0,-1,0.01818051304,1,0,0,0.01269050906,-0.06806219615,-0.09428781165,1
-0.3940780975,-0.8560999211,0,0,-0,-1,0.02181661565,1,0,0,0.006155423431,-0.05111746576,-0.111606044,1
-0.2987615118,-0.8356206135,0,0,0,-1,0.01818051304,1,0,0,0.01269050906,-0.04133955168,-0.108690825,1
-0.1590752479,-0.9289239406,0,0,-0,-1,0.02181661565,1,0,0,0.006155423431,-0.02048991062,-0.1210333339,1
-0.07230693086,-0.8844727007,0,0,0,-1,0.01818051304,1,0,0,0.01269050906,-0.01179968508,-0.1156867382,1
0.08676831703,-0.9384433287,0,0,-0,-1,0.02181661565,1,0,0,0.006155423431,0.01153399806,-0.1222124022,1
0.1590752479,-0.8730494351,0,0,0,-1,0.01818051304,1,0,0,0.01269050906,0.01854431056,-0.1147987914,1
0.3266987645,-0.8840093547,0,0,0,-1,0.02181661565,1,0,0,0.006155423431,0.04277188383,-0.1150628972,1
0.3796167114,-0.8021292932,0,0,0,-1,0.01818051304,1,0,0,0.01269050906,0.04762454208,-0.1060874967,1
0.5443652311,-0.7693316041,0,0,0,-1,0.02181661565,1,0,0,0.006155423431,0.07109493641,-0.1000720459,1
0.5742879233,-0.6765453656,0,0,0,-1,0.01818051304,1,0,0,0.01269050906,0.07345923976,-0.09014651443,1
0.7249341068,-0.6022251761,0,0,0,-1,0.02181661565,1,0,0,0.006155423431,0.09457298656,-0.07826145008,1
0.7298223623,-0.5048559893,0,0,0,-1,0.01818051304,1,0,0,0.01269050906,0.09428781165,-0.06806219615,1
0.8560999211,-0.3940780975,0,0,0,-1,0.02181661565,1,0,0,0.006155423431,0.111606044,-0.05111746576,1
0.8356206135,-0.2987615118,0,0,0,-1,0.01818051304,1,0,0,0.01269050906,0.108690825,-0.04133955168,1
0.9289239406,-0.1590752479,0,0,0,-1,0.02181661565,1,0,0,0.006155423431,0.1210333339,-0.02048991062,1
0.8844727007,-0.07230693086,0,0,0,-1,0.01818051304,1,0,0,0.01269050906,0.1156867382,-0.01179968508,1
0.1098451335,0.01446138617,4,0,0,1,0.003636102608,2,0,0,0.06169044754,-0.01303204971,-0.001571481565,-0
0.1023593692,0.04239863894,4,0,0,1,0.003636102608,2,0,0,0.06169044754,-0.01218126403,-0.004890877291,-0
0.087897983,0.06744649454,4,0,0,1,0.003636102608,2,0,0,0.06169044754,-0.01050034533,-0.007876967813,-0
0.06744649454,0.087897983,4,0,0,1,0.003636102608,2,0,0,0.06169044754,-0.008103845453,-0.010326256,-0
0.04239863894,0.1023593692,4,0,0,1,0.003636102608,2,0,0,0.06169044754,-0.0051550819,-0.0120718269,-0
0.01446138617,0.1098451335,4,0,0,1,0.003636102608,2,0,0,0.06169044754,-0.001855008033,-0.01299472274,-0
-0.01446138617,0.1098451335,4,0,-0,1,0.003636102608,2,0,0,0.06169044754,0.001571481565,-0.01303204971,-0
-0.04239863894,0.1023593692,4,0,0,1,0.003636102608,2,0,0,0.06169044754,0.004890877291,-0.01218126403,-0
-0.06744649454,0.087897983,4,0,0,1,0.003636102608,2,0,0,0.06169044754,0.007876967813,-0.01050034533,-0
-0.087897983,0.06744649454,4,0,0,1,0.003636102608,2,0,0,0.06169044754,0.010326256,-0.008103845453,-0
-0.1023593692,0.04239863894,4,0,0,1,0.003636102608,2,0,0,0.06169044754,0.0120718269,-0.0051550819,-0
-0.1098451335,0.01446138617,4,0,0,1,0.003636102608,2,0,0,0.06169044754,0.01299472274,-0.001855008033,-0
-0.1098451335,-0.01446138617,4,0,0,1,0.003636102608,2,0,0,0.06169044754,0.01303204971,0.001571481565,-0
-0.1023593692,-0.04239863894,4,0,0,1,0.003636102608,2,0,0,0.06169044754,0.01218126403,0.004890877291,-0
-0.087897983,-0.06744649454,4,0,0,1,0.003636102608,2,0,0,0.06169044754,0.01050034533,0.007876967813,-0
-0.06744649454,-0.087897983,4,0,0,1,0.003636102608,2,0,0,0.06169044754,0.008103845453,0.010326256,-0
-0.04239863894,-0.1023593692,4,0,0,1,0.003636102608,2,0,0,0.06169044754,0.0051550819,0.0120718269,-0
-0.01446138617,-0.1098451335,4,0,0,1,0.003636102608,2,0,0,0.06169044754,0.001855008033,0.01299472274,-0
0.01446138617,-0.1098451335,4,0,0,1,0.003636102608,2,0,0,0.06169044754,-0.001571481565,0.01303204971,-0
0.04239863894,-0.1023593692,4,0,0,1,0.003636102608,2,0,0,0.06169044754,-0.004890877291,0.01218126403,-0
0.06744649454,-0.087897983,4,0,0,1,0.003636102608,2,0,0,0.06169044754,-0.007876967813,0.01050034533,-0
0.087897983,-0.06744649454,4,0,0,1,0.003636102608,2,0,0,0.06169044754,-0.010326256,0.008103845453,-0
0.1023593692,-0.04239863894,4,0,0,1,0.003636102608,2,0,0,0.06169044754,-0.0120718269,0.0051550819,-0
0.1098451335,-0.01446138617,4,-0,0,1,0.003636102608,2,0,0,0.06169044754,-0.01299472274,0.001855008033,-0
0.2755647725,0.02892277234,4,0,0,1,0.007272205217,2,0,0,0.05764631786,-0.03433438795,-0.003598680696,-0
0.2177863894,0.04338415851,4,0,-0,1,0.003636102608,2,0,0,0.05936830808,-0.02493561493,-0.00399241626,-0
0.2586893663,0.09925866406,4,0,0,1,0.007272205217,2,0,0,0.05764631786,-0.03223306495,-0.01236245213,-0
0.1991368516,0.09827314449,4,0,-0,1,0.003636102608,2,0,0,0.05936830808,-0.02305264109,-0.01031019002,-0
0.2241847072,0.1628302419,4,0,0,1,0.007272205217,2,0,0,0.05764631786,-0.02793511184,-0.02028374288,-0
0.1669164665,0.1464649781,4,0,-0,1,0.003636102608,2,0,0,0.05936830808,-0.01959866786,-0.01592534137,-0
0.1744022309,0.2153052078,4,0,0,1,0.007272205217,2,0,0,0.05764631786,-0.02173342702,-0.02682273007,-0
0.1233210001,0.1846754655,4,0,-0,1,0.003636102608,2,0,0,0.05936830808,-0.0148090778,-0.02045520702,-0
0.1127345307,0.2531074796,4,0,0,1,0.007272205217,2,0,0,0.05764631786,-0.01405064507,-0.03153379253,-0
0.07132141129,0.210300625,4,0,-0,1,0.003636102608,2,0,0,0.05936830808,-0.009010273561,-0.02359108412,-0
0.04338415851,0.2736608949,4,0,-0,1,0.007272205217,2,0,0,0.05764631786,-0.005410334878,-0.03409587915,-0
0.01446138617,0.2215941446,4,0,0,1,0.003636102608,2,0,0,0.05936830808,-0.00259743407,-0.02511926782,-0
-0.02892277234,0.2755647725,4,0,-0,1,0.007272205217,2,0,0,0.05764631786,0.003598680696,-0.03433438795,-0
-0.04338415851,0.2177863894,4,0,0,1,0.003636102608,2,0,0,0.05936830808,0.00399241626,-0.02493561493,-0
-0.09925866406,0.2586893663,4,0,0,1,0.007272205217,2,0,0,0.05764631786,0.01236245213,-0.03223306495,-0
-0.09827314449,0.1991368516,4,0,0,1,0.003636102608,2,0,0,0.05936830808,0.01031019002,-0.02305264109,-0
-0.1628302419,0.2241847072,4,0,0,1,0.007272205217,2,0,0,0.05764631786,0.02028374288,-0.02793511184,-0
-0.1464649781,0.1669164665,4,0,0,1,0.003636102608,2,0,0,0.05936830808,0.01592534137,-0.01959866786,-0
-0.2153052078,0.1744022309,4,0,0,1,0.007272205217,2,0,0,0.05764631786,0.02682273007,-0.02173342702,-0
-0.1846754655,0.1233210001,4,0,0,1,0.003636102608,2,0,0,0.05936830808,0.02045520702,-0.0148090778,-0
-0.2531074796,0.1127345307,4,0,0,1,0.007272205217,2,0,0,0.05764631786,0.03153379253,-0.01405064507,-0
-0.210300625,0.07132141129,4,0,0,1,0.003636102608,2,0,0,0.05936830808,0.02359108412,-0.009010273561,-0
-0.2736608949,0.04338415851,4,0,0,1,0.007272205217,2,0,0,0.05764631786,0.03409587915,-0.005410334878,-0
-0.2215941446,0.01446138617,4,0,0,1,0.003636102608,2,0,0,0.05936830808,0.02511926782,-0.00259743407,-0
-0.2755647725,-0.02892277234,4,0,0,1,0.007272205217,2,0,0,0.05764631786,0.03433438795,0.003598680696,-0
-0.2177863894,-0.04338415851,4,0,0,1,0.003636102608,2,0,0,0.05936830808,0.02493561493,0.00399241626,-0
-0.2586893663,-0.09925866406,4,0,0,1,0.007272205217,2,0,0,0.05764631786,0.03223306495,0.01236245213,-0
-0.1991368516,-0.09827314449,4,0,0,1,0.003636102608,2,0,0,0.05936830808,0.02305264109,0.01031019002,-0
-0.2241847072,-0.1628302419,4,0,0,1,0.007272205217,2,0,0,0.05764631786,0.02793511184,0.02028374288,-0
-0.1669164665,-0.1464649781,4,0,0,1,0.003636102608,2,0,0,0.05936830808,0.01959866786,0.01592534137,-0
-0.1744022309,-0.2153052078,4,0,0,1,0.007272205217,2,0,0,0.05764631786,0.02173342702,0.02682273007,-0
-0.1233210001,-0.1846754655,4,0,0,1,0.003636102608,2,0,0,0.05936830808,0.0148090778,0.02045520702,-0
-0.1127345307,-0.2531074796,4,0,0,1,0.007272205217,2,0,0,0.05764631786,0.01405064507,0.03153379253,-0
-0.07132141129,-0.210300625,4,0,0,1,0.003636102608,2,0,0,0.05936830808,0.009010273561,0.02359108412,-0
-0.04338415851,-0.2736608949,4,0,0,1,0.007272205217,2,0,0,0.05764631786,0.005410334878,0.03409587915,-0
-0.01446138617,-0.2215941446,4,0,0,1,0.003636102608,2,0,0,0.05936830808,0.00259743407,0.02511926782,-0
0.02892277234,-0.2755647725,4,0,0,1,0.007272205217,2,0,0,0.05764631786,-0.003598680696,0.03433438795,-0
0.04338415851,-0.2177863894,4,-0,0,1,0.003636102608,2,0,0,0.05936830808,-0.00399241626,0.02493561493,-0
0.09925866406,-0.2586893663,4,0,0,1,0.007272205217,2,0,0,0.05764631786,-0.01236245213,0.03223306495,-0
0.09827314449,-0.1991368516,4,-0,0,1,0.003636102608,2,0,0,0.05936830808,-0.01031019002,0.02305264109,-0
0.1628302419,-0.2241847072,4,0,0,1,0.007272205217,2,0,0,0.05764631786,-0.02028374288,0.02793511184,-0
0.1464649781,-0.1669164665,4,-0,0,1,0.003636102608,2,0,0,0.05936830808,-0.01592534137,0.01959866786,-0
0.2153052078,-0.1744022309,4,0,0,1,0.007272205217,2,0,0,0.05764631786,-0.02682273007,0.02173342702,-0
0.1846754655,-0.1233210001,4,-0,0,1,0.003636102608,2,0,0,0.05936830808,-0.02045520702,0.0148090778,-0
0.2531074796,-0.1127345307,4,0,0,1,0.007272205217,2,0,0,0.05764631786,-0.03153379253,0.01405064507,-0
0.210300625,-0.07132141129,4,-0,0,1,0.003636102608,2,0,0,0.05936830808,-0.02359108412,0.009010273561,-0
0.2736608949,-0.04338415851,4,-0,0,1,0.007272205217,2,0,0,0.05764631786,-0.03409587915,0.005410334878,-0
0.2215941446,-0.01446138617,4,0,0,1,0.003636102608,2,0,0,0.05936830808,-0.02511926782,0.00259743407,-0
0.4412844116,0.04338415851,4,0,0,1,0.01090830782,2,0,0,0.05012635817,-0.05440022819,-0.005446438482,-0
0.3816021508,0.07230693086,4,0,-0,1,0.007272205217,2,0,0,0.05299908271,-0.0472024436,-0.007952138718,-0
0.4150193634,0.1561186892,4,0,0,1,0.01090830782,2,0,0,0.05012635817,-0.05113694335,-0.0193406707,-0
0.349884962,0.1686090362,4,0,-0,1,0.007272205217,2,0,0,0.05299908271,-0.04353589439,-0.01989806754,-0
0.3604714314,0.2582139892,4,0,0,1,0.01090830782,2,0,0,0.05012635817,-0.04438876034,-0.03191686818,-0
0.2943236913,0.2534207144,4,0,-0,1,0.007272205217,2,0,0,0.05299908271,-0.03690244592,-0.03048797594,-0
0.2813579672,0.3427124325,4,0,0,1,0.01090830782,2,0,0,0.05012635817,-0.03461555666,-0.04231798383,-0
0.2187047474,0.3209621897,4,0,-0,1,0.007272205217,2,0,0,0.05299908271,-0.02775415675,-0.03900017917,-0
0.1830704224,0.40385559,4,0,-0,1,0.01090830782,2,0,0,0.05012635817,-0.02248336001,-0.04983519882,-0
0.1281814364,0.3666306222,4,0,0,1,0.007272205217,2,0,0,0.05299908271,-0.01671446766,-0.04485458464,-0
0.07230693086,0.4374766563,4,0,-0,1,0.01090830782,2,0,0,0.05012635817,-0.008818959521,-0.05395622737,-0
0.02892277234,0.3873137836,4,0,0,1,0.007272205217,2,0,0,0.05299908271,-0.004535715217,-0.04765222429,-0
-0.04338415851,0.4412844116,4,0,-0,1,0.01090830782,2,0,0,0.05012635817,0.005446438482,-0.05440022819,-0
-0.07230693086,0.3816021508,4,0,0,1,0.007272205217,2,0,0,0.05299908271,0.007952138718,-0.0472024436,-0
-0.1561186892,0.4150193634,4,0,0,1,0.01090830782,2,0,0,0.05012635817,0.0193406707,-0.05113694335,-0
-0.1686090362,0.349884962,4,0,0,1,0.007272205217,2,0,0,0.05299908271,0.01989806754,-0.04353589439,-0
-0.2582139892,0.3604714314,4,0,0,1,0.01090830782,2,0,0,0.05012635817,0.03191686818,-0.04438876034,-0
-0.2534207144,0.2943236913,4,0,0,1,0.007272205217,2,0,0,0.05299908271,0.03048797594,-0.03690244592,-0
-0.3427124325,0.2813579672,4,0,0,1,0.01090830782,2,0,0,0.05012635817,0.04231798383,-0.03461555666,-0
-0.3209621897,0.2187047474,4,0,0,1,0.007272205217,2,0,0,0.05299908271,0.03900017917,-0.02775415675,-0
-0.40385559,0.1830704224,4,0,0,1,0.01090830782,2,0,0,0.05012635817,0.04983519882,-0.02248336001,-0
-0.3666306222,0.1281814364,4,0,0,1,0.007272205217,2,0,0,0.05299908271,0.04485458464,-0.01671446766,-0
-0.4374766563,0.07230693086,4,0,0,1,0.01090830782,2,0,0,0.05012635817,0.05395622737,-0.008818959521,-0
-0.3873137836,0.02892277234,4,0,0,1,0.007272205217,2,0,0,0.05299908271,0.04765222429,-0.004535715217,-0
-0.4412844116,-0.04338415851,4,0,0,1,0.01090830782,2,0,0,0.05012635817,0.05440022819,0.005446438482,-0
-0.3816021508,-0.07230693086,4,0,0,1,0.007272205217,2,0,0,0.05299908271,0.0472024436,0.007952138718,-0
-0.4150193634,-0.1561186892,4,0,0,1,0.01090830782,2,0,0,0.05012635817,0.05113694335,0.0193406707,-0
-0.349884962,-0.1686090362,4,0,0,1,0.007272205217,2,0,0,0.05299908271,0.04353589439,0.01989806754,-0
-0.3604714314,-0.2582139892,4,0,0,1,0.01090830782,2,0,0,0.05012635817,0.04438876034,0.03191686818,-0
-0.2943236913,-0.2534207144,4,0,0,1,0.007272205217,2,0,0,0.05299908271,0.03690244592,0.03048797594,-0
-0.2813579672,-0.3427124325,4,0,0,1,0.01090830782,2,0,0,0.05012635817,0.03461555666,0.04231798383,-0
-0.2187047474,-0.3209621897,4,0,0,1,0.007272205217,2,0,0,0.05299908271,0.02775415675,0.03900017917,-0
-0.1830704224,-0.40385559,4,0,0,1,0.01090830782,2,0,0,0.05012635817,0.02248336001,0.04983519882,-0
-0.1281814364,-0.3666306222,4,0,0,1,0.007272205217,2,0,0,0.05299908271,0.01671446766,0.04485458464,-0
-0.07230693086,-0.4374766563,4,0,0,1,0.01090830782,2,0,0,0.05012635817,0.008818959521,0.05395622737,-0
-0.02892277234,-0.3873137836,4,0,0,1,0.007272205217,2,0,0,0.05299908271,0.004535715217,0.04765222429,-0
0.04338415851,-0.4412844116,4,0,0,1,0.01090830782,2,0,0,0.05012635817,-0.005446438482,0.05440022819,-0
0.07230693086,-0.3816021508,4,-0,0,1,0.007272205217,2,0,0,0.05299908271,-0.007952138718,0.0472024436,-0
0.1561186892,-0.4150193634,4,0,0,1,0.01090830782,2,0,0,0.05012635817,-0.0193406707,0.05113694335,-0
0.1686090362,-0.349884962,4,-0,0,1,0.007272205217,2,0,0,0.05299908271,-0.01989806754,0.04353589439,-0
0.2582139892,-0.3604714314,4,0,0,1,0.01090830782,2,0,0,0.05012635817,-0.03191686818,0.04438876034,-0
0.2534207144,-0.2943236913,4,-0,0,1,0.007272205217,2,0,0,0.05299908271,-0.03048797594,0.03690244592,-0
0.3427124325,-0.2813579672,4,0,0,1,0.01090830782,2,0,0,0.05012635817,-0.04231798383,0.03461555666,-0
0.3209621897,-0.2187047474,4,-0,0,1,0.007272205217,2,0,0,0.05299908271,-0.03900017917,0.02775415675,-0
0.40385559,-0.1830704224,4,-0,0,1,0.01090830782,2,0,0,0.05012635817,-0.04983519882,0.02248336001,-0
0.3666306222,-0.1281814364,4,0,0,1,0.007272205217,2,0,0,0.05299908271,-0.04485458464,0.01671446766,-0
0.4374766563,-0.07230693086,4,-0,0,1,0.01090830782,2,0,0,0.05012635817,-0.05395622737,0.008818959521,-0
0.3873137836,-0.02892277234,4,0,0,1,0.007272205217,2,0,0,0.05299908271,-0.04765222429,0.004535715217,-0
0.6070040506,0.05784554469,4,0,0,1,0.01454441043,2,0,0,0.03911459033,-0.07467542295,-0.007330626367,-0
0.5454179122,0.1012297032,4,0,-0,1,0.01090830782,2,0,0,0.04314533546,-0.0685718159,-0.0115074134,-0
0.5713493605,0.2129787143,4,0,0,1,0.01454441043,2,0,0,0.03911459033,-0.0702336139,-0.02640826299,-0
0.5006330724,0.2389449279,4,0,-0,1,0.01090830782,2,0,0,0.04314533546,-0.06325695019,-0.02886299971,-0
0.4967581557,0.3535977365,4,0,0,1,0.01454441043,2,0,0,0.03911459033,-0.06100550013,-0.04368622014,-0
0.4217309161,0.3603764507,4,0,-0,1,0.01090830782,2,0,0,0.04314533546,-0.05363122786,-0.04425162029,-0
0.3883137035,0.4701196573,4,0,-0,1,0.01454441043,2,0,0,0.03911459033,-0.04761996234,-0.05798703357,-0
0.3140884947,0.4572489139,4,0,0,1,0.01090830782,2,0,0,0.04314533546,-0.04035062598,-0.05662456607,-0
0.2534063141,0.5546037004,4,0,-0,1,0.01454441043,2,0,0,0.03911459033,-0.03098920282,-0.0683361265,-0
0.1850414615,0.5229606193,4,0,0,1,0.01090830782,2,0,0,0.04314533546,-0.02432019562,-0.06513864126,-0
0.1012297032,0.6012924178,4,0,-0,1,0.01454441043,2,0,0,0.03911459033,-0.01224658033,-0.07402822534,-0
0.04338415851,0.5530334226,4,0,0,1,0.01090830782,2,0,0,0.04314533546,-0.006632384116,-0.06921362569,-0
-0.05784554469,0.6070040506,4,0,-0,1,0.01454441043,2,0,0,0.03911459033,0.007330626367,-0.07467542295,-0
-0.1012297032,0.5454179122,4,0,0,1,0.01090830782,2,0,0,0.04314533546,0.0115074134,-0.0685718159,-0
-0.2129787143,0.5713493605,4,0,0,1,0.01454441043,2,0,0,0.03911459033,0.02640826299,-0.0702336139,-0
-0.2389449279,0.5006330724,4,0,0,1,0.01090830782,2,0,0,0.04314533546,0.02886299971,-0.06325695019,-0
-0.3535977365,0.4967581557,4,0,0,1,0.01454441043,2,0,0,0.03911459033,0.04368622014,-0.06100550013,-0
-0.3603764507,0.4217309161,4,0,0,1,0.01090830782,2,0,0,0.04314533546,0.04425162029,-0.05363122786,-0
-0.4701196573,0.3883137035,4,0,0,1,0.01454441043,2,0,0,0.03911459033,0.05798703357,-0.04761996234,-0
-0.4572489139,0.3140884947,4,0,0,1,0.01090830782,2,0,0,0.04314533546,0.05662456607,-0.04035062598,-0
-0.5546037004,0.2534063141,4,0,0,1,0.01454441043,2,0,0,0.03911459033,0.0683361265,-0.03098920282,-0
-0.5229606193,0.1850414615,4,0,0,1,0.01090830782,2,0,0,0.04314533546,0.06513864126,-0.02432019562,-0
-0.6012924178,0.1012297032,4,0,0,1,0.01454441043,2,0,0,0.03911459033,0.07402822534,-0.01224658033,-0
-0.5530334226,0.04338415851,4,0,0,1,0.01090830782,2,0,0,0.04314533546,0.06921362569,-0.006632384116,-0
-0.6070040506,-0.05784554469,4,0,0,1,0.01454441043,2,0,0,0.03911459033,0.07467542295,0.007330626367,-0
-0.5454179122,-0.1012297032,4,0,0,1,0.01090830782,2,0,0,0.04314533546,0.0685718159,0.0115074134,-0
-0.5713493605,-0.2129787143,4,0,0,1,0.01454441043,2,0,0,0.03911459033,0.0702336139,0.02640826299,-0
-0.5006330724,-0.2389449279,4,0,0,1,0.01090830782,2,0,0,0.04314533546,0.06325695019,0.02886299971,-0
-0.4967581557,-0.3535977365,4,0,0,1,0.01454441043,2,0,0,0.03911459033,0.06100550013,0.04368622014,-0
-0.4217309161,-0.3603764507,4,0,0,1,0.01090830782,2,0,0,0.04314533546,0.05363122786,0.04425162029,-0
-0.3883137035,-0.4701196573,4,0,0,1,0.01454441043,2,0,0,0.03911459033,0.04761996234,0.05798703357,-0
-0.3140884947,-0.4572489139,4,0,0,1,0.01090830782,2,0,0,0.04314533546,0.04035062598,0.05662456607,-0
-0.2534063141,-0.5546037004,4,0,0,1,0.01454441043,2,0,0,0.03911459033,0.03098920282,0.0683361265,-0
-0.1850414615,-0.5229606193,4,0,0,1,0.01090830782,2,0,0,0.04314533546,0.02432019562,0.06513864126,-0
-0.1012297032,-0.6012924178,4,0,0,1,0.01454441043,2,0,0,0.03911459033,0.01224658033,0.07402822534,-0
-0.04338415851,-0.5530334226,4,0,0,1,0.01090830782,2,0,0,0.04314533546,0.006632384116,0.06921362569,-0
0.05784554469,-0.6070040506,4,0,0,1,0.01454441043,2,0,0,0.03911459033,-0.007330626367,0.07467542295,-0
0.1012297032,-0.5454179122,4,-0,0,1,0.01090830782,2,0,0,0.04314533546,-0.0115074134,0.0685718159,-0
0.2129787143,-0.5713493605,4,0,0,1,0.01454441043,2,0,0,0.03911459033,-0.02640826299,0.0702336139,-0
0.2389449279,-0.5006330724,4,-0,0,1,0.01090830782,2,0,0,0.04314533546,-0.02886299971,0.06325695019,-0
0.3535977365,-0.4967581557,4,0,0,1,0.01454441043,2,0,0,0.03911459033,-0.04368622014,0.06100550013,-0
0.3603764507,-0.4217309161,4,-0,0,1,0.01090830782,2,0,0,0.04314533546,-0.04425162029,0.05363122786,-0
0.4701196573,-0.3883137035,4,-0,0,1,0.01454441043,2,0,0,0.03911459033,-0.05798703357,0.04761996234,-0
0.4572489139,-0.3140884947,4,0,0,1,0.01090830782,2,0,0,0.04314533546,-0.05662456607,0.04035062598,-0
0.5546037004,-0.2534063141,4,-0,0,1,0.01454441043,2,0,0,0.03911459033,-0.0683361265,0.03098920282,-0
0.5229606193,-0.1850414615,4,0,0,1,0.01090830782,2,0,0,0.04314533546,-0.06513864126,0.02432019562,-0
0.6012924178,-0.1012297032,4,-0,0,1,0.01454441043,2,0,0,0.03911459033,-0.07402822534,0.01224658033,-0
0.5530334226,-0.04338415851,4,0,0,1,0.01090830782,2,0,0,0.04314533546,-0.06921362569,0.006632384116,-0
0.7727236896,0.07230693086,4,0,0,1,0.01818051304,2,0,0,0.02455607392,-0.09542679475,-0.009139470273,-0
0.7092336736,0.1301524755,4,0,-0,1,0.01454441043,2,0,0,0.02977209366,-0.08939238323,-0.01512951975,-0
0.7276793576,0.2698387394,4,0,0,1,0.01818051304,2,0,0,0.02455607392,-0.0898097366,-0.03352632227,-0
0.6513811828,0.3092808196,4,0,-0,1,0.01454441043,2,0,0,0.02977209366,-0.08243060378,-0.03775044513,-0
0.6330448799,0.4489814838,4,0,0,1,0.01818051304,2,0,0,0.02455607392,-0.07807229332,-0.05562841081,-0
0.5491381408,0.467332187,4,0,-0,1,0.01454441043,2,0,0,0.02977209366,-0.06985131491,-0.05779874007,-0
0.4952694398,0.597526882,4,0,-0,1,0.01818051304,2,0,0,0.02455607392,-0.06101435227,-0.07393951508,-0
0.409472242,0.5935356381,4,0,0,1,0.01454441043,2,0,0,0.02977209366,-0.05251177436,-0.07390814638,-0
0.3237422058,0.7053518107,4,0,-0,1,0.01818051304,2,0,0,0.02455607392,-0.03979838394,-0.08721176359,-0
0.2419014866,0.6792906164,4,0,0,1,0.01454441043,2,0,0,0.02977209366,-0.03159364317,-0.08498083466,-0
0.1301524755,0.7651081792,4,0,-0,1,0.01818051304,2,0,0,0.02455607392,-0.01587022152,-0.09454067454,-0
0.05784554469,0.7187530617,4,0,0,1,0.01454441043,2,0,0,0.02977209366,-0.008522457403,-0.09026221949,-0
-0.07230693086,0.7727236896,4,0,-0,1,0.01818051304,2,0,0,0.02455607392,0.009139470273,-0.09542679475,-0
-0.1301524755,0.7092336736,4,0,0,1,0.01454441043,2,0,0,0.02977209366,0.01512951975,-0.08939238323,-0
-0.2698387394,0.7276793576,4,0,0,1,0.01818051304,2,0,0,0.02455607392,0.03352632227,-0.0898097366,-0
-0.3092808196,0.6513811828,4,0,0,1,0.01454441043,2,0,0,0.02977209366,0.03775044513,-0.08243060378,-0
-0.4489814838,0.6330448799,4,0,0,1,0.01818051304,2,0,0,0.02455607392,0.05562841081,-0.07807229332,-0
-0.467332187,0.5491381408,4,0,0,1,0.01454441043,2,0,0,0.02977209366,0.05779874007,-0.06985131491,-0
-0.597526882,0.4952694398,4,0,0,1,0.01818051304,2,0,0,0.02455607392,0.07393951508,-0.06101435227,-0
-0.5935356381,0.409472242,4,0,0,1,0.01454441043,2,0,0,0.02977209366,0.07390814638,-0.05251177436,-0
-0.7053518107,0.3237422058,4,0,0,1,0.01818051304,2,0,0,0.02455607392,0.08721176359,-0.03979838394,-0
-0.6792906164,0.2419014866,4,0,0,1,0.01454441043,2,0,0,0.02977209366,0.08498083466,-0.03159364317,-0
-0.7651081792,0.1301524755,4,0,0,1,0.01818051304,2,0,0,0.02455607392,0.09454067454,-0.01587022152,-0
-0.7187530617,0.05784554469,4,0,0,1,0.01454441043,2,0,0,0.02977209366,0.09026221949,-0.008522457403,-0
-0.7727236896,-0.07230693086,4,0,0,1,0.01818051304,2,0,0,0.02455607392,0.09542679475,0.009139470273,-0
-0.7092336736,-0.1301524755,4,0,0,1,0.01454441043,2,0,0,0.02977209366,0.08939238323,0.01512951975,-0
-0.7276793576,-0.2698387394,4,0,0,1,0.01818051304,2,0,0,0.02455607392,0.0898097366,0.03352632227,-0
-0.6513811828,-0.3092808196,4,0,0,1,0.01454441043,2,0,0,0.02977209366,0.08243060378,0.03775044513,-0
-0.6330448799,-0.4489814838,4,0,0,1,0.01818051304,2,0,0,0.02455607392,0.07807229332,0.05562841081,-0
-0.5491381408,-0.467332187,4,0,0,1,0.01454441043,2,0,0,0.02977209366,0.06985131491,0.05779874007,-0
-0.4952694398,-0.597526882,4,0,0,1,0.01818051304,2,0,0,0.02455607392,0.06101435227,0.07393951508,-0
-0.409472242,-0.5935356381,4,0,0,1,0.01454441043,2,0,0,0.02977209366,0.05251177436,0.07390814638,-0
-0.3237422058,-0.7053518107,4,0,0,1,0.01818051304,2,0,0,0.02455607392,0.03979838394,0.08721176359,-0
-0.2419014866,-0.6792906164,4,0,0,1,0.01454441043,2,0,0,0.02977209366,0.03159364317,0.08498083466,-0
-0.1301524755,-0.7651081792,4,0,0,1,0.01818051304,2,0,0,0.02455607392,0.01587022152,0.09454067454,-0
-0.05784554469,-0.7187530617,4,0,0,1,0.01454441043,2,0,0,0.02977209366,0.008522457403,0.09026221949,-0
0.07230693086,-0.7727236896,4,0,0,1,0.01818051304,2,0,0,0.02455607392,-0.009139470273,0.09542679475,-0
0.1301524755,-0.7092336736,4,-0,0,1,0.01454441043,2,0,0,0.02977209366,-0.01512951975,0.08939238323,-0
0.2698387394,-0.7276793576,4,0,0,1,0.01818051304,2,0,0,0.02455607392,-0.03352632227,0.0898097366,-0
0.3092808196,-0.6513811828,4,-0,0,1,0.01454441043,2,0,0,0.02977209366,-0.03775044513,0.08243060378,-0
0.4489814838,-0.6330448799,4,0,0,1,0.01818051304,2,0,0,0.02455607392,-0.05562841081,0.07807229332,-0
0.467332187,-0.5491381408,4,-0,0,1,0.01454441043,2,0,0,0.02977209366,-0.05779874007,0.06985131491,-0
0.597526882,-0.4952694398,4,-0,0,1,0.01818051304,2,0,0,0.02455607392,-0.07393951508,0.06101435227,-0
0.5935356381,-0.409472242,4,0,0,1,0.01454441043,2,0,0,0.02977209366,-0.07390814638,0.05251177436,-0
0.7053518107,-0.3237422058,4,-0,0,1,0.01818051304,2,0,0,0.02455607392,-0.08721176359,0.03979838394,-0
0.6792906164,-0.2419014866,4,0,0,1,0.01454441043,2,0,0,0.02977209366,-0.08498083466,0.03159364317,-0
0.7651081792,-0.1301524755,4,-0,0,1,0.01818051304,2,0,0,0.02455607392,-0.09454067454,0.01587022152,-0
0.7187530617,-0.05784554469,4,0,0,1,0.01454441043,2,0,0,0.02977209366,-0.09026221949,0.008522457403,-0
0.9384433287,0.08676831703,4,0,0,1,0.02181661565,2,0,0,0.0061355287,-0.1207621471,-0.01265049291,-0
0.8730494351,0.1590752479,4,0,-0,1,0.01818051304,2,0,0,0.01273153127,-0.1112350359,-0.01881670363,-0
0.8840093547,0.3266987645,4,0,0,1,0.02181661565,2,0,0,0.0061355287,-0.1133730882,-0.04347498141,-0
0.8021292932,0.3796167114,4,0,-0,1,0.01818051304,2,0,0,0.01273153127,-0.1025746727,-0.04696528579,-0
0.7693316041,0.5443652311,4,0,-0,1,0.02181661565,2,0,0,0.0061355287,-0.09825784072,-0.07133672177,-0
0.6765453656,0.5742879233,4,0,0,1,0.01818051304,2,0,0,0.01273153127,-0.0869240151,-0.07191326133,-0
0.6022251761,0.7249341068,4,0,-0,1,0.02181661565,2,0,0,0.0061355287,-0.07644648378,-0.09433698243,-0
0.5048559893,0.7298223623,4,0,0,1,0.01818051304,2,0,0,0.01273153127,-0.06534962948,-0.09196046696,-0
0.3940780975,0.8560999211,4,0,-0,1,0.02181661565,2,0,0,0.0061355287,-0.04942542531,-0.1109083336,-0
0.2987615118,0.8356206135,4,0,0,1,0.01818051304,2,0,0,0.01273153127,-0.03932177461,-0.1057407187,-0
0.1590752479,0.9289239406,4,0,-0,1,0.02181661565,2,0,0,0.0061355287,-0.01903610577,-0.1199214652,-0
0.07230693086,0.8844727007,4,0,0,1,0.01818051304,2,0,0,0.01273153127,-0.01061420578,-0.1123149153,-0
-0.08676831703,0.9384433287,4,0,-0,1,0.02181661565,2,0,0,0.0061355287,0.01265049291,-0.1207621471,-0
-0.1590752479,0.8730494351,4,0,0,1,0.01818051304,2,0,0,0.01273153127,0.01881670363,-0.1112350359,-0
-0.3266987645,0.8840093547,4,0,0,1,0.02181661565,2,0,0,0.0061355287,0.04347498141,-0.1133730882,-0
-0.3796167114,0.8021292932,4,0,0,1,0.01818051304,2,0,0,0.01273153127,0.04696528579,-0.1025746727,-0
-0.5443652311,0.7693316041,4,0,0,1,0.02181661565,2,0,0,0.0061355287,0.07133672177,-0.09825784072,-0
-0.5742879233,0.6765453656,4,0,0,1,0.01818051304,2,0,0,0.01273153127,0.07191326133,-0.0869240151,-0
-0.7249341068,0.6022251761,4,0,0,1,0.02181661565,2,0,0,0.0061355287,0.09433698243,-0.07644648378,-0
-0.7298223623,0.5048559893,4,0,0,1,0.01818051304,2,0,0,0.01273153127,0.09196046696,-0.06534962948,-0
-0.8560999211,0.3940780975,4,0,0,1,0.02181661565,2,0,0,0.0061355287,0.1109083336,-0.04942542531,-0
-0.8356206135,0.2987615118,4,0,0,1,0.01818051304,2,0,0,0.01273153127,0.1057407187,-0.03932177461,-0
-0.9289239406,0.1590752479,4,0,0,1,0.02181661565,2,0,0,0.0061355287,0.1199214652,-0.01903610577,-0
-0.8844727007,0.07230693086,4,0,0,1,0.01818051304,2,0,0,0.01273153127,0.1123149153,-0.01061420578,-0
-0.9384433287,-0.08676831703,4,0,0,1,0.02181661565,2,0,0,0.0061355287,0.1207621471,0.01265049291,-0
-0.8730494351,-0.1590752479,4,0,0,1,0.01818051304,2,0,0,0.01273153127,0.1112350359,0.01881670363,-0
-0.8840093547,-0.3266987645,4,0,0,1,0.02181661565,2,0,0,0.0061355287,0.1133730882,0.04347498141,-0
-0.8021292932,-0.3796167114,4,0,0,1,0.01818051304,2,0,0,0.01273153127,0.1025746727,0.04696528579,-0
-0.7693316041,-0.5443652311,4,0,0,1,0.02181661565,2,0,0,0.0061355287,0.09825784072,0.07133672177,-0
-0.6765453656,-0.5742879233,4,0,0,1,0.01818051304,2,0,0,0.01273153127,0.0869240151,0.07191326133,-0
-0.6022251761,-0.7249341068,4,0,0,1,0.02181661565,2,0,0,0.0061355287,0.07644648378,0.09433698243,-0
-0.5048559893,-0.7298223623,4,0,0,1,0.01818051304,2,0,0,0.01273153127,0.06534962948,0.09196046696,-0
-0.3940780975,-0.8560999211,4,0,0,1,0.02181661565,2,0,0,0.0061355287,0.04942542531,0.1109083336,-0
-0.2987615118,-0.8356206135,4,0,0,1,0.01818051304,2,0,0,0.01273153127,0.03932177461,0.1057407187,-0
-0.1590752479,-0.9289239406,4,0,0,1,0.02181661565,2,0,0,0.0061355287,0.01903610577,0.1199214652,-0
-0.07230693086,-0.8844727007,4,0,0,1,0.01818051304,2,0,0,0.01273153127,0.01061420578,0.1123149153,-0
0.08676831703,-0.9384433287,4,0,0,1,0.02181661565,2,0,0,0.0061355287,-0.01265049291,0.1207621471,-0
0.1590752479,-0.8730494351,4,-0,0,1,0.01818051304,2,0,0,0.01273153127,-0.01881670363,0.1112350359,-0
0.3266987645,-0.8840093547,4,0,0,1,0.02181661565,2,0,0,0.0061355287,-0.04347498141,0.1133730882,-0
0.3796167114,-0.8021292932,4,-0,0,1,0.01818051304,2,0,0,0.01273153127,-0.04696528579,0.1025746727,-0
0.5443652311,-0.7693316041,4,-0,0,1,0.02181661565,2,0,0,0.0061355287,-0.07133672177,0.09825784072,-0
0.5742879233,-0.6765453656,4,0,0,1,0.01818051304,2,0,0,0.01273153127,-0.07191326133,0.0869240151,-0
0.7249341068,-0.6022251761,4,-0,0,1,0.02181661565,2,0,0,0.0061355287,-0.09433698243,0.07644648378,-0
0.7298223623,-0.5048559893,4,0,0,1,0.01818051304,2,0,0,0.01273153127,-0.09196046696,0.06534962948,-0
0.8560999211,-0.3940780975,4,-0,0,1,0.02181661565,2,0,0,0.0061355287,-0.1109083336,0.04942542531,-0
0.8356206135,-0.2987615118,4,0,0,1,0.01818051304,2,0,0,0.01273153127,-0.1057407187,0.03932177461,-0
0.9289239406,-0.1590752479,4,-0,0,1,0.02181661565,2,0,0,0.0061355287,-0.1199214652,0.01903610577,-0
0.8844727007,-0.07230693086,4,0,0,1,0.01818051304,2,0,0,0.01273153127,-0.1123149153,0.01061420578,-0
